mfcc_1,mfcc_2,mfcc_3,mfcc_4,mfcc_5,mfcc_6,mfcc_7,mfcc_8,mfcc_9,mfcc_10,mfcc_11,mfcc_12,mfcc_13,tempo,spectral_centroid,zcr,rms,label
-113.619385,121.55303,-19.151056,42.345768,-6.3711677,18.613033,-13.69206,15.339378,-12.283617,10.973776,-8.32241,8.8067875,-3.665802,123.046875,1784.416545970319,0.08306639113293343,0.130192,blues
-207.58151,123.99715,8.939115,35.870758,2.9199703,21.518787,-8.555368,23.355938,-10.101037,11.906445,-5.5581226,5.3759418,-2.2378328,67.99958881578948,1529.8713140945188,0.056044256724071206,0.095891684,blues
-90.776344,140.44861,-29.10056,31.68734,-13.975971,25.741682,-13.644712,11.623112,-11.77592,9.700466,-13.115349,5.7857633,-8.899733,161.4990234375,1552.6377863181908,0.07630074799245357,0.17549369,blues
-199.462,150.09473,5.649167,26.870144,1.7554408,14.23688,-4.8288727,9.297849,-0.7531419,8.147393,-3.1952357,6.085354,-2.4761884,63.02400914634146,1070.1100585189854,0.03330894446594427,0.14113921,blues
-160.29185,126.19577,-35.6025,22.151169,-32.48764,10.862022,-23.357162,0.50052303,-11.8047695,1.2038773,-13.085074,-2.8098493,-6.935621,135.99917763157896,1835.5070084014953,0.1015001421004257,0.0915404,blues
-177.88876,118.18953,-17.55073,30.753101,-21.732107,11.898545,-20.73228,3.176169,-8.57577,-0.94018424,-11.773799,-2.426076,-9.342486,69.83741554054055,1831.9900685948742,0.09403986975135449,0.10343772,blues
-190.17502,130.29242,-36.348473,33.02909,11.085681,-0.5963725,-20.882357,0.2771159,-6.5008707,-5.515623,-7.8452888,-3.123599,-6.595716,71.77734375,1459.0353761872718,0.07302790308146284,0.1416879,blues
-179.42007,136.4421,-26.644339,39.97959,5.3018146,10.921237,-20.555347,8.507477,-11.35436,-3.4690983,-8.414114,-6.956977,-3.5483484,92.28515625,1451.8494584581754,0.06143500266060371,0.13174523,blues
-121.387115,122.505394,-14.739394,46.135292,-8.160384,20.17051,-19.169321,23.050188,-11.825939,21.17341,-6.7202907,7.0050187,-12.739911,83.35433467741936,1719.2739373344168,0.06402757957623839,0.14236063,blues
-213.20453,115.15454,-11.720504,39.032555,-20.357819,13.089926,-9.180816,9.023639,-14.101023,4.283337,-6.0441957,3.786368,0.22368738,80.74951171875,1817.529546414671,0.0792153184258901,0.08132098,blues
-173.71587,137.14024,-23.767645,26.991734,-16.687658,4.214371,-12.582616,5.8545575,-2.8846714,-1.1866823,-1.9771532,1.8001543,-3.0044107,161.4990234375,1410.675357056213,0.06298072271671827,0.14286481,blues
-287.92355,123.97102,5.4561224,33.684544,1.0892011,14.704721,-4.898606,8.653276,0.7827978,6.5667357,-4.87944,-3.1806588,-5.557003,161.4990234375,1353.3291189300633,0.04395891785990712,0.065684564,blues
-207.20874,132.79709,-15.460706,60.99486,0.7102411,12.461279,1.1609277,-1.5278946,-17.901815,8.369234,-2.4538186,-0.5966887,0.36881658,184.5703125,1361.1004062354928,0.06912392064144737,0.11902389,blues
-209.7822,124.46592,10.285805,47.030174,6.4823856,15.417021,-2.0100777,6.735786,-21.54862,10.728498,-5.532432,-2.202038,-3.0517268,107.666015625,1324.3317542217217,0.051417300575657895,0.11318897,blues
-305.69858,113.04164,12.1149,45.039444,17.739239,14.59463,4.157129,0.24009785,-7.013088,13.649845,8.923058,1.3016899,5.9521284,151.99908088235293,1172.2763008557504,0.045045834945820436,0.06693625,blues
-238.53304,120.08829,-4.2245555,42.310043,5.9163294,13.914182,5.3575773,1.9037088,-16.92988,12.339311,3.9409604,-1.390677,0.01479212,103.359375,1420.4114787701458,0.0637176797116873,0.080638945,blues
-233.79489,120.66705,-3.1675608,39.53927,3.8588552,18.839672,-3.6889172,4.431845,-14.975374,17.571033,1.8447447,2.538607,-1.2386856,198.76802884615384,1455.0424713768246,0.061350725014512386,0.08141902,blues
-245.7541,140.48093,-2.7714393,60.42012,18.9254,9.837099,3.5665774,0.5361875,-16.36736,6.6298547,7.269149,-4.015731,1.6074536,172.265625,1088.7781161784512,0.04832397083010836,0.09325911,blues
-252.51877,104.93699,15.316828,42.673477,6.7626176,21.623579,-1.3132769,5.6919327,-16.619516,12.161627,-1.9679495,1.9697651,-0.88895833,83.35433467741936,1537.56091926741,0.056131935710139316,0.07964064,blues
-236.6889,138.40428,-4.923575,47.647713,5.1523767,8.895284,0.4828563,-3.801668,-14.974891,10.432587,-0.35396168,0.7883457,1.7829305,123.046875,1195.4133983085592,0.05887114817143963,0.09763429,blues
-230.42657,127.100525,7.1453543,39.784317,1.9449425,17.40534,-5.639429,8.25213,-18.104385,13.842513,-3.760913,2.5718598,-4.3208055,135.99917763157896,1389.9522837601053,0.05256015080785604,0.07535405,blues
-264.67847,138.85834,11.156024,48.538254,14.895925,20.584368,3.2051423,1.2625881,-15.847021,15.986576,3.3616717,-1.513741,1.892155,99.38401442307692,1046.7275070203577,0.04793735185274768,0.101118095,blues
-233.85751,136.17209,3.2713184,48.931213,8.685134,13.97951,5.354868,0.39087027,-13.504575,16.856106,5.130938,-2.2318795,3.9640331,95.703125,1156.2023631215009,0.05861340218653251,0.1134315,blues
-227.26886,137.7307,-14.493466,63.555702,5.612641,11.984639,1.885552,-1.8633766,-7.6205554,-2.4471745,-2.8867247,-9.429529,-10.923913,184.5703125,1210.4571260262846,0.052482675841718264,0.101914905,blues
-274.31186,130.41371,-6.3928003,70.405014,13.269141,9.461283,7.7256403,-1.2474908,-0.57758844,-2.3025885,3.783147,0.08482337,-0.93943614,103.359375,1120.3909802285903,0.047297899937113,0.08696161,blues
-249.2894,130.98703,0.67739016,66.68578,17.897806,4.6237364,6.5983086,1.24905,1.4163893,-1.579142,-0.9626631,-3.5719957,-2.9279816,92.28515625,1109.721378629315,0.05172493288022446,0.089179605,blues
-284.69736,108.8052,9.088283,51.22274,18.091757,7.612261,8.779499,2.362829,0.005786246,2.2509663,4.2050996,-3.293317,1.6082983,83.35433467741936,1198.754498572217,0.051987591911764705,0.076938555,blues
-228.25067,130.3444,-23.29129,70.1721,1.1422709,7.6024475,0.90993816,1.9782515,-6.167008,-9.396024,-2.5628405,-4.522894,-0.26295033,92.28515625,1391.4439037459135,0.07235897288602941,0.09572528,blues
-248.98674,139.0672,-16.2825,57.117985,20.192654,10.188038,4.5439763,0.3312788,-7.87795,-3.4479153,-2.646489,-2.8313823,-0.9021666,103.359375,1115.541195251936,0.04802843217879257,0.09958247,blues
-233.75082,101.178276,17.649765,23.733782,2.0820305,25.941927,-16.958853,15.098037,-22.278717,4.3951244,-23.207405,-6.057174,-5.068858,129.19921875,1649.2877536970097,0.05292636174535604,0.124669306,blues
-206.96808,117.792984,23.23588,28.297827,-1.1239153,18.862036,-21.949682,17.849985,-25.585644,2.1299253,-17.794416,-8.015903,-17.607277,151.99908088235293,1378.96577648813,0.03937580120452786,0.17003015,blues
-221.83113,110.83949,18.616821,30.920137,3.295923,22.587362,-20.416351,12.118736,-26.350498,-4.367485,-26.413198,-13.0451,-12.654766,151.99908088235293,1331.0365912698594,0.04296723829334365,0.1515323,blues
-288.8077,105.89604,18.777039,23.710392,5.7118816,25.549088,-13.47376,12.428972,-11.942034,1.5714257,-15.63591,-6.6506157,-11.713253,143.5546875,1309.6646971460584,0.03939318583107585,0.101156905,blues
-239.03807,108.65722,34.151894,30.23917,-0.47574326,27.292637,-21.379398,14.150509,-24.510178,-1.8840464,-28.050291,-11.256651,-16.47693,151.99908088235293,1430.5981944868504,0.04196988982681889,0.13312429,blues
-217.23868,105.792366,15.617071,25.256382,-1.4402742,30.18982,-17.71522,17.318172,-27.209528,4.339167,-20.059492,-10.695945,-14.220667,184.5703125,1536.7310778930728,0.04570040392801858,0.13591798,blues
-171.8102,120.280624,15.327536,21.090452,-5.4192986,24.189468,-24.138222,18.551985,-22.348906,1.3031794,-20.763931,-4.9888506,-17.118929,129.19921875,1507.1047288496127,0.045430186363196595,0.17330876,blues
-200.19609,116.34013,18.00621,25.313564,0.29173443,24.192476,-22.255909,11.186425,-26.848732,-7.6384597,-24.889929,-12.015525,-17.017954,151.99908088235293,1247.4080160193944,0.03690378289473684,0.19774859,blues
-328.68088,102.71113,19.895552,26.732681,7.151481,22.704802,-6.9743266,12.781994,-10.7257805,-0.4336611,-12.373165,-8.907053,-9.2401085,123.046875,1188.1011591132924,0.04816032858455882,0.069129966,blues
-192.69382,111.18816,21.37331,26.392143,-0.64837533,23.48088,-25.470797,16.924429,-16.979984,5.79015,-25.725246,-5.045352,-17.632244,86.1328125,1513.5200525685514,0.044378038530379256,0.1680856,blues
-301.70715,111.53472,21.896408,16.14818,8.19624,22.085073,-8.614954,1.4815573,-17.084373,-8.345809,-17.013063,-10.57562,-15.689096,117.45383522727273,1151.3780299215705,0.03533878857875387,0.08583747,blues
-110.284325,90.705605,-2.528311,74.052734,-11.746768,39.214577,-13.1743,20.531588,-17.167608,12.827254,-21.434446,5.952132,-8.032604,172.265625,2272.517619263623,0.09765700585332818,0.13483502,blues
-107.18975,88.47057,-4.1777873,55.48549,-8.01038,38.416542,-6.402575,28.576523,-19.820787,13.252739,-19.239794,12.076225,-4.583088,129.19921875,2390.7715766040615,0.10228887504837461,0.12912002,blues
-159.56772,69.78482,-4.3918796,76.851135,3.9159086,45.167534,-4.867353,32.200516,-9.796341,7.812512,-21.826967,9.68244,-2.5915892,89.10290948275862,2302.0756478879343,0.09786448759191177,0.11095126,blues
-109.195,100.62705,-8.620549,47.36422,-6.559237,39.620792,-8.523994,29.564737,-16.583515,13.170685,-24.20932,6.5919027,-8.641899,129.19921875,2155.6312958781195,0.08716538373161764,0.12724723,blues
-109.53234,86.9265,-8.624988,64.4895,-6.3060327,43.64582,-8.293101,28.546427,-14.08159,8.136633,-21.490425,11.086615,-5.094467,135.99917763157896,2279.265543032408,0.09257049088138544,0.136178,blues
-163.24313,89.78489,12.977459,80.69248,3.6667745,39.74513,-5.4003787,26.49867,-13.163737,2.7070131,-20.552906,6.0071893,-2.9081323,129.19921875,1739.0461604116058,0.048051863631965945,0.14830446,blues
-182.66501,90.68653,14.118146,67.55459,2.6876106,38.431614,-8.420627,24.123554,-13.787512,4.8449693,-16.676622,5.823079,-5.1492887,123.046875,1912.443629773089,0.05842595056114551,0.1025371,blues
-149.97588,93.640755,6.3362436,71.51115,-8.113178,36.212017,-9.784973,17.641598,-21.119005,-0.12590301,-22.20099,5.435663,-7.4677796,151.99908088235293,2013.364449506875,0.07534497145897832,0.11219596,blues
-106.34815,102.64147,-20.172258,59.37521,-9.967278,33.70612,-14.182176,23.516735,-13.329085,16.02607,-18.923176,7.8317676,-7.8003836,123.046875,2148.749819335174,0.09881232766544118,0.12392563,blues
-255.97383,110.82752,21.460571,67.588135,4.288311,43.11846,-4.508348,10.442597,-8.718592,1.6548898,-20.58779,-2.430674,-7.144061,123.046875,1318.6237037811225,0.03997292533378483,0.08856345,blues
-83.00168,107.06744,-25.32368,57.122074,0.08129869,34.708904,-11.047215,20.53328,-11.220151,14.839782,-10.229966,12.542858,-9.772627,135.99917763157896,1945.6207939267476,0.08580598152089783,0.18233933,blues
-55.59663,114.9512,-37.06935,64.90438,-7.164943,15.254702,-16.23533,18.643576,-9.752286,21.46539,-5.6520977,12.78424,-16.537031,99.38401442307692,1977.1089040094187,0.1066270952254257,0.19665055,blues
-225.30031,117.64152,-14.544606,64.80238,12.931657,19.029236,10.688534,9.883124,-2.382837,11.688008,1.5453439,3.049367,-7.628483,151.99908088235293,1443.2688618053,0.06719384916795666,0.098878264,blues
-76.75777,105.77048,-43.208836,60.950108,-8.791272,21.24678,-12.877674,18.621216,-11.3991165,14.550057,-6.057422,12.74034,-9.374367,103.359375,2171.1586190945404,0.13280229598006965,0.16826628,blues
-58.0011,109.01412,-36.218388,64.04036,1.4301568,26.315119,-17.482681,20.431019,-9.543071,18.177134,-6.057144,13.878273,-11.2975645,89.10290948275862,2030.3725287964605,0.10338599615421827,0.20081738,blues
-98.69757,104.80118,-35.10867,60.695045,-2.839327,22.231003,-7.8374567,19.03072,-11.578803,17.021759,-5.3873515,12.199111,-9.960819,135.99917763157896,2032.120014161525,0.11316673822078173,0.15775262,blues
-145.42918,102.859566,-12.5421295,56.96205,2.247263,26.607046,-4.2670345,17.337631,-7.9970355,15.232127,-6.937478,7.4603834,-10.468326,161.4990234375,1810.9603368829585,0.07547951335139319,0.13766219,blues
-92.76854,115.340775,-35.060043,57.853596,1.8453199,26.61206,-14.544862,22.132044,-8.207085,11.007707,-5.644094,7.2728615,-10.202147,92.28515625,1886.705706255258,0.08992387045278638,0.17587894,blues
-95.45586,105.22937,-26.962673,60.836983,-4.847295,21.54521,-13.523774,12.135234,-20.232872,12.151344,-5.229753,10.264026,-9.45371,107.666015625,2068.327653288622,0.10437162889415634,0.16195586,blues
-86.25098,91.9421,-23.4035,68.2495,-3.8901277,22.74218,-9.895618,16.891766,-11.393833,18.429016,-7.011848,10.766728,-11.93729,107.666015625,2235.921973430139,0.14228825524864552,0.16994148,blues
-67.805534,111.709366,-34.657303,61.34179,0.045181416,30.571093,-12.704326,21.166828,-13.13489,16.2878,-6.343271,12.295478,-12.483006,151.99908088235293,1946.5344115984576,0.09745368130804953,0.19614176,blues
-82.485886,94.170334,-27.139204,75.66251,-27.52998,35.58903,-20.298962,25.121317,-15.379852,11.346787,-13.4022875,8.153382,-8.504349,129.19921875,2503.952796432079,0.16758439858262383,0.14170721,blues
-144.99365,95.742805,-21.61032,49.62971,-29.898346,29.358595,-18.849941,17.890139,-9.674273,5.5135674,-9.5545635,6.3690124,-21.091816,112.34714673913044,2279.808618295741,0.11714895148026316,0.10619286,blues
-129.11397,72.11977,-7.7658463,49.26091,-32.721973,21.608433,-27.37464,15.002844,-10.258776,12.437438,-17.034569,7.118173,-18.020405,92.28515625,2839.267572265232,0.15435583155959753,0.096282795,blues
-85.17353,88.81205,-16.331642,59.223236,-35.993603,14.391535,-22.306257,9.651897,-14.823916,11.181605,-14.808832,8.478196,-19.59089,78.30255681818181,2553.2225631938227,0.14685171971749225,0.11736054,blues
-118.37033,74.86732,-19.869467,46.947586,-32.569054,23.835135,-26.374111,17.692514,-13.826244,11.946739,-17.888779,7.555982,-22.900583,107.666015625,2816.7459196931127,0.14631846519446595,0.10030478,blues
-116.546364,97.444626,-13.895614,48.974857,-22.594566,27.76544,-20.240068,18.63935,-14.6516695,8.481434,-16.655897,11.001678,-13.869425,161.4990234375,2340.3362115325717,0.1217751517753483,0.11046952,blues
-95.46325,101.38038,-20.697004,48.66807,-30.27181,20.812763,-18.313585,14.14687,-12.79889,13.44428,-14.0782,7.732656,-19.232273,161.4990234375,2258.530501284298,0.11276500217685759,0.12903935,blues
-113.19473,88.70587,-8.925186,49.48269,-34.573833,15.864125,-17.744791,14.710542,-11.202,15.367768,-15.07657,8.7476635,-18.631788,161.4990234375,2513.747081320468,0.13514619715073528,0.103048086,blues
-121.42954,96.12303,-19.616804,48.020565,-38.80819,24.758066,-32.945824,8.104195,-17.81152,6.1132855,-19.998335,6.7939243,-19.340662,78.30255681818181,2370.9632922676196,0.12514096664570434,0.11654019,blues
-133.0444,105.72737,-22.146265,41.81865,-26.996668,19.124523,-26.56932,19.24604,-15.334524,6.9896555,-10.818551,6.7937427,-11.729829,143.5546875,2159.5483196611644,0.0983489895752709,0.10612649,blues
-89.391495,93.78779,-14.57109,54.391533,-33.51502,19.421158,-19.763674,13.022463,-13.869496,14.611718,-14.970264,10.589299,-18.023413,73.828125,2429.3359591758494,0.13468663832720587,0.12049466,blues
-118.68192,87.62362,6.558794,45.09805,-38.915707,20.813005,-26.863337,13.798009,-17.23861,5.1101575,-15.709853,3.981842,-27.549044,103.359375,2595.2893633321164,0.12924562814434984,0.10387338,blues
-30.129288,103.7448,-19.76573,56.411625,-12.72487,20.194227,-17.348097,16.309156,-18.444427,8.932052,-11.661623,11.210426,-8.851256,99.38401442307692,2094.775833910308,0.10056968665344428,0.2596552,blues
-56.03289,87.84067,-1.6012412,41.205364,-5.620271,27.784927,-24.002584,21.768122,-18.42899,12.328123,-13.717032,11.850819,-3.9822721,112.34714673913044,2515.8691600222824,0.12091612446787926,0.19690311,blues
-86.33549,92.7005,-15.399187,54.052013,0.8667875,31.560293,-14.622711,23.325447,-14.978637,15.339354,-7.0493617,12.182225,-6.110912,117.45383522727273,2225.176865828166,0.10858664497871517,0.19203044,blues
-52.701164,74.455414,-18.715458,56.307217,-3.9593265,31.987156,-16.45779,22.41769,-12.262029,27.228352,-9.233885,7.8071027,-10.567175,117.45383522727273,2645.5300364910313,0.1364685625483746,0.2189702,blues
-29.039146,104.53732,-30.978956,38.154423,-7.991592,30.89167,-20.596235,25.83078,-12.959671,16.941612,-12.263682,10.786708,-10.564546,99.38401442307692,2206.7704721917903,0.11152578064531733,0.24310125,blues
-2.5510156,101.25787,-33.92729,41.518402,-13.815158,31.920723,-21.868599,24.458948,-15.881364,15.794475,-14.372409,12.507439,-13.373967,123.046875,2333.7163897098894,0.12386319659442724,0.25794896,blues
-3.5590715,92.92779,-25.118544,45.18721,-10.871894,31.86242,-18.057922,28.628012,-10.234054,14.673487,-14.906988,14.751648,-15.609783,78.30255681818181,2443.2389164951205,0.12473545133513932,0.2707483,blues
-54.747242,119.48588,-34.86474,37.537148,-15.886235,22.081097,-14.668315,18.534313,-9.643757,11.258853,-11.732052,11.539119,-6.4307194,117.45383522727273,1827.1513096464714,0.09403873597136223,0.24234188,blues
-26.955238,107.34024,-46.812206,40.932655,-21.469862,24.816854,-18.947702,15.260987,-15.0442505,12.270949,-15.239539,14.331287,-13.830045,103.359375,2116.8942510812694,0.12727247303115324,0.24817622,blues
-29.400257,108.69148,-25.5899,38.440144,-18.353867,21.7857,-25.172712,22.406965,-17.606058,14.675623,-12.086358,5.462191,-7.70603,123.046875,2141.332015271235,0.10515129160216719,0.25125322,blues
-19.893549,98.89588,-24.47666,49.585854,-16.200876,30.19781,-18.029512,27.554832,-11.405636,14.877994,-8.908682,11.671264,-10.886021,135.99917763157896,2314.8192389666888,0.11795053393479102,0.25118035,blues
-38.994843,112.03825,-31.817707,38.240677,-6.320669,23.330563,-18.778877,23.932188,-10.934216,13.2348585,-14.38119,13.326929,-10.921999,112.34714673913044,2061.202741434345,0.11339689555921052,0.23509325,blues
-180.14874,131.41078,0.5733361,43.165672,14.135554,25.621378,-5.315874,12.034328,-13.538714,-1.0941218,-7.614392,2.7180743,0.774272,143.5546875,1312.3500760815823,0.059416496347716716,0.15017585,blues
-212.8154,139.06923,9.454341,35.44627,12.709544,20.417665,-5.5739527,10.893662,-8.731713,8.055455,0.1637971,2.6417468,-1.0257349,123.046875,1245.5817719137372,0.04882661329334365,0.12492373,blues
-155.51651,125.655754,1.5753217,45.82987,0.9089945,25.391241,-10.813493,15.574149,-11.929207,1.271778,-6.6615033,-0.7791248,-7.7492247,172.265625,1441.9992540972155,0.050889337025928794,0.15801172,blues
-194.27953,151.85118,-1.1928875,39.1946,16.582485,18.252386,-1.3991611,14.87771,-11.616781,2.4488766,-5.0791736,3.9416006,-0.9037844,172.265625,1006.8779768813248,0.03206556574109907,0.14201057,blues
-346.88687,139.24796,24.084862,22.264013,18.64784,11.657903,9.017679,6.977828,-2.0233011,5.420398,1.6508169,-2.3530061,3.193639,107.666015625,798.568445037982,0.025639678671633127,0.052771624,blues
-177.48735,115.33375,9.963014,54.05621,7.6156197,28.31573,-9.070212,20.05844,-15.045549,6.2224917,-5.688931,1.3798959,-5.843507,143.5546875,1613.4333911575964,0.058235853449109906,0.13184188,blues
-236.38347,161.695,-1.1533349,27.288706,9.581351,20.619047,0.2341277,13.796684,-0.50091976,10.18543,-4.4546185,5.5080886,-3.7167213,63.02400914634146,991.1502533354555,0.03605269204721362,0.09938009,blues
-332.30798,128.08076,28.825216,41.83606,31.234665,23.35822,5.7872233,8.996202,-3.8611279,3.739,-0.8690583,-0.43693066,1.4746559,83.35433467741936,918.3602069536549,0.03231802075270898,0.06304374,blues
-350.3589,169.54633,31.780231,16.713755,28.661758,19.24909,7.8467,10.039795,4.742695,2.915623,3.8965418,1.8103498,-5.970981,58.72691761363637,570.1506880585581,0.021700549051857584,0.06589097,blues
-206.28116,126.62033,10.590663,43.21572,12.4949,19.41366,0.35196817,12.730944,-4.5792894,4.0580115,-4.4092126,3.663423,-1.4560473,103.359375,1239.687998670662,0.05090785543246904,0.14092092,blues
-130.58153,139.9749,-1.2707357,39.310425,-6.3536644,19.767843,-11.213425,27.243687,-16.53454,7.0218787,-1.2004069,1.6136367,-6.6290407,135.99917763157896,1388.4454872380973,0.05714742465654025,0.18706326,blues
-314.58218,139.91444,11.862516,30.102106,-7.5390353,14.907039,-2.6808994,6.701544,-6.395509,2.8176138,-11.706482,2.0630279,-11.438628,143.5546875,1132.5184226709684,0.048313766810178016,0.05132765,blues
-148.6477,145.73776,-9.363346,48.451443,10.54387,18.014605,-2.6345782,16.958082,-11.506824,8.731703,-8.173254,3.2235358,-0.67975885,117.45383522727273,1236.606352338598,0.04462595842202012,0.19820397,blues
-90.70722,100.10759,-23.924429,52.588306,-20.928015,31.502182,-11.213113,20.094328,-10.915236,17.563923,-14.097336,12.994508,-11.420426,123.046875,2310.1410834053427,0.12842590520994582,0.12533903,blues
-177.19162,136.2142,-26.910713,36.372784,-18.759426,20.905872,-1.7765746,3.0159326,-5.5994096,5.6345954,-8.114803,5.645384,-10.786549,92.28515625,1538.9317922233738,0.07479924535603716,0.10503796,blues
-268.18002,135.68788,-34.07107,25.634863,-12.970324,17.894695,-9.997608,5.6292233,-14.146461,7.497626,-3.9705248,8.258684,-1.3527372,95.703125,1505.3776997189811,0.09824505974264706,0.03624397,classical
-324.09195,133.59413,-25.021385,24.567686,-11.939837,17.660225,-5.5225825,1.7202383,-10.571336,-0.8508674,-7.797243,3.5256078,5.046798,112.34714673913044,1360.5964481029573,0.0877715781008127,0.030614555,classical
-235.30643,141.13675,-34.679047,30.99717,-16.400242,23.120686,-11.043703,7.6586423,-19.017239,4.236546,-11.835344,8.918065,-1.442469,99.38401442307692,1490.0147947114058,0.09004972003192724,0.043840673,classical
-326.89987,127.39418,-30.584469,37.475746,-5.291166,20.806992,-1.7857137,-4.6031647,-4.048745,5.2380347,-0.6428717,2.8008628,7.245895,71.77734375,1526.5606707346662,0.10895172213622291,0.029436052,classical
-259.96228,118.93238,-35.606533,31.990017,-16.53549,10.620698,-15.65591,7.4423375,-5.810465,8.268948,-18.018595,-1.1994923,-6.346673,161.4990234375,1705.7324266471085,0.1128666644494969,0.04228822,classical
-264.2774,138.15092,-30.101551,37.82423,-7.1801786,6.7829356,-11.8189,4.712041,-9.843633,5.8637476,-9.573777,2.6703956,-4.796442,143.5546875,1431.5423062932691,0.07523877406636997,0.04325064,classical
-295.74353,134.53831,-22.449306,40.759247,-5.8759794,9.276347,-11.875942,6.294929,-8.866929,4.406289,-9.378154,4.06138,1.6256827,99.38401442307692,1372.8214993768145,0.07292321739551083,0.03322204,classical
-286.86823,135.91835,-24.436617,36.66117,-6.2452145,6.9629345,-8.168272,3.8440666,-4.398346,6.4327855,-4.1305766,1.549041,-4.3528376,215.33203125,1358.926260249797,0.07314694998065016,0.040846772,classical
-292.15292,127.763664,-29.909023,37.442085,-9.556902,5.1130486,-13.823929,7.0317283,-7.0326324,6.4920025,-9.904401,4.713663,0.37483165,135.99917763157896,1516.6480402419818,0.07878788336880804,0.034031406,classical
-356.14395,139.79286,-6.286766,43.188293,-8.879337,11.050314,-8.393051,4.41852,-8.283711,8.682832,-8.135775,3.4271078,-1.440631,234.90767045454547,1216.426225125279,0.05627025686919505,0.023789303,classical
-315.04453,128.73926,-28.93491,30.839514,-8.996638,7.9901075,-9.846989,1.441412,-8.973623,6.049842,-3.320935,7.609508,3.7989612,103.359375,1497.0762956940562,0.08621640987809598,0.029503612,classical
-385.26584,177.27786,-9.337663,24.373219,5.8054414,-4.563062,-6.356949,-6.9578943,-4.127428,3.8580673,-0.3582021,-0.9461222,-3.67056,151.99908088235293,949.3765619854879,0.06072601223877709,0.02149812,classical
-362.7139,143.93861,-18.981813,30.657846,1.0281465,0.28484532,-7.9897437,-3.8509774,-8.94467,3.2497702,-4.4546375,3.649625,4.933547,95.703125,1179.9891396444557,0.06593875471652477,0.03140695,classical
-343.13556,140.08688,-20.911034,32.33219,-3.6868103,2.9435577,-10.66953,0.3191029,-5.784346,7.688079,-3.6771078,2.553818,-3.4980676,129.19921875,1388.2456582676334,0.08088953354779412,0.031721637,classical
-324.6391,147.82701,-31.937817,27.408855,-4.508828,-4.165105,-12.588299,-5.1182966,-7.741826,0.8432943,-8.195583,-0.822447,1.0045,143.5546875,1279.5500532331514,0.0684731309258901,0.03160188,classical
-449.51437,124.97361,-19.919233,27.45221,-5.775594,2.2272975,-6.5527916,10.601105,3.3547378,14.393793,1.9887378,5.250284,4.426795,83.35433467741936,1371.6170328582264,0.07575237640286378,0.011429043,classical
-482.67636,154.86115,-5.025982,29.73767,-1.8687441,8.223096,-4.7659545,9.646515,-3.3353899,4.5322237,-10.103474,-0.6667129,-2.4448435,99.38401442307692,1054.4585145386827,0.04766448880127709,0.008008791,classical
-311.51123,148.66138,-33.509113,10.361734,-12.907805,1.2325778,-12.908661,0.8045732,-9.738699,2.0689793,-5.106063,6.7442927,4.615777,89.10290948275862,1358.9070916597766,0.08111553369291796,0.03737135,classical
-405.6831,145.69487,-0.82672554,23.067648,9.22531,-2.6439388,-5.750473,-2.0919251,-0.6470632,6.759229,2.8076077,2.446449,5.0846725,161.4990234375,1158.0012026973075,0.07066888484423374,0.018668028,classical
-475.86765,141.53087,-8.475215,33.992065,0.5255777,6.034853,0.02793133,9.537156,2.1625168,7.0820994,-8.048426,-0.10827334,0.78827393,95.703125,1184.5272815945475,0.057591488486842105,0.007990337,classical
-300.9405,161.08626,-24.240719,27.966188,-2.8622553,2.3875616,-11.273426,0.22528104,-6.841877,6.0946074,-8.138312,-1.8053259,-4.110151,143.5546875,1218.4372978528554,0.0698128809500774,0.0384091,classical
-278.22952,147.87563,-31.567955,20.35228,-9.5826435,-6.244679,-13.601204,-0.66615534,-7.274475,1.0198703,-11.758481,-0.9619851,-2.2164092,135.99917763157896,1371.3696318927568,0.07956679022349071,0.045445524,classical
-278.78244,160.01924,-28.398985,23.062634,-2.6952755,3.0099838,-11.293977,-0.50866956,-11.364047,3.1734755,-5.107195,4.339189,-4.0708914,107.666015625,1211.2151185706325,0.06844629813273993,0.047890313,classical
-406.96542,163.13947,-2.413815,32.456657,7.907838,9.677142,-5.489042,9.523497,-3.1028214,10.209687,-10.385391,-5.3867087,-8.080066,95.703125,983.7618406456091,0.044227245791408666,0.017124044,classical
-223.17725,163.24625,-34.416225,24.187868,-10.304307,3.2287347,-12.884593,0.8050691,-14.284255,1.6726216,-10.143484,0.24415678,-4.545105,151.99908088235293,1253.132223438827,0.07164771490421827,0.0666634,classical
-221.28345,173.33664,-37.456543,24.362452,-8.687614,3.3857913,-12.841177,1.0815359,-15.328135,0.42323717,-9.623609,2.292809,-4.4855638,129.19921875,1184.0658218421813,0.068293993687113,0.06411321,classical
-319.33237,143.66473,-31.164366,10.908863,-5.5538907,-4.265031,-8.95256,-5.58349,-8.020538,2.3426132,-4.4772716,-0.31978726,0.9748614,161.4990234375,1278.574558748878,0.08174818292859908,0.038869526,classical
-366.25018,181.5994,-5.5262704,27.008371,-4.8321323,4.6107154,-10.542602,0.1676211,-11.139511,3.584806,-10.332784,-1.078434,-4.5973077,135.99917763157896,901.7856877463795,0.05344941224845201,0.028412972,classical
-228.95734,153.97128,-30.685274,20.8126,-6.08023,1.1724141,-10.7886915,-3.8824687,-11.589583,0.88214755,-8.279238,-0.7267745,-3.104451,161.4990234375,1313.7853629984959,0.08109777113970588,0.06258049,classical
-297.24658,130.27441,-30.589977,27.486969,-7.054992,1.9900562,-11.125771,4.752086,-8.771536,5.4152317,-5.3753324,4.4642715,1.7346499,135.99917763157896,1558.898531652407,0.09221523981714397,0.041575287,classical
-315.67807,149.66841,-30.59499,23.221498,-8.699832,-10.104396,-15.733575,-4.047281,-7.652163,0.04623177,-11.143896,-7.67045,-5.8706336,117.45383522727273,1243.720620928661,0.06372448239164087,0.029729722,classical
-374.0075,172.44232,6.4029856,20.150894,5.8518014,1.590955,-6.710564,-1.1913427,-0.29050222,0.33312535,-6.55182,-7.3002505,-7.3283706,112.34714673913044,822.4267361319853,0.03945743336397059,0.026797185,classical
-498.60873,177.52312,11.209716,27.63433,-2.8418257,5.090956,-6.604384,-1.0570544,-4.144494,-3.0533733,-9.90994,-8.573808,-9.189356,103.359375,792.835553815877,0.03658178937693499,0.008043457,classical
-429.10315,120.74545,-1.6823527,17.948557,7.7335906,-2.0437233,-3.941744,-2.536047,-0.5834436,-0.7965369,-9.051198,-3.6899388,-0.9829521,95.703125,1128.3232351038582,0.05439309512867647,0.012357474,classical
-309.24283,138.64113,-29.713259,33.618786,-0.37825698,5.2437377,-6.3323126,3.2807326,-6.714091,-0.6922032,-13.243887,-8.528504,-9.668246,123.046875,1369.6932279666041,0.07356796028444272,0.038916074,classical
-319.78223,165.98755,-11.918571,27.240343,7.8435597,1.7273006,-7.849843,-2.4120853,-2.9088755,-2.5311303,-11.365741,-4.613611,-4.487359,151.99908088235293,1016.4245653368089,0.06115495900251548,0.040571712,classical
-419.26315,127.44508,-3.7823565,23.200216,-4.3346996,4.030428,-8.209103,-7.6188607,-7.0756884,-2.9239516,-7.409898,-5.437336,-9.099496,107.666015625,1281.8143785370296,0.059410449521091334,0.016008371,classical
-275.37598,125.30793,-41.05129,24.607311,-4.788928,-4.253849,-15.021034,-5.045092,-5.0018373,2.4730597,-10.894701,-8.017638,-5.1663785,161.4990234375,1534.2936138496052,0.09395219076528638,0.04150091,classical
-276.03903,146.35081,-36.591625,24.200794,-2.5551605,-2.1697466,-13.303985,-6.504971,-9.398983,-3.1274788,-11.537067,-4.1871166,-1.6895955,151.99908088235293,1279.1711367505463,0.07583589819562693,0.04430227,classical
-409.53445,116.80004,-16.164232,11.717685,0.7060147,6.006949,-4.274456,0.49547678,0.43389052,12.597706,-1.1140983,-1.140323,4.957852,161.4990234375,1633.4096731773413,0.10895928066950464,0.012813881,classical
-358.65674,129.08748,-30.39764,19.88953,-10.38638,-0.652045,-10.611145,1.5420542,-3.9753864,1.8689036,-8.83354,-7.1676545,-8.212757,107.666015625,1396.6924270627298,0.0726431737374226,0.01974107,classical
-368.46594,124.26599,-31.582449,17.601763,2.3229303,-5.9495974,-11.807772,-5.547481,-5.407887,-1.3051713,-8.427182,-3.613824,2.2061696,123.046875,1329.2649559947513,0.07881698372194272,0.021296714,classical
-160.33943,164.12074,-48.87504,1.5913547,-7.591044,-2.631471,-11.077547,-7.0276327,-8.120849,1.2311883,-5.4963484,-4.222176,-5.458137,198.76802884615384,1327.3486451321814,0.09385279605263158,0.13462317,classical
-249.54944,161.56836,10.129535,-3.0705645,-0.59651774,-2.083659,-12.191772,-8.60149,-14.638914,-12.049384,-12.300341,-7.1745567,-7.891679,129.19921875,1063.472218094083,0.051040885618227554,0.11537952,classical
-402.22232,154.00491,-15.211343,15.294042,-3.0777786,-3.1944375,-9.778082,-17.310207,-12.3065605,-7.9146423,-7.082757,-0.28117207,1.5458184,80.74951171875,1181.5125561645536,0.07170553768382353,0.017927846,classical
-170.88661,157.03914,-21.966076,5.244653,-4.092412,-3.6912694,-8.810494,-4.8575964,-7.874582,-5.4110103,-9.373978,-6.623613,-7.811286,184.5703125,1175.9242233254756,0.0622955416747291,0.13858975,classical
-85.26499,118.42306,-31.47277,20.282015,-4.4177094,6.9225974,-10.950942,-1.6200852,-7.367901,-3.0172997,-4.4372005,-1.4064466,-4.2463684,129.19921875,1878.7740300458224,0.11161308170472137,0.115102775,classical
-436.84235,154.1132,-19.859337,20.183603,3.1647444,0.44639224,-6.530639,-4.6033387,-10.0562525,-6.1532865,-4.529443,-2.7835946,-5.23532,123.046875,1173.9310654516082,0.06632537369388544,0.009494158,classical
-123.763306,148.43001,-21.551395,17.444748,-1.4088038,4.1782947,-6.9904447,-5.103337,-5.795701,5.0631213,-6.247765,-1.9818286,-0.96844095,172.265625,1516.0858565701667,0.087271581124226,0.16088608,classical
-98.35358,98.35551,-20.49053,18.820034,-2.095781,2.665037,-7.3115172,-3.5901136,-7.989525,-1.9183744,-4.731997,0.62377596,-2.5930848,103.359375,2224.8938399288413,0.10944642813951239,0.12373418,classical
-449.6218,151.50313,-12.74668,44.27039,6.244759,4.053898,-1.4805393,-1.6240758,-2.4867768,-4.282386,-9.653202,-1.3421049,0.14638375,107.666015625,1170.1422672261847,0.049492898002128485,0.007965068,classical
-230.27237,119.15338,-1.0512211,28.384491,10.00878,16.125824,4.793946,6.192379,0.95159554,5.915187,-1.1755239,3.5739167,-2.0996544,135.99917763157896,1527.645526264714,0.06010507872968266,0.08052824,classical
-186.42809,86.65457,-15.711971,14.741793,-2.2158978,6.271489,-0.8879223,0.66504693,-6.0883217,-5.2136736,-7.8659334,-1.7187319,-4.7045016,161.4990234375,2411.9327529379098,0.12697013169988391,0.05548111,classical
-119.304375,149.57779,-43.31768,24.636248,-5.609388,10.784379,-2.8926942,0.78330255,-6.5456386,4.388039,-1.2940493,1.3600911,-1.0813608,215.33203125,1465.595382672086,0.0879189694998065,0.13980983,classical
-106.22088,127.37078,-45.286133,31.277216,4.30544,-5.068433,-16.129375,14.690696,-7.9120975,-1.2216625,2.9819393,17.464767,-4.072009,95.703125,1712.466255822982,0.11627820844620743,0.17533353,classical
-484.0267,144.1299,1.3964741,8.07553,4.933926,-2.3170042,-2.7469437,-6.8448114,-10.147136,-8.056599,-7.1516705,-10.563926,-7.787432,78.30255681818181,1079.9035739320507,0.059341288941563465,0.0130498,classical
-81.13433,129.09853,-42.534824,33.17631,5.6636167,-6.40225,-2.2610986,7.3734436,-18.71801,2.4979706,3.7862802,1.9323549,-10.066779,95.703125,1680.101088819283,0.09672579455301858,0.1898476,classical
-367.15607,112.80696,-18.74737,10.16273,-1.6047246,3.8029544,0.92235404,5.067149,-5.3725705,-9.522553,-8.495644,-1.7838283,1.2991318,107.666015625,1751.7302668488421,0.09525792738970588,0.016770324,classical
-349.95245,161.85112,-3.3711894,14.167042,5.733972,3.5160558,2.9774914,-7.090642,-7.917532,-0.36460096,2.8495579,-2.4810457,-6.7919483,143.5546875,1137.9529528789749,0.08186836360777863,0.029987613,classical
-197.15273,137.3531,-34.18893,25.362162,-5.2665973,-2.777788,-9.506929,-7.6099863,-7.644685,-5.6678395,-4.3867764,-5.4302173,-3.5417912,117.45383522727273,1551.8652270368914,0.09329951141640867,0.069151305,classical
-166.43155,122.135544,-32.106792,16.685278,-5.400679,-2.487123,-9.832806,-4.9005094,-6.974422,-4.571057,-6.6684146,-5.497281,-5.3725696,123.046875,1803.525958968436,0.10401637782991487,0.0687404,classical
-274.38638,148.3534,-20.334352,21.812437,7.930838,3.775937,-2.232816,-6.1013494,-5.629294,-6.689498,-5.906605,-4.5950003,-1.5465238,151.99908088235293,1322.6998486991345,0.07612614587364551,0.048178677,classical
-305.4226,135.9234,-11.752712,18.215021,10.3890505,3.0129588,-5.5959153,0.1417254,-1.3495618,-1.8677533,-3.2052636,-6.742522,-2.694418,89.10290948275862,1474.8137600109778,0.07404603751451239,0.0389268,classical
-465.86432,180.2054,56.636234,11.02556,5.8447804,0.7319183,-3.974208,-5.888048,-8.464273,-9.792967,-7.6927004,-3.2534184,-1.8652483,95.703125,690.354003458877,0.036054203753869966,0.020152481,classical
-498.68024,145.66777,46.47074,15.253132,3.067774,-0.8257451,-5.210668,-6.1987047,-3.8057752,0.088642135,2.7183185,2.2182074,0.2439275,89.10290948275862,1118.511667300541,0.04229906395123839,0.012561125,classical
-421.71585,172.79298,28.108301,-2.576975,-3.565678,-4.865174,-8.889884,-10.696762,-7.6852007,-7.9576297,-7.334867,-2.717175,-0.9175329,123.046875,828.825494001674,0.047511806428986066,0.029191138,classical
-429.35043,175.13577,31.91132,4.2821155,1.0457517,-5.7668777,-9.477814,-11.283073,-10.581982,-8.664747,-6.3338895,-1.6819392,0.81892616,135.99917763157896,795.1394730921776,0.04503222958591331,0.03171597,classical
-413.57153,143.4208,31.354317,14.031839,1.528158,-2.2939954,-6.4803357,-8.104998,-5.9279113,-4.468454,-2.7899306,-0.814875,-1.2128332,143.5546875,1117.9494607534973,0.046355350836880804,0.031677265,classical
-234.41783,130.25517,-39.531147,19.335638,-6.793275,-5.1301126,-3.7073677,-4.0360165,-5.0718775,-1.3683323,-7.73577,-4.382001,0.4652056,83.35433467741936,1559.8986812117996,0.09520237217008513,0.057378534,classical
-321.1795,136.29668,-28.299364,31.01146,0.5664159,0.23202676,0.65548575,-1.3426684,-0.05769706,-0.4247515,-6.180906,-0.14451797,-0.4561171,69.83741554054055,1349.5963387962488,0.079280321812113,0.029149206,classical
-321.19263,134.53426,-18.235277,22.17988,0.42954096,-3.805615,0.4953531,-1.1447424,-1.9025486,-0.105402045,-2.755518,0.5932068,2.4970195,161.4990234375,1355.999780696475,0.07085595854295666,0.031904,classical
-269.69882,136.47507,-25.00176,26.395002,0.6870048,-5.3817058,-1.1201948,-1.5102577,-0.16106205,-3.7851603,-9.287218,-3.1484404,1.6416065,143.5546875,1396.7861186062223,0.07585706208881579,0.05169907,classical
-360.83704,138.98073,-12.931411,33.80207,7.5938,-1.7090735,1.0358474,4.07697,3.9310114,0.9335502,0.50411147,4.682115,3.340199,117.45383522727273,1285.1523138296154,0.06374980347813468,0.020721398,classical
-306.78555,152.90353,-27.586826,16.319193,-3.155099,-8.931759,-5.4318347,-9.781289,-7.1121745,0.29346597,0.87182903,5.4160614,8.195814,129.19921875,1211.3527919075634,0.07093910240905572,0.043812327,classical
-289.8248,143.90314,-26.996418,24.06762,-1.144999,-6.2989807,-2.7494168,-3.5280802,-3.0203989,-3.146495,-7.2563243,-1.6778028,3.0785978,161.4990234375,1360.0001055902917,0.07211672189434984,0.037271157,classical
-412.95926,138.51984,-19.262383,34.146683,8.975063,-4.2944713,4.152583,0.8819504,3.0793788,0.12249623,-4.0571847,3.7797232,5.917003,117.45383522727273,1171.8444805151357,0.0608847414376935,0.016478458,classical
-238.59631,149.78308,-28.872143,28.239666,-0.8014045,-3.9247715,-2.135668,-4.334019,-4.1872807,-3.438998,-5.771543,-0.12075116,2.5199795,172.265625,1340.3686109090386,0.07171347414376934,0.05884206,classical
-477.97784,155.31071,12.760653,5.525207,2.3770728,-10.652259,-16.648241,-12.547405,-11.190111,-9.378248,-3.2180305,-2.767349,-6.4684463,161.4990234375,811.9966754623425,0.04834475679663313,0.016752148,classical
-552.1063,173.36296,26.35445,14.122476,7.259276,-7.084969,-5.859201,-10.342716,-11.022791,-9.200838,-8.827268,-4.9302998,-3.6547005,67.99958881578948,715.4772961169858,0.04129340109810371,0.006631079,classical
-437.5252,170.9714,7.386171,-3.1087053,0.7773015,-11.135056,-12.523807,-6.900928,-5.850053,-8.45572,-8.472509,-8.329373,-7.3738,143.5546875,790.4782247441857,0.05211230771091331,0.01884352,classical
-549.6238,156.95288,6.6107106,34.415283,13.258632,5.755012,5.051405,-3.000975,2.066576,3.0773382,2.016796,3.2401438,5.666261,143.5546875,973.5547961720958,0.031537602191369966,0.0052696657,classical
-374.73544,153.82092,-21.555332,20.830206,7.003569,-3.9481635,-2.52159,-2.8035054,-4.2827654,-4.499873,-5.7614007,-4.259625,-3.8435433,151.99908088235293,1214.3345474841144,0.06055896865325077,0.016512703,classical
-264.05682,142.12021,-51.35426,5.0189214,-20.266205,-17.137806,-16.06992,-20.311367,-15.042228,-9.738146,-8.402028,-11.775308,-6.8804574,117.45383522727273,1415.3111880468286,0.08737929022349071,0.04296314,classical
-338.7873,190.10437,-16.304815,3.7044492,-0.44790432,-8.884474,-10.400301,-16.36604,-13.285849,-10.799828,-8.649679,-8.285074,-4.6188025,117.45383522727273,853.4404819807542,0.05079296572658669,0.041872445,classical
-369.13687,171.89467,-27.26967,6.0176663,-0.14046475,-10.669235,-11.915658,-10.193318,-11.368732,-10.511279,-8.377622,-9.789241,-5.0547614,112.34714673913044,1002.3644432557223,0.05794825125773994,0.021968717,classical
-246.21837,149.44388,-41.973816,11.606412,-10.287587,-4.0184045,-7.1389446,-10.137027,-9.425965,-7.1766233,-3.1531367,-5.6295013,-2.5816011,107.666015625,1525.6012665401886,0.09158788155476007,0.038878046,classical
-283.4352,159.55325,-29.518969,18.540627,-9.879667,-3.4205968,-10.990982,-9.78434,-8.296976,-4.2428293,-2.8664072,-5.9698157,-4.0209274,99.38401442307692,1356.517262209537,0.07686121323529412,0.031511255,classical
-393.0342,190.77562,-13.312164,8.263633,1.5518676,-11.080791,-11.244869,-13.998271,-10.620688,-9.390383,-4.6135573,-10.067737,-4.8152575,123.046875,876.9626952356745,0.051046554518188854,0.021436756,classical
-299.7918,157.32382,-37.35202,15.766813,-5.7569356,-4.454066,-6.8151817,-10.736592,-9.884847,-8.157444,-5.422234,-7.8400235,-2.7306187,103.359375,1302.9045959121115,0.07053623258513932,0.028229875,classical
-301.92847,57.542442,-59.13327,33.542343,-20.91211,17.741282,-0.64305013,49.023754,19.130112,27.098505,-17.633902,-0.26254943,-3.7518337,99.38401442307692,2423.3992282999484,0.16668644482875386,0.03511974,classical
-326.31674,85.9087,-42.98692,31.837812,-19.576056,9.992609,-16.461275,10.00038,-8.599359,25.513212,6.5387473,16.400177,3.502858,95.703125,2172.514738800756,0.151986231375774,0.023853911,classical
-251.3183,88.73774,-41.7524,37.908646,-12.024273,21.6241,-5.8539314,25.719715,-5.185972,14.301182,-7.5509515,10.46478,-4.9288926,92.28515625,2192.7057790195913,0.1524378537393576,0.04471866,classical
-299.7126,103.67623,-27.657272,51.028336,12.27966,16.508783,-10.941353,-0.89493376,3.8351672,12.960477,-12.398089,2.464722,5.1784368,95.703125,1807.4309138096603,0.13095801385932662,0.08413399,classical
-207.37747,117.60778,-41.404255,13.253087,-1.6882402,15.53232,-10.36277,-1.8636898,-12.762171,7.0103326,-0.78136885,2.0718129,-8.264468,135.99917763157896,1623.829997897825,0.10825822670762383,0.08248694,classical
-385.7943,128.62302,-26.731682,39.48326,-2.173462,16.760435,-5.7341957,14.724416,-3.0906632,12.3112545,-5.892707,2.792582,3.6800177,184.5703125,1424.1018503760445,0.07015490458107586,0.013991359,classical
-422.60803,89.84974,-18.716208,37.78641,6.0167494,4.1617346,-1.9914649,12.111292,4.1678967,13.7912655,2.8296854,5.886289,6.122228,86.1328125,1800.6383191622836,0.12435714674438854,0.0135638025,classical
-203.61938,111.205956,-51.536655,39.485825,-10.562026,11.9137125,-13.181607,15.123319,-7.2917,13.3770485,-7.313064,3.8404083,-3.7820065,135.99917763157896,1932.8371720042155,0.11752045339106038,0.05697671,classical
-280.7256,122.72234,-14.398866,26.855799,1.351974,5.9942274,-13.104071,3.3753622,-11.5543375,5.1937947,-1.0517689,2.7634668,0.06284401,103.359375,1494.1405636701372,0.08592124915344428,0.036704183,classical
-287.521,101.73793,-35.369,41.282764,-12.745123,17.284992,-13.978298,16.311884,-5.599028,13.664283,-8.790592,-0.057105947,-13.769377,184.5703125,1953.012399218445,0.1234924505369582,0.029099641,classical
-378.73932,126.49872,-18.81513,42.875813,-14.305189,25.342688,-14.64103,18.704288,-10.188718,21.10809,4.437038,18.225647,-10.274281,95.703125,1524.8987119782062,0.08068318558920279,0.010497971,classical
-23.184357,70.25887,3.818911,28.329025,13.76447,5.725915,3.9781454,7.4515567,2.6495175,8.495177,-2.2885163,2.0798767,-3.3781197,86.1328125,2797.969870734425,0.10713729622194272,0.24838431,country
-8.001197,62.728,-1.4580805,28.115849,9.9723625,9.353735,5.420156,9.825023,3.0283053,8.426978,0.31103772,6.545156,0.7390594,129.19921875,2937.8328051469803,0.12698751632643188,0.23043084,country
-120.72672,79.31613,5.453445,34.812138,16.550335,13.15254,6.2395873,9.984545,-1.9874377,6.7651973,-6.290685,0.27700412,-6.7018785,83.35433467741936,2307.5397576425735,0.0741337165005805,0.14610802,country
-57.75979,95.76648,-10.109319,40.979637,13.979035,-0.9898583,-0.18847127,7.4250784,-3.6333375,9.545139,-2.9410644,2.4362514,1.9947803,161.4990234375,2174.1604935047117,0.1025643835864938,0.2042707,country
-20.78135,62.950428,2.3044403,30.773718,6.973462,6.5058117,6.3236365,9.873086,3.4352968,9.372202,-0.404158,7.5194154,-0.98427397,117.45383522727273,2966.1571589936843,0.12416100280572756,0.2093933,country
-24.692423,62.388382,-7.7689857,28.530289,10.947266,5.6092887,0.03292085,13.834209,3.0137305,9.866081,0.81874436,5.8707213,-1.2669299,129.19921875,2926.865766278933,0.13645079999516255,0.20384075,country
-23.146042,71.35541,1.3973159,24.474508,16.34997,4.5169725,-3.9798617,18.038275,-3.358467,2.474037,2.9799597,0.83682466,-1.1464859,112.34714673913044,2800.214423030315,0.12843724300986842,0.21448013,country
-20.81746,64.90752,6.7671013,26.357126,11.665423,13.185629,-1.9791069,8.582197,0.4728952,7.441096,-0.41490942,6.945586,3.6606066,103.359375,2898.787368032488,0.11293582502902477,0.24406008,country
-19.72382,76.66849,-4.8497195,32.24758,7.6701546,17.224527,-1.4669178,9.14332,2.7177043,9.111842,-2.6976073,7.5035057,0.33303133,66.25600961538461,2506.169376457896,0.10473972946497678,0.27419725,country
12.1632,58.97738,0.91886276,26.749128,9.254704,3.5763056,1.5831511,8.648173,0.97104156,11.627411,-2.1597261,1.1948514,0.47236934,95.703125,3191.4845774083215,0.15687886996904024,0.23653284,country
-197.73268,106.509026,-4.4345403,37.64394,-0.860655,-0.9555023,-3.448015,-0.05124232,-9.299326,-5.164658,-4.2450776,-3.5471113,-1.3499807,80.74951171875,1861.184983990783,0.07651125314434984,0.07468149,country
-199.09448,61.186787,9.970173,23.455229,10.266042,0.021369107,8.005175,1.1249683,-4.8876796,9.501938,-6.344292,3.8612273,1.6283535,112.34714673913044,2838.2033521252542,0.11010515431501548,0.07848472,country
-141.02312,123.89308,-2.4948008,27.972536,0.012813225,1.216624,-11.020721,-1.3764036,-7.020709,-6.1189513,-5.1924863,-2.168428,-4.5938888,89.10290948275862,1667.8626239303642,0.06406763980263158,0.12687828,country
-126.18547,77.63614,3.1659162,19.95085,10.833183,0.72669667,5.2176957,-0.49295196,-0.9993631,5.3890133,-3.735502,-3.5004709,-5.3318467,129.19921875,2812.414612083667,0.12956497617550308,0.080029346,country
-124.6331,72.52177,16.71368,18.248219,12.224788,8.088155,7.9822283,-0.5219015,2.3674657,-0.5643611,-5.5733914,0.5387731,-5.067154,135.99917763157896,2951.9486784809105,0.12474225401509288,0.09264681,country
-116.17638,111.72996,-5.2455125,33.995697,-12.458564,4.2506166,-14.428153,8.494948,-8.19823,-1.3456504,-12.559847,-5.005492,-2.1499324,151.99908088235293,1959.337324250709,0.09426624782314241,0.104739495,country
-210.17336,139.61768,-16.979992,58.003025,-9.654812,-1.9645076,-18.001234,-8.207505,-11.778446,-7.882443,0.60710543,-9.965226,-6.466774,107.666015625,1425.8089845409772,0.06017386138254644,0.07976905,country
-171.339,137.35457,7.9645786,28.539564,2.7081969,-0.5015101,-2.9561005,-1.1593422,-6.1596603,-2.4005284,-5.853389,-2.1666093,-5.3437123,89.10290948275862,1469.7849502285726,0.06385600087074303,0.08870292,country
-131.14856,102.99637,-11.533306,17.739641,16.962389,4.435607,1.2965345,3.4184601,-1.4990547,1.6171722,-7.983499,-0.8249754,-8.876752,86.1328125,2068.772763718777,0.09561053296729877,0.09677969,country
-256.06357,163.10161,-22.872879,26.93337,15.301942,-3.50522,4.2170873,-0.79301673,-9.463185,1.7569615,-4.423062,-3.6401737,-4.252334,83.35433467741936,1138.6702901800775,0.050959631385448914,0.08205686,country
-161.09123,74.70691,22.421598,46.01199,5.2690363,25.11239,-0.58642936,10.375497,-6.830219,5.0498123,-0.76978654,1.4022417,-6.0112886,103.359375,2409.267879260446,0.08685812935371517,0.10520261,country
-209.38939,167.1398,-20.865452,36.817654,10.305034,3.9740636,-5.6623545,-4.6380916,-6.2379713,-4.1778646,-6.688475,-3.2634768,-7.9670053,107.666015625,1043.9737111043523,0.04559534031540248,0.1098368,country
-195.12416,114.29301,0.0014294131,38.17855,11.291478,-6.075158,1.2188286,-0.0041930964,-15.420767,-3.5708995,-6.125418,-4.500051,-0.12475661,184.5703125,1719.3372066856614,0.06805325440208979,0.07503542,country
-353.05423,110.632095,32.743378,24.164183,18.746185,5.9248896,-1.7401656,3.8813748,-2.987254,-1.9034863,-2.8664541,-0.97887444,-6.4891205,83.35433467741936,1496.56913504939,0.03548126693111455,0.038845718,country
-199.98285,109.121544,-5.546025,48.132893,1.2039801,4.5974913,-9.152174,-1.471275,-11.66506,-5.204099,-11.550537,4.978348,-4.9808197,129.19921875,1739.3211961592144,0.0824598188370743,0.09660107,country
-200.55318,119.65538,-3.6046815,31.952965,9.957966,15.293297,0.64860046,0.23646207,-4.4767165,-2.3108826,-5.255605,-2.4737477,-6.048022,73.828125,1565.7683179567373,0.05730313044214396,0.07990662,country
-194.26962,151.78432,-3.0342522,29.480589,9.101757,5.9855814,3.784445,3.7657218,-5.8694096,1.5940248,-3.7664156,0.9295919,1.9723039,107.666015625,1270.4148783967134,0.05483186798568111,0.10049913,country
-100.73443,106.97025,-27.18039,29.091337,5.039497,-5.4290433,3.2457461,-5.1666436,-5.1038218,-0.80671155,-3.8309824,-2.7171009,-6.651432,92.28515625,2012.1998825497253,0.0973951026751161,0.116559245,country
-169.19261,132.80664,-13.484966,31.182264,6.3355885,-3.7656243,-2.0574627,-3.61755,-4.556713,1.2857976,-6.986225,-7.255016,-1.3873172,89.10290948275862,1474.0010327537864,0.05981898824496904,0.09411102,country
-171.28873,160.4967,-17.804441,30.5122,7.514744,-8.2560425,-5.6703825,0.13195084,-8.836377,-2.6552682,0.7057316,-3.78496,-6.5005155,89.10290948275862,1214.054895968694,0.054208666916602165,0.11707953,country
-277.1022,128.25644,42.42859,37.69783,12.780972,9.599223,-5.9831166,-7.538272,-8.034319,-4.9423785,-6.5300484,-3.6279538,-7.2284265,161.4990234375,1240.5895174256275,0.042844034200851394,0.079619266,country
-130.4947,104.13707,-19.2614,34.153618,5.413921,-2.166884,-0.7268798,-2.8929858,-5.459535,4.0802116,-4.4622407,3.523582,2.1470127,112.34714673913044,2052.937539079165,0.09529609798277863,0.10080858,country
-237.99352,97.70346,6.526742,45.977615,2.1547685,16.221973,8.825113,7.767009,-0.59379196,4.4802604,0.14091596,3.021077,-1.6638006,99.38401442307692,1823.4330215874613,0.0676016320385062,0.06050447,country
-133.3365,78.990364,-5.6506476,35.522865,-7.5477085,7.9280396,2.7298074,0.39645386,-1.1331301,-1.1071386,-7.8454437,-1.1711785,-4.814018,92.28515625,2456.555660328323,0.12361565462945047,0.10454683,country
-153.86736,83.68425,-8.418767,13.969093,13.55185,3.773254,3.0063746,6.347874,2.0667963,2.0754557,3.1952746,-0.47532395,-3.0259306,135.99917763157896,2614.1281512828127,0.11928688261900154,0.07824791,country
-120.383224,95.348915,-6.008271,25.16893,20.961815,-7.1399155,8.552629,2.4400122,-14.6636305,9.296396,-2.3618505,-3.1564727,0.60948336,99.38401442307692,2322.0772479079756,0.10437125096749227,0.0999719,country
-339.7991,97.781006,-9.695911,50.986897,7.8249445,11.747368,0.6847606,2.4938347,-4.7754116,0.19351886,-5.974665,-2.8948967,-6.157009,112.34714673913044,1827.093958381686,0.0848248839009288,0.022713259,country
-173.4441,105.05278,1.155317,24.114843,22.12515,2.5424929,-1.5812404,0.17491457,-5.323045,3.814182,-4.5238996,-4.5872827,-1.5664961,99.38401442307692,2069.180155621707,0.08500288735971362,0.07204185,country
-118.02856,74.16701,8.2881365,15.462522,6.1549687,8.443999,4.1188307,5.7389975,-1.9503189,3.1639109,5.040857,-1.1298935,2.4367032,151.99908088235293,2860.3399496357706,0.12115799753289473,0.09092475,country
-89.73638,36.2862,11.469536,37.49559,9.199137,3.7405186,2.8403575,6.81154,1.4674554,0.09733832,1.0258602,1.1755471,-3.5642974,123.046875,3760.4244872923673,0.21237475510352166,0.0963117,country
-102.8967,85.32916,-4.324985,30.583778,3.0101564,-1.9592187,4.4452953,3.42052,-4.253563,-1.7714001,-3.9706275,-1.3591872,-3.7630885,143.5546875,2449.9415972837987,0.10633306828076626,0.10899377,country
-111.69471,82.26009,13.068496,31.930077,23.68303,-0.5323794,12.029794,3.6602066,-5.7385216,3.333035,1.4207492,0.772583,0.5596442,129.19921875,2634.0466588107224,0.09585618529895511,0.11318445,country
-101.28809,84.139015,7.751808,30.383913,13.85436,11.632601,-0.11175931,-4.9390707,-2.3706596,-1.9748868,-8.18772,2.8250737,0.5467093,103.359375,2386.8223453587584,0.08702592879256967,0.117697,country
-101.19903,85.43055,-19.69571,20.584856,9.973623,7.594193,0.104056105,3.405438,0.046411663,1.5777521,-1.4500949,-1.2814347,2.1464107,135.99917763157896,2530.853994149147,0.1343000193498452,0.09496325,country
-162.72118,119.81048,-2.8799524,20.506132,27.808872,5.485367,6.0409555,1.2045438,-3.6995325,0.3423856,4.411625,-0.40806127,2.4593601,78.30255681818181,1730.559357956436,0.0665200059258901,0.11366553,country
-61.2354,71.26333,-17.042137,17.118322,5.0581465,-4.2047887,-1.6676309,1.1733667,-0.854297,4.976347,-1.695669,4.845418,-0.15781674,78.30255681818181,2777.1145172614247,0.13296442651896284,0.14661238,country
-126.891594,103.492065,-31.892567,58.719326,-1.9583546,-3.130634,-2.9370549,0.3657521,-3.0380836,-0.82976246,5.5851655,-10.142879,0.7323166,78.30255681818181,2109.4728877007824,0.11589196739551083,0.10333062,country
-165.51901,117.87926,-33.606743,42.62332,-1.3848822,3.8313904,7.169803,-7.170014,-1.6314923,0.87545484,-12.514056,2.894263,-12.372037,151.99908088235293,1784.3451875096134,0.09412943837074303,0.09065509,country
-149.00017,107.24382,11.190146,26.698795,11.405787,-3.808101,14.028653,-5.8929515,-11.049588,2.8112707,-8.445195,3.1889074,-0.7737128,117.45383522727273,1939.716518680421,0.0639731581366099,0.116934404,country
-109.98737,134.74861,-24.026144,19.394617,-4.407176,-4.8148885,-7.800573,-0.39370057,-5.4159317,-2.9570003,0.78146684,-4.776981,-0.17221723,112.34714673913044,1600.3408733031765,0.07581624600909442,0.14357977,country
-143.12674,121.898,-13.34437,47.777847,-12.660497,23.372252,-10.994922,18.8561,-13.706635,15.950975,-11.356478,10.2887,-6.0024843,117.45383522727273,1779.4961449189584,0.07890693026799536,0.10938402,country
-204.71436,121.91577,-17.742798,46.3246,-1.7955848,17.031994,-14.699763,14.667406,-19.3929,10.903635,-13.47471,1.2002157,-6.213006,64.599609375,1552.7721617035625,0.0592494527621904,0.09027794,country
-265.27585,138.85979,6.1417327,47.49592,-2.3968022,21.038162,4.086074,17.653967,-12.029911,15.491059,-1.1331513,7.8893595,0.49858144,71.77734375,1115.7881616130558,0.03547446425116099,0.069503844,country
-84.74407,100.98661,-16.020493,51.761948,-17.082294,22.577103,-20.299927,18.914927,-19.492683,15.328482,-17.741413,8.583118,-15.000552,89.10290948275862,2271.2893251438104,0.10825444744098298,0.13353112,country
-175.0163,115.70678,5.106449,58.160652,-3.3279543,29.664284,-10.028762,19.65578,-16.30351,13.737743,-8.81984,7.2240396,-8.89276,75.99954044117646,1654.614331906288,0.06020787478231424,0.104260966,country
-82.962616,122.53281,-16.658556,40.015907,-15.007229,21.670378,-18.256283,18.361864,-17.988773,16.991611,-16.039673,8.533731,-8.706784,129.19921875,1881.161817758554,0.08110419589299536,0.15497614,country
-164.79193,123.42043,4.2346554,48.788734,-5.1513314,22.844551,-7.8052983,19.294298,-11.024413,21.256271,-9.740571,5.1541314,-6.14111,80.74951171875,1468.746159645324,0.054941088791602165,0.13618691,country
-137.88376,121.523895,-13.26719,43.318726,-10.709389,17.858778,-7.9495454,9.089492,-19.792675,9.440965,-19.59838,6.907874,-12.543895,67.99958881578948,1741.8149971403939,0.07543756349167957,0.13006444,country
-101.38996,120.45385,-0.4065886,49.042423,-15.863627,19.873766,-13.09437,18.574188,-15.706969,15.254118,-5.906844,6.647349,-10.359329,112.34714673913044,1796.1137426759592,0.07327015407314241,0.16375947,country
-185.1138,120.50994,29.717457,56.400288,-3.034662,22.222614,-10.344739,20.05401,-13.685049,9.170436,-6.4285364,3.2967806,-8.737772,135.99917763157896,1535.3805435364122,0.052538986914667185,0.14543544,country
-178.51938,130.13269,12.088971,47.051086,2.6224906,24.094347,-4.627712,22.772083,-10.941142,13.539126,-6.8097224,8.71216,-6.0909204,69.83741554054055,1373.0379665331902,0.04291659612035604,0.14100803,country
-186.39238,135.86008,5.928499,45.8605,-5.7662764,22.786793,-13.002946,17.122374,-13.756379,9.734512,-8.368887,6.6592274,-9.09154,60.09265988372093,1397.840984804417,0.048586629861648606,0.10717965,country
-94.09417,109.16863,-11.849949,41.56547,-19.475983,23.831955,-19.935585,20.374748,-17.28199,16.585615,-10.199127,9.392066,-10.051931,172.265625,2167.0242315710375,0.10237579818111456,0.1301793,country
-185.4226,118.46735,17.79529,48.887688,-2.1608062,21.37011,-9.001162,20.535988,-11.416627,9.282178,-5.4816723,5.7548084,-2.979571,83.35433467741936,1615.0641667795348,0.058282716355456655,0.13140647,country
-217.74222,128.3469,-7.513694,39.265003,-2.5556235,18.173012,-15.166711,16.770924,-15.265886,4.8992114,-6.5137625,2.8973584,-11.506306,66.25600961538461,1512.285769157878,0.060115282749613,0.082580954,country
-250.87863,163.09831,-3.8807104,30.153528,5.576422,7.4960394,4.0248203,-2.1106052,-5.4704103,-1.0583413,-9.981246,1.8183817,-8.760416,123.046875,894.2258292361238,0.038680794069272446,0.11056769,country
-102.51608,135.7217,-46.895443,32.746296,-11.16036,23.465744,-9.766422,16.901648,-11.685101,13.207406,-7.183144,4.735628,-8.202425,112.34714673913044,1701.133231854635,0.09886750495839783,0.13643475,country
-328.72546,167.05113,12.98839,28.820633,11.246061,14.4267235,11.705958,7.8041215,-11.729083,2.3853812,-8.347571,-3.857314,-6.7459245,64.599609375,857.9961382033647,0.03538187221845975,0.055430457,country
-229.4689,157.31282,-16.762049,31.879862,-0.11036951,16.656443,1.355172,12.223306,-3.862505,6.8392315,-4.2632265,1.337568,-5.8956633,172.265625,1130.940763773945,0.050243082430340556,0.08349272,country
-217.16394,136.1694,-10.362346,51.38904,2.612237,15.127788,-0.6809201,12.287426,-6.2264233,7.8023224,-5.4090786,3.6247036,-2.807217,112.34714673913044,1327.824096106779,0.06108731012964396,0.0871251,country
-99.32007,117.56864,-29.88463,40.83229,-15.2631445,27.980684,-11.955396,13.331403,-11.367625,10.538834,-8.748048,8.41087,-6.8442154,112.34714673913044,1935.1584683595631,0.09476964613970588,0.1442469,country
-185.85666,155.29944,-25.034077,20.532516,-3.8348439,-0.6002929,-4.568851,-5.914592,-16.53805,-0.45218396,-16.302254,-4.213608,-16.815842,143.5546875,1261.3177003596256,0.060543095733359135,0.11840969,country
-96.28298,131.92026,-26.322138,35.98216,-22.80771,14.489158,-11.834168,11.80155,-21.218061,11.527785,-12.925014,7.1762304,-13.93854,151.99908088235293,1711.2104216664566,0.08227350099167957,0.1565894,country
-167.00984,132.44344,-17.294891,46.932304,-3.6503565,20.946674,-8.830444,8.546585,-15.151556,8.105514,-16.944101,6.6470175,-10.924017,151.99908088235293,1549.1920056300594,0.06975279061048761,0.09581227,country
-207.27617,130.94698,-18.496769,33.299126,-3.9221637,15.393467,-6.383,2.9519517,-16.786154,7.084849,-8.59407,4.7956495,-12.250599,135.99917763157896,1533.8625889630157,0.07112353062113003,0.082314834,country
-60.84931,105.47066,-16.914597,40.70118,-15.038137,36.0463,-12.818773,17.483316,-16.755318,11.757576,-10.130225,13.194359,-12.209436,95.703125,2187.464108981419,0.11375403625677244,0.17973058,country
-183.97171,159.81995,-23.17131,43.053974,-9.468154,8.831391,-1.65151,4.351795,-13.370459,0.83986324,-13.976324,1.4428531,-7.390412,143.5546875,1321.5897450564107,0.0665252968991873,0.12832628,country
-118.23319,152.94319,-46.513092,31.120495,-17.286913,6.277332,-3.6798625,13.048771,-13.126937,15.706044,-13.076928,5.701762,-10.694595,184.5703125,1513.196622643609,0.08784300624032508,0.13140137,country
-302.58182,150.15967,-3.7027955,26.923807,-0.2633156,13.522552,7.2485633,4.2178683,1.7668283,6.563311,-0.48897088,7.8965797,1.32933,66.25600961538461,1143.943990289628,0.04985797515963622,0.043252815,country
-229.1472,180.35635,4.520906,24.184404,1.1109341,3.9924355,-5.9960327,1.8722159,-13.136269,0.004707171,-13.499958,1.5836843,-13.435795,80.74951171875,963.1958805922379,0.04576843072755418,0.11523083,country
-100.95596,111.60762,-13.152134,44.59755,-5.9610386,29.337101,-7.956897,19.591026,-22.446842,17.270527,-17.831654,11.408343,-12.451892,99.38401442307692,2049.894019739639,0.08940724470297988,0.15323907,country
-74.1483,107.63804,-21.198166,47.234455,-5.976316,17.812094,-20.399551,14.992423,-15.96524,15.734073,-14.664024,10.681491,-10.128547,89.10290948275862,2101.538599563589,0.10102962340363777,0.16790287,country
-68.62351,101.354126,-16.908741,51.526352,-10.228339,20.050034,-21.784996,15.524762,-18.795237,16.359055,-17.893854,12.126649,-13.205329,117.45383522727273,2253.250681954205,0.10609270692240712,0.1664755,country
-148.55994,141.2805,-15.883042,44.655064,0.9918706,13.662192,-13.240343,12.651497,-11.702235,12.159911,-10.476022,9.908223,-5.0558124,143.5546875,1436.0348088902886,0.05955141616679566,0.13104534,country
-80.23639,108.186485,-23.827435,52.601406,-6.424085,15.064198,-17.635906,9.739016,-16.176489,8.906126,-15.964032,8.001827,-10.704085,86.1328125,1965.2766137464205,0.09301795605166409,0.18059872,country
-146.04881,124.6481,-17.922836,49.225048,-0.17947549,22.789757,-7.1734576,16.74798,-9.723663,15.444623,-7.621331,10.908757,-3.4551363,73.828125,1596.2209122528527,0.06926526521381579,0.13540749,country
-122.427414,111.48314,-13.694295,53.828415,-2.677767,19.677553,-14.138926,13.743676,-14.016461,14.626715,-13.993218,9.218207,-10.559244,117.45383522727273,1879.9377906980571,0.07831736467202012,0.1335073,country
-170.90068,124.81326,-19.262192,39.2072,-3.7551055,15.289897,-12.972992,8.530165,-11.833667,11.321371,-13.773081,3.102464,-10.078784,143.5546875,1589.6339834802307,0.07391451903541021,0.10860429,country
-121.94322,123.237656,-8.495368,51.596375,-0.103512935,20.407,-11.87541,16.275984,-11.508768,11.847224,-8.085656,9.13035,-8.638808,103.359375,1623.0094789002953,0.06606309258900929,0.15263915,country
-205.14923,140.98761,-8.957966,36.979443,6.4254427,14.875372,-4.3181176,12.232446,-11.431657,11.850926,-7.9033823,9.912311,-2.3516498,143.5546875,1321.7303763628809,0.05250308388157895,0.10459916,country
-91.68523,115.86115,-30.200949,52.273148,-5.025164,16.953514,-15.656587,13.539407,-12.762941,15.969127,-11.969895,11.058928,-9.962004,135.99917763157896,1927.4404450221414,0.0990303913506192,0.14735453,country
-193.78868,125.56074,-20.924124,46.338,-2.685432,12.833367,-6.6019344,10.727056,-10.907483,6.109273,-9.442732,5.163946,-3.658497,117.45383522727273,1563.4183306021262,0.06475622218459752,0.08943178,country
-50.77633,96.71716,-24.326113,66.076126,-14.680636,24.391264,-21.017485,12.469585,-18.131817,13.267164,-12.802163,9.798451,-11.344082,161.4990234375,2334.8728689120853,0.12121959957914087,0.17646493,country
-213.60236,117.2127,-21.871769,45.657654,-10.274458,5.0603156,-11.910965,5.567856,-17.804632,0.18699953,-14.165857,-1.1532573,-10.306383,86.1328125,1537.7642290059414,0.068123926688274,0.092549935,country
-104.37176,136.39383,-20.940237,52.86117,2.025889,20.42771,-11.619367,17.663803,-15.735388,11.049825,-11.3204365,3.6714113,-6.4964943,112.34714673913044,1474.927396796844,0.06299281636996903,0.20664184,country
-124.83957,127.38223,-23.38181,47.360462,0.56311065,15.991253,-9.954187,16.180136,-16.72955,6.785199,-8.187069,3.2049851,-1.5920393,89.10290948275862,1555.9530444453296,0.0672293742743808,0.17533581,country
-69.88548,124.21146,-32.470196,47.69471,1.3983788,22.61767,-8.754297,21.44351,-15.66597,15.7432,-12.427222,9.581969,-9.056125,117.45383522727273,1754.1360136048195,0.09739925986842106,0.2179833,country
-148.44179,126.859146,-19.540855,52.85061,8.579709,17.89102,-8.081844,17.78146,-15.505312,13.504544,-10.957894,9.476342,-1.924605,112.34714673913044,1560.8796813263727,0.06718742441466719,0.15299171,country
-139.62306,128.79353,-20.24936,49.443615,-2.1603603,16.988024,-8.355296,9.8182955,-20.150694,2.501784,-11.247767,3.766037,-6.424687,117.45383522727273,1425.2635079969477,0.0617449025251548,0.17611368,country
-42.16572,106.27832,-24.220882,44.67147,-12.33506,20.518545,-16.044445,18.488562,-18.781012,15.5109,-15.4647255,8.930742,-9.987847,143.5546875,2157.2057766804382,0.1082567150009675,0.22073805,country
-111.17791,94.03521,12.515315,16.74026,8.181678,15.667253,-1.3758588,7.0394297,0.97360957,-1.4805396,-3.0693026,-5.068189,-3.6841273,117.45383522727273,2297.0855298395068,0.09633501838235294,0.14226125,disco
-28.934706,51.971786,-7.6104937,21.605564,8.12836,18.120981,6.8754973,6.5840025,0.7281347,11.147646,-1.8413448,1.6686252,-2.6266403,117.45383522727273,3290.4921281244474,0.18854685685952013,0.1770407,disco
-53.18525,57.178467,21.168882,11.324465,18.122362,1.6665679,0.3438162,2.3195999,-5.1097417,2.7499392,3.1528792,-5.519139,-3.1672285,92.28515625,3591.73383244625,0.1533482790731424,0.16131842,disco
-44.234295,52.219402,3.3025825,43.808002,12.616858,24.422096,4.970884,15.33408,2.0627644,10.375376,-1.5161042,8.84058,0.42485905,129.19921875,3048.5690425083776,0.14965177837171054,0.19658779,disco
-83.583496,64.47946,5.655918,2.7011647,0.79031587,6.1708026,1.892269,1.9798596,-1.816445,1.8574665,2.4598763,-0.22793381,2.9555101,123.046875,3328.830808812161,0.16905150989260836,0.114560604,disco
-24.691769,73.7432,-11.558471,28.394289,6.2409563,2.465622,8.6340885,12.309108,-4.102859,13.385866,1.9154304,-0.97336847,0.6083647,107.666015625,2722.0804866206827,0.14455203596652477,0.20725702,disco
-14.574394,65.21034,-19.872639,31.508326,-4.8264484,11.86232,9.994609,5.9573913,-3.8033693,9.377889,-4.387916,3.3395407,-4.444171,123.046875,2848.2245207476594,0.16366529907604488,0.19194463,disco
-53.44801,56.161034,-6.3209867,31.619057,4.6533747,16.347412,4.119817,1.8823282,-0.3882388,2.495932,-0.5415109,0.9562786,0.49564818,129.19921875,3099.1841465490747,0.1402841101489938,0.15960243,disco
-32.467175,65.00107,-26.697556,30.282532,5.743129,11.739748,-2.1584125,10.449982,-2.361821,5.323516,-3.8081305,-0.8611962,-0.1878252,123.046875,2802.541418287883,0.16440792497097523,0.19060382,disco
-68.970566,63.131035,-15.854859,28.00219,8.1834755,7.321165,-4.936118,9.494793,-0.9736147,-1.6035987,-6.1901293,-3.9367528,-1.171013,129.19921875,3016.630571985955,0.17065354102167182,0.11894808,disco
-6.7841387,61.12633,-16.656654,27.431993,7.7223644,16.008894,4.6347065,11.4495,0.33629203,9.832177,3.1856217,5.025588,-1.8622084,107.666015625,2877.646855543141,0.15032410990712075,0.23285034,disco
-41.32795,62.794346,7.325327,12.125494,6.3566375,9.265048,3.0930903,13.867353,0.16360413,8.0671015,-2.6970012,-7.219517,-3.2453783,95.703125,3132.849239309041,0.13097653226586686,0.18885729,disco
-57.66927,68.38035,-15.251752,23.414114,14.855438,13.172661,2.1979194,12.811309,0.061214812,12.777958,0.03940573,3.3698213,0.8151105,112.34714673913044,2739.0755703377026,0.13174939229392416,0.1758003,disco
-40.070427,56.209106,23.679754,31.92545,2.4516678,2.5737195,-2.4787798,3.092059,1.8828638,3.3509662,0.00014273818,-1.5209645,-2.4554946,184.5703125,3391.8321168993366,0.15957688842395512,0.1707804,disco
-23.927664,61.220757,-0.9586991,25.331013,0.3942347,6.0302544,2.4890816,6.189192,-0.3292669,9.696876,-5.5078354,1.061818,-2.4369648,103.359375,3087.483970853388,0.156306688999613,0.17372327,disco
-46.82642,103.7258,22.146416,9.233178,2.2635014,-4.791668,4.8094583,0.9585231,-9.410542,-1.0655137,-0.8630862,-5.27438,-1.7578694,123.046875,2361.735960891677,0.09018917497097523,0.2158627,disco
-36.030983,83.65931,-2.7294114,32.392513,9.1963415,4.1342163,0.03383913,11.114395,-2.8908203,7.905869,0.61443704,3.6502342,3.7515378,123.046875,2522.8702609517236,0.11443506010545666,0.20560874,disco
-98.156845,92.40119,2.6636739,19.337896,3.586051,-1.7657077,-1.7049835,-3.1714423,-9.09204,-4.080457,-5.1855764,-5.48785,-4.233516,123.046875,2564.6775896822555,0.12076004075561146,0.11607086,disco
-73.150406,71.752396,12.095572,1.3943439,4.5294266,10.863225,3.870923,0.938661,-5.9797716,9.034469,-2.3677683,3.5552125,-0.14263992,123.046875,3043.380831699277,0.14359928284636223,0.1386678,disco
-95.10371,109.35317,-30.161179,16.358656,20.03973,11.962816,3.48553,6.1739693,5.2001824,8.620757,0.34259647,0.38362703,0.53627163,117.45383522727273,2117.5507614054177,0.10366263847232972,0.14695053,disco
-103.961624,105.80915,-14.325732,36.73847,-10.348668,16.81085,-6.8228097,8.140345,-4.461959,0.98826367,-10.006155,0.3835429,-1.7078525,161.4990234375,2117.828754709546,0.10330171850812693,0.124615744,disco
-115.13256,70.425385,31.242792,11.176329,13.06419,3.867458,1.8087033,4.9707108,-1.0388263,3.9260278,-1.2926352,-0.6884157,-1.0751354,107.666015625,3248.532892801311,0.1240548054131192,0.11133677,disco
-71.94239,46.88916,21.026213,29.950956,9.497893,2.4052784,8.244612,2.5142548,-2.1629694,0.43971246,-0.2331874,-1.5565153,-3.6136653,123.046875,3707.487312505618,0.17289993711300308,0.13689657,disco
-32.173412,60.033607,3.3775675,18.969069,4.326335,0.6811352,-2.0263913,1.3316941,-4.6469893,3.7893417,-6.734154,-4.892331,-2.3437293,112.34714673913044,3167.808308145324,0.15100324412248453,0.1782089,disco
-69.599335,83.05957,-16.599524,0.119469374,7.4157043,0.7696189,1.337008,4.6906857,-1.4208715,3.328473,-2.8755643,-8.202937,-5.765528,129.19921875,2625.095043461179,0.12025853207236842,0.14297517,disco
-124.198685,90.16968,-11.312609,10.940362,-1.1521436,-3.7543972,-0.85304725,-3.8402538,-3.7089515,-0.2670247,-5.823245,-3.430601,-4.6257415,123.046875,2410.0020281305497,0.0996603950996517,0.10787619,disco
-68.09459,66.36573,11.869311,21.982038,9.769293,6.6966743,1.61153,3.8194947,0.95873666,4.773914,-4.2044983,-0.058831207,-1.2347757,117.45383522727273,3042.993183926036,0.1315751681017802,0.14301582,disco
-155.63733,60.568497,23.166864,31.186348,25.054384,16.906994,9.43836,8.449133,5.317451,6.5566573,5.7627544,3.9231863,7.5597153,112.34714673913044,2909.983968555962,0.10124882086880804,0.115593135,disco
-20.481245,53.708107,5.945927,10.1530695,17.057161,9.541378,4.6119027,6.398941,-0.33330113,1.7238895,3.6845264,-0.7746318,-5.887973,123.046875,3713.366946149792,0.1982474784732972,0.17252432,disco
-59.006565,68.87012,-8.457222,3.5900607,5.072522,3.284628,13.525487,-1.3692732,1.6712123,3.712645,-3.715991,-0.31718877,-2.8357637,103.359375,3075.059149844922,0.13853393176760836,0.1475287,disco
-40.729237,63.947403,4.90489,16.340809,12.100068,9.339081,4.540618,5.189633,-0.58943737,-0.069852136,2.9546144,-1.4821672,-1.7598726,135.99917763157896,3168.1112406928287,0.1508622774767802,0.1699541,disco
-66.56881,58.31062,-8.179027,15.493415,5.575189,7.6971626,4.071543,-3.5835302,-1.3218851,1.6088257,-5.482533,-3.73455,-3.2398586,123.046875,3257.126964639291,0.17381451964009287,0.11574833,disco
-123.20344,86.96168,-22.495186,6.9312387,8.458765,12.637701,-0.85900444,-0.8323708,-3.262091,2.6230345,-0.7835581,-0.4259603,-3.8292584,112.34714673913044,2447.5053952029866,0.12327627648510062,0.111132905,disco
-57.800613,86.53878,-11.776967,38.7768,2.375864,8.829937,-1.2931184,9.917737,-1.6644962,9.836173,3.0134122,7.5246854,1.7179295,129.19921875,2450.4078120136996,0.12449924717008513,0.15696204,disco
-65.79326,52.831802,16.578833,12.54698,5.604338,8.383382,-0.6104741,-0.6237842,-4.082043,0.68685913,-7.787457,-1.8914624,-7.2499976,129.19921875,3653.396938317012,0.18083450742550308,0.12288418,disco
-51.8135,55.668415,11.39662,7.4714856,12.000198,6.2591653,4.35697,4.3104258,-5.940892,0.565794,3.599389,-2.388708,-5.8230114,123.046875,3623.816329797985,0.1764282604489164,0.15231217,disco
-23.558338,57.343533,7.011987,16.525126,5.500359,11.859777,1.6749339,5.4618583,2.755229,7.3391504,1.9634923,1.2612275,-2.3459413,135.99917763157896,3348.2009991791724,0.16205155222039475,0.17306745,disco
-26.568245,52.047867,4.177975,12.859308,16.740139,10.133737,4.47516,6.3269105,1.1580266,0.64618856,4.612163,2.143196,-3.3678746,129.19921875,3637.551798162976,0.19009560032894737,0.16388439,disco
-77.395744,52.15557,-8.997961,12.852356,8.566091,2.8920133,8.930743,4.013753,-7.3446417,-2.260518,0.9621686,-1.0486538,-3.7624762,123.046875,3354.360372505759,0.16828847595781735,0.11312769,disco
-107.36452,91.02147,-8.338967,34.284462,-1.9262822,3.7966006,10.531457,5.5613923,6.9440746,4.7774057,0.6849834,-3.8546648,-2.5791147,112.34714673913044,2328.7358232995766,0.10118608504256967,0.124338545,disco
-78.35118,80.074615,-9.1673765,25.477055,-3.3905442,16.8094,7.2707057,1.818662,0.4955743,6.3203187,1.4938977,2.1636302,0.6581048,135.99917763157896,2605.158778871083,0.12638850256385448,0.14515093,disco
-122.06817,116.81796,28.333023,24.729452,10.94623,-1.8944625,-1.4049608,-0.9484211,-3.5381525,-2.6139374,-1.1199347,-4.1805406,-2.5521882,161.4990234375,1776.3958801199312,0.053842455979102165,0.1753704,disco
-62.305237,92.054,-19.720612,17.629362,-3.1775432,5.4197497,-4.000616,8.885712,-2.4901588,3.1609385,-0.5298751,-1.4906912,1.2983328,103.359375,2403.9325975307147,0.12167764669601393,0.13598101,disco
-62.788113,77.8459,3.535339,26.012877,5.932444,11.292923,11.104591,-1.9596616,1.8299742,9.186841,4.0683765,0.9767575,5.618282,129.19921875,2875.523793893122,0.13478414340654024,0.1736528,disco
-71.24206,97.72146,-18.355274,8.578153,5.202039,-0.93892175,0.4680155,1.6290964,-4.778091,0.06490768,-0.5487089,-4.452,-5.314456,123.046875,2330.4341487066677,0.1095964650251548,0.1489569,disco
-81.29733,106.4762,-9.534991,17.970007,3.0110774,8.301614,3.8938751,4.2491026,-3.7393968,-2.078543,-2.2060983,-4.5875278,-1.1600444,123.046875,2248.158016320912,0.10974196679082818,0.13541684,disco
-125.69445,101.78628,-17.488695,33.67749,-15.244758,23.698763,-8.658021,18.546085,-14.059921,19.96296,-15.148184,12.975601,-14.307979,123.046875,2259.667499272963,0.11426008005998452,0.11299214,disco
-280.90808,120.8154,-37.612255,28.736147,-10.789443,-6.406519,-13.808621,-4.0625076,-14.859974,4.7919674,-20.17432,-5.09395,-6.792037,123.046875,1710.8442048759703,0.08702290537925697,0.0469848,disco
-105.02068,80.22214,-41.111576,54.02576,-8.379423,25.721209,-12.471842,28.713755,-15.008993,15.610892,-7.6170635,12.414465,-7.3685246,99.38401442307692,2616.176846102278,0.15437434996613777,0.112305515,disco
-45.132004,98.671646,-24.668423,40.512596,-18.104605,26.115303,-12.69484,13.988503,-15.421142,16.17926,-14.377716,8.140357,-11.939819,123.046875,2397.052524918614,0.13532117719620743,0.20951693,disco
-45.80532,101.7401,-32.078636,34.265602,-17.547403,32.327187,-15.645262,22.041264,-16.110876,18.677486,-13.079386,16.47522,-9.913809,107.666015625,2376.1512622758464,0.12878191212751547,0.1589932,disco
-77.19868,89.36663,-34.23228,38.681267,-22.269875,31.254671,-16.385426,22.344229,-16.015026,19.283667,-13.230427,16.72414,-10.393916,107.666015625,2651.3202472461626,0.15772391398993807,0.10635126,disco
-70.51619,90.476006,-48.086514,36.67485,-17.666037,21.603975,-30.186953,24.03991,-20.447668,14.48298,-18.503065,9.126517,-12.047067,123.046875,2591.5017766838123,0.16987803550696595,0.12529388,disco
-108.510765,69.93312,14.870287,45.539623,-5.3849373,41.803654,-13.518741,32.559277,-20.397465,23.435902,-12.123884,17.999403,-9.038808,135.99917763157896,3079.4689128269815,0.15430745694659442,0.1725675,disco
-226.35432,78.271614,7.8452187,53.856804,-1.151935,11.302835,-7.8484793,24.36511,-14.952828,18.494566,-19.137503,6.1562767,-10.068168,112.34714673913044,2566.1260441601803,0.11465010037732198,0.052156653,disco
-103.09195,107.497505,-33.52649,52.796356,-9.143341,30.365688,-9.337431,23.046274,-11.900223,18.170902,-7.554082,9.401476,-5.444428,129.19921875,2108.1997863703073,0.11041618795955882,0.121490456,disco
-182.7882,124.1851,-10.062487,41.59245,-7.3899937,26.952116,-12.362844,19.820305,-16.069172,16.206388,-10.253923,3.1237123,-8.989257,89.10290948275862,1755.2903582545093,0.07696816648123066,0.0762048,disco
-143.20898,122.59269,-23.92042,28.14886,-23.689156,23.08134,-17.911198,18.753313,-18.636002,18.356426,-13.91446,9.730259,-12.243755,117.45383522727273,1937.935756160484,0.09247298580205109,0.07617443,disco
-109.5915,104.1451,-16.217413,45.376465,-10.195766,25.558594,-17.158018,22.278688,-16.850662,16.535793,-12.096706,8.670637,-8.84719,129.19921875,2217.9682141739054,0.1109932819756192,0.12223055,disco
-109.0528,106.848564,-18.27907,23.423592,-17.764582,19.019663,-13.615213,18.686106,-18.371767,18.402843,-9.714787,11.857383,-5.5605235,123.046875,2279.818496274842,0.1102181543875774,0.1169598,disco
-121.09524,116.9425,-22.78697,45.148933,-4.2390513,30.256325,-12.245274,21.729876,-16.540764,16.23328,-10.6551695,7.3304195,-9.353951,129.19921875,1975.227458099991,0.09303307311822756,0.11449887,disco
-91.88631,87.60406,-2.0581753,34.285538,-18.153368,19.344702,-14.697328,17.116173,-15.334747,17.040913,-13.55869,11.848033,-9.81162,123.046875,2550.135383866737,0.11589045568885449,0.18443452,disco
-107.8676,81.936584,-30.63407,41.331936,-8.509501,31.33373,-8.869069,26.030903,-8.280142,17.894875,-4.652872,7.4255123,-4.352716,107.666015625,2387.922380957909,0.12770671076818885,0.15116338,disco
-51.776085,70.33135,-3.9117007,49.74228,1.587971,35.703487,-4.088695,24.787909,-9.707024,22.039282,-6.1149955,17.18126,-2.7664242,129.19921875,2583.3267231399764,0.09977263931888544,0.29373863,disco
-189.21512,93.95932,7.905782,41.8906,-7.0920463,31.882492,-12.586036,24.2205,-6.0576997,24.537947,-6.0252366,16.76309,-2.0117977,123.046875,2144.2930792368275,0.06485183763061146,0.09222451,disco
-106.24382,105.575874,-5.5135617,50.055817,1.2439842,37.0026,-9.622076,24.011703,-8.668455,14.975656,-2.526041,9.765439,-0.911571,129.19921875,1887.648892045496,0.07365715097716719,0.18535407,disco
-57.606716,96.69189,-24.422018,40.01419,-17.260252,27.834213,-13.297422,23.196402,-16.528564,19.427147,-15.485601,11.825689,-10.574847,135.99917763157896,2492.8521058348206,0.13862576794698142,0.16957618,disco
-103.76036,92.462265,-27.230408,39.221287,-23.052734,20.634798,-17.766901,18.950554,-15.204782,16.394331,-14.6620655,12.249461,-14.973013,99.38401442307692,2541.995563795192,0.14330827931501547,0.09135411,disco
-93.31913,77.83445,-8.7843275,42.07125,-11.249412,24.245377,-17.912214,22.240355,-16.039137,16.687471,-15.665248,15.410949,-18.128244,107.666015625,2956.6002017744845,0.16269251584268576,0.106793314,disco
-118.3657,114.23729,-6.7823,37.40087,-17.431936,28.36287,-23.726538,9.28381,-10.439461,12.624765,-5.1486764,12.253149,-3.8705223,107.666015625,1931.1496588575947,0.08364121758900929,0.11158227,disco
-81.727165,97.61068,-27.583755,36.644188,-17.252998,30.76932,-15.948635,20.968245,-16.22693,17.418457,-13.363811,15.080846,-10.38692,107.666015625,2449.2969214438754,0.1346148322610294,0.11101833,disco
-105.51604,79.25659,-15.207652,40.825546,-12.267791,23.559671,-19.938488,27.319254,-16.512426,21.538397,-11.6801195,13.991893,-10.775013,112.34714673913044,2809.021561476355,0.15595068208204335,0.09814837,disco
-128.46767,67.26374,-36.918983,40.90837,-21.745594,23.162697,-13.252984,13.093862,-14.004485,17.799566,-15.179246,16.37246,-10.465582,135.99917763157896,2902.983480055396,0.184138720249613,0.08449773,disco
-95.25163,82.25366,-26.221525,37.522614,-16.3551,25.29429,-21.796482,21.811947,-20.064442,16.297644,-16.119652,14.43922,-11.907043,112.34714673913044,2846.8226092079603,0.17636703632933437,0.09553592,disco
-40.762928,86.78239,-26.962378,34.941532,-20.048147,21.65764,-23.95371,19.265038,-17.531559,18.037153,-16.020786,12.446079,-13.877287,112.34714673913044,2649.217859026324,0.15116461880804954,0.17761214,disco
-91.75992,86.314995,-17.351944,43.106068,-18.40748,34.058987,-18.420603,26.836887,-13.56513,20.214409,-14.637163,12.668141,-12.608889,135.99917763157896,2690.932759278845,0.12995726405282507,0.110856615,disco
-95.872894,103.33598,-36.4608,27.1251,-22.873163,9.985935,-24.656694,15.670155,-20.151213,18.746262,-18.563173,9.864556,-15.108637,129.19921875,2252.122477978003,0.12191385086106811,0.12425735,disco
-56.901474,97.02408,-17.874454,44.933502,-6.9323897,23.813328,-23.314041,25.996197,-10.480186,10.453681,-15.226058,10.030943,-9.161243,117.45383522727273,2308.7942063741325,0.11760246347716719,0.20663263,disco
-182.05023,103.41656,-18.22728,31.200912,-12.540437,18.842093,-12.869497,19.378906,-17.704332,18.50028,-14.324433,11.545081,-11.634119,129.19921875,2219.3232376250994,0.09617402162345201,0.068242274,disco
-154.6233,97.9326,-10.35732,39.12367,-11.213964,24.11131,-11.846502,24.19123,-13.460304,20.553188,-8.327632,5.867451,-9.686904,123.046875,2292.577700466476,0.09981534503192724,0.084769994,disco
-219.45564,94.70133,12.129364,48.870068,-7.2120833,16.628513,-15.087896,21.71444,-20.00235,13.238806,-15.698357,5.0570116,-15.283744,99.38401442307692,2143.645601948083,0.08475043234810371,0.059198096,disco
-193.22008,89.19422,-20.01387,38.74353,-2.7159598,17.057266,-7.9501605,16.08651,-16.764881,7.716307,-15.71264,9.034708,-11.31675,86.1328125,2292.41885340361,0.11643089081849846,0.07870453,disco
-63.650337,94.46596,-13.425887,32.77123,-13.71462,26.78027,-19.395613,24.652542,-11.667618,13.727572,-9.442895,8.833796,-4.980147,123.046875,2577.013955506876,0.13824595164957432,0.1809062,disco
-167.37817,112.48347,-4.58242,37.09087,-8.613287,27.826746,-14.716945,18.52263,-16.490128,13.760585,-13.3312845,10.215414,-11.575291,117.45383522727273,1959.5165152861578,0.09003346918537151,0.087620184,disco
-197.17924,83.36067,-38.557827,43.7167,-7.2955394,25.659225,-8.642003,13.397131,-12.153697,12.154943,-12.050202,10.627792,-2.405342,112.34714673913044,2455.1239938572585,0.1514639367260062,0.06203172,disco
-166.76927,67.73106,11.18009,37.429214,-10.941419,27.39617,-18.94085,27.29737,-15.843282,20.550398,-8.622007,14.187619,-6.0489874,123.046875,3002.526732630542,0.15866457345684984,0.08925272,disco
-95.80325,122.05659,-29.31912,50.3165,-11.940644,28.410152,-7.0477815,11.851946,-8.612015,11.568435,-18.395964,6.8620915,-11.662833,123.046875,1867.9206448682273,0.09448204394833591,0.16525841,disco
-100.293015,110.01217,-26.644552,36.823757,-10.413421,28.777048,-14.843354,21.28987,-19.675667,18.522434,-16.387474,9.157715,-13.791584,107.666015625,2139.4226685316107,0.10026696739551083,0.119228035,disco
-97.88562,101.0036,-40.547607,51.050194,-11.70962,25.064747,-14.048207,17.197395,-9.623668,16.97353,-7.173523,11.723433,-5.71623,123.046875,2238.799259178444,0.13146859278250775,0.1190426,disco
-114.932045,113.46387,-29.804312,42.612103,-10.32601,26.973412,-14.493735,21.24053,-17.650537,17.097872,-13.478901,8.591484,-11.427423,129.19921875,2129.3458917106645,0.1118704497629644,0.10027614,disco
-125.715775,88.52808,-16.738846,42.798138,-9.901168,29.185856,-19.342821,20.458702,-16.50553,15.012511,-8.765586,12.78412,-7.7588887,129.19921875,2574.7458410439813,0.14616918416215172,0.09060021,disco
-116.98034,98.51445,-19.014011,44.84704,3.8032014,28.483187,-1.1026869,14.693483,-7.7538214,9.756313,-10.111344,6.3672547,-3.920232,99.38401442307692,2036.7728048043857,0.09159921935468267,0.17351265,disco
-123.78829,89.824844,-1.8406465,51.169796,-16.261305,28.283545,-12.495138,19.032148,-13.280038,18.500017,-13.776395,12.866395,-8.7555,117.45383522727273,2457.998545443571,0.11753292497097523,0.1067002,disco
-86.0438,87.53873,-20.172316,54.019077,-1.0642165,19.562544,-4.0897794,21.03777,-19.567509,12.389661,-22.010809,9.599066,-15.931527,107.666015625,2461.1864561929897,0.13708722849748453,0.15334107,disco
-130.00577,102.49775,-4.443132,50.061092,-15.532888,32.12815,-18.182322,24.28785,-11.902589,13.763349,-12.898068,7.2710958,-9.37947,135.99917763157896,2208.1328125649534,0.09361054506095201,0.099305406,disco
-159.86688,81.975266,-16.765373,52.506096,-4.4480305,22.865051,-8.22628,23.367426,-5.528469,17.693354,-15.369107,10.806196,-13.526739,123.046875,2487.5432668509993,0.11808431997387771,0.09841011,disco
-133.8668,93.47174,-24.215984,61.44255,-22.856274,30.976551,-14.959397,20.244455,-9.292844,15.786768,-8.740783,11.968789,-5.3208146,103.359375,2481.887352406179,0.13440697259578174,0.09199635,disco
-116.92593,75.75966,-4.2054796,37.287037,-5.3384075,31.376095,-12.168359,22.909481,-11.43796,14.62477,-13.049894,13.4112625,-13.22882,129.19921875,2826.0632063160606,0.12049624794407894,0.10807372,disco
-91.597725,99.463974,-8.991621,40.185043,-18.037636,22.567217,-21.956272,15.782541,-25.665386,17.664223,-13.675539,15.635084,-15.469164,123.046875,2417.457577864453,0.11262743687113003,0.12268789,disco
-91.597725,99.463974,-8.991621,40.185043,-18.037636,22.567217,-21.956272,15.782541,-25.665386,17.664223,-13.675539,15.635084,-15.469164,123.046875,2417.457577864453,0.11262743687113003,0.12268789,disco
-80.92658,84.79292,-31.540653,33.89926,-19.848768,23.558197,-22.125015,20.021149,-16.759602,19.211897,-13.106137,11.505603,-10.726899,117.45383522727273,2667.6644949271727,0.14734075682082043,0.12524042,hiphop
-81.1395,49.606533,-14.548335,57.986927,6.8434696,27.148214,-6.8552327,31.304077,-10.086364,20.312963,-2.5413642,12.746546,3.9735262,92.28515625,2808.1424053109326,0.09764869146671827,0.28558367,hiphop
-202.88756,132.38377,12.001245,43.771038,-10.231295,17.12234,-13.5626,15.044013,-16.261728,9.421977,-11.645681,7.0476594,-4.317207,99.38401442307692,1490.5209977308093,0.05873774005901703,0.09350616,hiphop
-40.255154,80.830086,-25.643091,38.42609,-11.072868,24.912197,-7.3689013,26.772398,-5.286711,16.798525,-3.4986296,8.451586,-5.5967097,92.28515625,2493.1638737463427,0.10351449122000773,0.26646084,hiphop
-140.2109,71.62181,-3.7753892,39.005466,4.1943936,31.507359,-3.9653087,19.763544,-3.7660906,16.000135,-3.1709106,11.850969,-1.2552047,95.703125,2372.727829534901,0.09989130829140867,0.20048167,hiphop
-11.675508,81.99325,-8.505697,52.767826,-14.70422,31.964735,-19.689999,22.869427,-14.710649,14.518811,-10.083077,14.005072,-8.073014,71.77734375,2708.9613684451087,0.1246141368759675,0.26167372,hiphop
-59.61099,63.90056,3.4885836,45.235706,-1.1763209,28.23943,-13.166778,23.60513,-6.623221,16.478992,-7.2890754,14.477247,-5.7934427,99.38401442307692,2859.0217012683083,0.12823807565789475,0.27048802,hiphop
-58.451878,103.05016,-7.2154055,44.881866,-8.616438,12.345843,-13.746115,19.97422,-13.128944,17.136246,-3.9520185,15.581611,-0.46276775,123.046875,2047.1206937169864,0.07867374951625387,0.26401678,hiphop
-111.16549,55.1944,-18.44469,47.21848,-24.78782,22.52642,-21.138931,12.542855,-15.849728,16.296558,-12.565083,9.60918,-12.127597,172.265625,3069.395746222052,0.17691578584558823,0.14187486,hiphop
-95.086945,94.193474,-2.5176673,49.53372,-6.6139855,33.199677,-7.5960355,20.963081,-8.853171,16.792492,-5.245886,10.775888,-3.4604821,103.359375,2199.9161931162494,0.09832480226876934,0.21563886,hiphop
-67.45474,94.84137,-38.85323,37.641747,-12.254447,36.9015,-12.652126,18.297037,-8.852412,17.983482,-7.2768803,9.716908,-8.74362,95.703125,2284.5537023938355,0.12547203040344426,0.1716394,hiphop
-74.19891,104.60867,-8.396771,49.658215,-9.376968,21.438307,-16.337013,18.78141,-13.079522,18.463999,-14.953655,6.8762655,-15.326538,135.99917763157896,2095.2999106477832,0.0941872611503483,0.20375179,hiphop
-67.10566,112.41543,-23.642479,44.281242,-18.861816,23.874338,-13.404416,20.146225,-10.650068,20.623596,-7.5087595,14.42337,-9.39121,99.38401442307692,1976.5494346772984,0.08725570820433437,0.19889054,hiphop
-129.40356,141.74864,-42.528156,34.001812,-6.971375,8.68778,-11.36306,15.943838,-9.015018,6.639111,-8.326205,7.5594826,-5.469925,103.359375,1798.2344278466167,0.0966369817869582,0.13660018,hiphop
-51.27445,91.09927,-33.769688,69.9306,-12.950171,23.187635,-13.769311,23.784004,-14.735113,10.69933,-13.481394,6.0735264,-14.7200985,135.99917763157896,2437.1444906156676,0.13386653746613777,0.18516475,hiphop
-81.91787,94.772316,-16.236649,40.530563,-12.247199,28.186155,-20.102428,18.101372,-14.641278,14.18454,-7.25433,13.6582365,-8.488,198.76802884615384,2395.496191736084,0.11596868650832043,0.14017272,hiphop
-88.064995,77.3721,-19.0961,51.575947,-11.776864,22.210978,-4.727707,20.109219,-8.32937,14.603727,-3.8112478,8.579865,-11.464596,99.38401442307692,2433.764468111271,0.11047967963912539,0.20763418,hiphop
-76.82371,98.38955,-5.0260615,49.33168,-10.2882185,33.286823,-9.96177,17.616522,-12.23127,18.665478,-10.97679,11.510851,-10.490248,99.38401442307692,2144.794528258055,0.08034305159152477,0.19142626,hiphop
-113.496315,68.45945,-15.764092,56.38857,-8.150662,27.04156,-12.364466,20.665415,-12.666251,15.433281,-10.998275,14.049129,-12.502553,143.5546875,2677.639716066268,0.1457859665247678,0.16556409,hiphop
-64.652565,88.21731,-10.360637,41.79439,-2.56113,22.901436,-6.498876,16.630945,-5.8019123,13.093463,-6.9120083,3.027008,-9.772857,99.38401442307692,2470.7222619019626,0.10016379341621517,0.22598088,hiphop
-122.2709,50.584606,-27.789642,66.590706,-6.6044073,32.067585,-8.222272,22.451204,-6.9416556,21.064741,-6.1830845,13.653635,-3.0919614,117.45383522727273,2677.5983922065384,0.10805943728231424,0.1759158,hiphop
-27.619719,94.39549,-20.580793,49.872005,-14.710575,23.870302,-17.608202,24.036556,-15.884776,16.42729,-10.625279,13.890171,-10.467003,99.38401442307692,2405.5835283761526,0.11973245815595976,0.24188346,hiphop
-100.66327,110.21073,1.0357708,38.765923,-14.493542,20.652626,-18.038021,12.568845,-14.1262045,15.102986,-9.241575,11.399987,-9.509009,99.38401442307692,2025.7166368995133,0.0753997708252709,0.1735269,hiphop
-44.67913,101.19932,-26.271496,52.930775,-11.720016,26.934399,-13.286411,20.705006,-17.487642,11.86239,-10.67016,8.376947,-15.42806,92.28515625,2240.303180287592,0.10668265044504643,0.19052872,hiphop
-62.994812,86.3237,-37.947296,39.573452,-16.5329,21.116253,-12.255194,13.094143,-12.382426,16.648333,-3.980502,8.853623,-6.325512,103.359375,2517.747734885853,0.13887293198529413,0.17865911,hiphop
-44.374714,93.37466,-22.270527,48.861946,-13.884773,34.419384,-6.297982,25.889359,-12.322337,20.435734,-5.749465,11.854348,-11.549436,107.666015625,2305.1590945533026,0.10742111914667182,0.25156936,hiphop
-103.22314,30.57212,20.809034,45.81602,9.800678,8.6273155,1.6164563,12.33468,0.51866484,4.9922223,-2.83595,8.032367,-1.3974612,103.359375,3459.980501661103,0.17347174015576625,0.1641434,hiphop
-109.07124,76.91491,2.592334,19.059635,0.5502822,8.174562,-8.068408,5.9523516,-4.3305674,3.6560755,-1.5556679,2.6334875,2.2520404,92.28515625,2637.4232219262044,0.1028002098248839,0.13497086,hiphop
-83.20265,67.71298,1.2305168,29.658491,12.577921,5.613066,6.211838,8.097905,-4.7848654,7.664915,-1.1791575,4.242718,1.9306675,92.28515625,2774.871060337549,0.11459341137770898,0.15452561,hiphop
-72.5143,57.03795,5.9483895,25.904427,6.6623893,11.494862,5.109201,10.105276,0.95039636,8.6856165,-1.6870507,5.997685,0.14304201,123.046875,3131.3432607004365,0.11568637529024768,0.16638106,hiphop
-23.794031,43.716946,30.55069,26.501972,4.336693,21.91375,2.576287,6.990405,-1.4965211,4.582283,0.41704255,2.4645858,-4.074756,89.10290948275862,3724.7745542619245,0.1727574587606424,0.19396807,hiphop
-25.108788,60.825592,-4.1871734,14.848388,6.795023,6.0983334,15.451298,3.784735,5.6598086,10.247507,0.8633308,4.183889,0.9262049,99.38401442307692,3084.823804546642,0.13644361938854488,0.21307458,hiphop
-148.12135,90.56765,-0.27532318,28.855238,19.306164,15.245031,4.281466,15.519956,1.2726043,11.129076,8.849079,6.316172,1.631252,99.38401442307692,2145.890945678912,0.07872191436531008,0.13448663,hiphop
-31.93763,59.89348,-2.7075214,33.514893,13.086964,9.461902,-1.6719098,14.184528,3.138348,6.8036537,1.16956,3.8993716,1.6967896,198.76802884615384,2982.0828218625525,0.15224662284732973,0.21436137,hiphop
5.8419895,53.237312,-8.979136,26.946,0.44115105,15.555138,1.657118,7.6658325,4.9847784,8.606436,3.414468,8.525943,1.1329907,198.76802884615384,3191.1765117370255,0.16916602167182662,0.22781995,hiphop
-100.91944,64.29094,12.551603,26.481693,12.40743,12.135959,2.469894,18.496998,1.5057793,12.0577135,-1.4862086,6.7316265,3.8606365,143.5546875,2825.5302060644444,0.10329945094814241,0.19127107,hiphop
-220.95444,41.13651,-13.99925,33.618793,12.183349,13.665729,5.9543242,7.631933,5.290375,10.4727125,4.765573,6.5006533,6.4908986,117.45383522727273,2960.013105340155,0.12089987362132353,0.08916087,hiphop
-96.6639,30.600752,2.5303547,12.69253,-10.973727,-2.1038084,-3.6324108,-7.5899434,-5.3217125,-0.6840313,-4.148996,-3.1092334,-4.8592544,143.5546875,3770.0765106624654,0.21284149453366874,0.15945259,hiphop
-62.8069,72.1019,-16.114138,27.418505,5.5609536,1.8214277,3.9023929,8.463778,-2.0074487,5.825009,0.15586385,-0.30150026,-0.66753745,184.5703125,2202.2948946843676,0.09668724603328173,0.2692118,hiphop
-121.61006,76.91941,29.013481,9.935918,3.1737647,5.175322,4.968313,-1.0265123,1.1707609,2.1393538,3.117648,1.1366775,-0.7820611,184.5703125,2706.6714628489012,0.1125715037248452,0.18296981,hiphop
-185.25148,96.74281,44.600403,13.892824,6.0146594,-2.9065557,3.261851,-9.664786,-3.6485925,5.251207,-0.9549689,7.687712,6.0880246,80.74951171875,2431.6745536158296,0.10152508526025542,0.13060717,hiphop
-76.582634,68.337524,-0.9878047,30.346247,3.6340482,5.2012167,3.2781923,2.9408545,5.555166,4.673672,4.329291,3.4459429,2.8557053,92.28515625,2708.8083141428915,0.12015460223974458,0.18603957,hiphop
-74.35975,48.817753,4.047643,35.846367,12.4972315,13.47496,9.024468,12.56751,2.486558,12.132177,9.134346,3.9287133,4.571033,92.28515625,2908.796471318714,0.10257420967976007,0.24808368,hiphop
-155.63774,113.65833,-4.024228,18.278229,13.48391,8.251857,8.810652,11.110943,8.910264,10.224347,6.1002116,9.738549,9.320228,89.10290948275862,1834.8226201664872,0.06156538735971362,0.13564475,hiphop
-267.52255,77.79211,-18.189766,18.888138,1.994397,-7.588774,4.7138777,-7.6983323,-10.356959,10.975267,-2.8659422,-5.757438,2.347153,117.45383522727273,2548.7636099360616,0.14338613220781735,0.038039632,hiphop
-121.61006,76.91941,29.013481,9.935918,3.1737647,5.175322,4.968313,-1.0265123,1.1707609,2.1393538,3.117648,1.1366775,-0.7820611,184.5703125,2706.6714628489012,0.1125715037248452,0.18296981,hiphop
-75.66786,91.02241,9.864941,25.09408,11.801716,10.166983,0.124580994,8.227129,1.6348943,0.4970397,1.8070879,5.4929857,1.2929038,95.703125,2306.786333638483,0.09149226610874613,0.2280169,hiphop
-76.64228,52.776497,34.640076,26.187645,16.660328,11.346408,5.853892,6.9042377,3.664476,-0.960427,3.8758972,4.4879446,0.6365995,95.703125,3236.2092131808367,0.10935685952012383,0.24710079,hiphop
-87.680786,79.37558,25.071247,45.16531,11.199144,18.170174,3.5208578,6.9955754,1.2674153,2.3607879,-1.7764663,-0.012601823,-2.7059743,95.703125,2344.385703637443,0.07745040090460527,0.23021632,hiphop
-44.555233,41.6235,29.91263,51.863693,12.87563,13.724891,7.962605,9.290234,8.388368,1.899423,1.1413115,4.564992,5.5246224,129.19921875,3084.4973664314452,0.10872005309113777,0.28883296,hiphop
-114.06302,110.11895,17.930183,37.930096,27.968828,1.4038033,15.55362,1.4255455,7.3542895,-3.3255098,8.241861,-0.18475705,0.6828673,99.38401442307692,1683.7287656142807,0.04244418779024768,0.27364036,hiphop
-78.71352,73.09978,21.83404,49.21601,3.1142886,18.307453,1.8565904,8.398898,1.4257842,4.2191653,-1.3232716,1.2506557,-3.0139785,103.359375,2500.521404911738,0.09951791674729102,0.24401791,hiphop
-146.51694,81.558525,31.962297,22.430374,5.098355,13.628087,6.495129,8.408916,4.438316,5.0106626,1.8354231,2.8645813,4.5268016,103.359375,2595.782821610755,0.08231280536474458,0.10996669,hiphop
-144.97781,66.67153,44.280056,22.528505,6.5213594,8.85033,11.895541,5.837181,3.0436742,6.451863,3.56229,2.5228522,3.8309376,107.666015625,3079.1103340087907,0.10707796173568111,0.10891584,hiphop
-104.715996,64.0346,28.791668,10.54608,15.168903,13.066784,8.023293,5.2342043,6.73682,5.12485,4.4460244,4.464318,3.354734,112.34714673913044,3258.7937668169607,0.12631934198432662,0.124151625,hiphop
-161.4768,104.041115,-10.936409,43.69308,13.973775,14.462216,7.5062613,9.4815645,6.4391665,6.9952273,1.3608633,4.4386225,-2.926756,107.666015625,1735.5854903743884,0.07250031745839783,0.1337594,hiphop
-101.081245,72.40871,-2.3747907,46.051167,5.5450935,24.21515,3.540355,14.531002,5.654686,13.5351095,4.972193,9.905891,2.9368954,99.38401442307692,2355.621296823601,0.07013033934791021,0.16661067,hiphop
-113.628265,87.07087,-0.6380833,52.25518,19.377625,19.676193,15.387045,13.71075,6.951093,9.07707,7.965796,4.412705,-0.15473127,89.10290948275862,1811.0907893923022,0.05145433738873839,0.22475857,hiphop
-109.83064,63.104633,-13.840905,43.019493,6.142044,23.18746,8.019648,10.65603,0.9803229,5.321308,-1.832165,-1.4251207,-1.8639752,172.265625,2676.5339159173477,0.13613863257062694,0.13039982,hiphop
-133.22668,93.950745,-2.2413454,50.195454,12.518455,15.036698,11.511907,10.2486,7.9517236,10.803761,1.9746124,5.198634,1.066262,92.28515625,1949.3068336318568,0.06300302038989938,0.15126342,hiphop
-153.50096,92.7777,-15.882087,57.952423,8.575668,18.462399,13.276261,11.162719,7.6137323,12.974225,5.661205,7.017445,2.8843374,184.5703125,1717.834483382323,0.05390783729198916,0.18021107,hiphop
-127.29857,95.78884,-12.756139,37.96444,20.579319,23.185549,8.276987,9.615845,8.68504,5.52123,6.6797304,4.0264277,1.7274877,184.5703125,1811.4872110056333,0.06727699303405572,0.15561001,hiphop
-144.1154,73.38274,4.689501,24.034184,12.896575,14.024166,8.642744,6.9087343,-1.213075,-0.8405232,1.1626184,2.5793061,-1.112953,92.28515625,2449.072471257414,0.10955073589880031,0.19092278,hiphop
-98.840996,71.10852,-10.045742,31.72339,5.1446595,1.8752184,-8.893279,-4.26445,-5.962237,-4.2694745,-0.658704,-1.8606147,-0.5169801,92.28515625,2671.0740466843918,0.12218709183920279,0.18616363,hiphop
-82.424774,69.95745,10.693318,48.804077,4.6395693,13.286027,-1.7903582,5.122208,-1.0849245,-2.7959135,-2.5498505,0.21808513,-3.1269517,86.1328125,2429.9366980056257,0.07981168670181889,0.23596337,hiphop
-140.14876,77.06105,42.029648,31.239227,12.191809,10.215243,3.7374847,8.286639,-1.5532026,-1.7558184,3.6267605,4.589858,-2.549267,95.703125,2447.981517210075,0.0886033946884675,0.20674568,hiphop
-111.84788,89.10123,13.179904,36.344612,-3.2759242,3.877823,0.56384236,6.3377275,-2.17961,2.979102,-1.636557,-0.36629114,-3.4718986,92.28515625,2245.1543617872862,0.0793853854247291,0.18986075,hiphop
-74.77094,58.740543,9.939784,21.570107,15.071628,4.9377294,2.282748,5.4688973,3.120033,0.6039443,2.466406,4.21144,3.4745803,95.703125,3053.2752032918966,0.1268197168875774,0.21792412,hiphop
-66.06443,74.91577,20.634378,39.27426,8.157337,15.135332,-0.382837,5.5729513,1.4617357,-0.6336607,-1.5710732,1.4559903,-2.414519,95.703125,2545.058137328884,0.09572391096652477,0.22879635,hiphop
-59.209255,36.20804,39.83428,49.976196,10.15085,16.890432,9.76988,4.446044,2.4115603,1.7071006,2.3673708,3.909562,3.2013638,129.19921875,3299.440188118393,0.1209660107875387,0.27176604,hiphop
-81.68595,82.33596,53.54203,25.494244,15.711485,19.212008,8.4409275,6.372037,0.20460086,0.15445593,1.1984614,1.5259029,-0.725247,95.703125,2501.25903379901,0.06926450936048761,0.2787715,hiphop
-78.69876,51.460278,42.21705,30.076286,20.110865,6.993342,8.018718,6.883307,-4.6201587,3.6496065,3.6401918,4.324948,2.607875,95.703125,3186.910019337875,0.10757606907894737,0.2470289,hiphop
-118.020584,102.3068,20.772593,37.010674,24.395523,7.802754,15.927474,-1.5940946,6.763179,-0.7802005,8.579758,1.473606,-4.2227297,99.38401442307692,1818.8189646845494,0.05136250120936533,0.25294384,hiphop
-78.25045,70.18874,45.90895,42.075985,15.097313,10.689846,-0.69202554,-0.6105204,0.3715643,-0.35092285,1.1027349,-0.6717469,-0.81453276,92.28515625,2566.5587161240874,0.08562004160216719,0.30033332,hiphop
-68.78753,62.373886,24.279099,53.785713,-1.9191564,12.823493,-4.35876,12.354515,-0.22019342,9.053527,-0.9775518,3.94197,1.9162539,99.38401442307692,2775.2916756205336,0.11079033535700464,0.2083498,hiphop
-94.57142,51.723648,17.519943,28.904242,2.063757,3.7271113,-1.85162,4.36836,8.781322,2.1316028,-1.3799784,4.6916013,4.077907,92.28515625,3139.605595979825,0.146737207938274,0.19167505,hiphop
-111.22915,89.94116,4.453146,14.530579,9.934057,-9.441968,2.9049582,-0.13894081,-3.0650673,3.272368,-1.4969655,1.5704436,2.3964047,95.703125,2328.3253525938053,0.09669745005321208,0.23721823,hiphop
-25.853546,70.946365,9.548489,17.47975,-1.6311874,-0.5474363,0.26069003,-4.6436267,-0.5859255,-3.086073,-2.406542,0.38653895,-2.158143,117.45383522727273,2986.424482322364,0.13766243288022445,0.23842552,hiphop
-111.22915,89.94116,4.453146,14.530579,9.934057,-9.441968,2.9049582,-0.13894081,-3.0650673,3.272368,-1.4969655,1.5704436,2.3964047,95.703125,2328.3253525938053,0.09669745005321208,0.23721823,hiphop
-79.74996,62.275124,-5.1084466,18.229969,12.862356,-14.114573,4.9116673,1.6750953,-5.7800555,0.81444365,-3.8078806,2.0120642,3.4144382,103.359375,3213.1475995725405,0.17240182976973684,0.15468617,hiphop
-64.00121,50.804565,6.6021595,27.830774,6.6337037,0.29855335,2.8219566,3.2134213,0.16524184,0.6103196,0.09556537,-5.067103,2.66281,95.703125,3377.342805929625,0.15500095237519348,0.14134684,hiphop
-216.06976,122.55899,0.9373161,39.356617,9.2882185,26.045794,-4.027806,18.256382,-6.51141,13.911774,-3.072288,8.876831,-4.3585534,103.359375,1469.3760072038708,0.05177973224651703,0.08638297,hiphop
-122.780525,95.06129,-29.36325,46.780045,-15.998561,27.117586,-13.113779,20.258003,-5.389465,15.459252,-6.909567,15.645838,-6.707096,107.666015625,2290.107317796501,0.11322947404702012,0.10228207,hiphop
-122.01623,89.59382,-25.749514,40.978493,-4.2805367,27.57391,-15.565974,22.4104,-10.840677,19.818462,-8.638996,19.100218,-8.472635,103.359375,2368.0288949553296,0.11085004776993033,0.11063568,hiphop
-214.31303,100.31755,-33.45657,47.25948,-8.953327,12.991591,-17.322504,11.068476,-11.724059,8.812742,-7.8322997,6.2648187,-0.10495941,112.34714673913044,2044.4018831699113,0.10514864611551858,0.065886386,hiphop
-114.30269,80.86408,-18.181608,50.662544,-14.933624,29.2647,-20.050333,18.588346,-17.686916,16.67295,-11.416135,16.297127,-4.473333,112.34714673913044,2607.901477732147,0.1272399713380418,0.1062111,hiphop
-198.97505,92.61563,-19.53599,39.540478,-0.64480937,33.591434,-6.4655643,27.51714,-2.412998,14.994363,-2.9805148,14.907302,-3.387167,99.38401442307692,2083.393807295725,0.0798679977747678,0.07905022,hiphop
-168.3471,70.93957,-3.0408056,54.825478,-12.10462,30.515265,-1.521291,28.844463,-8.925714,18.759966,-6.6007915,14.6028805,-3.5750635,135.99917763157896,2472.488643988058,0.08769334728134674,0.10804736,hiphop
-89.86678,79.76334,-25.737305,47.726387,-10.019151,31.556944,-22.19752,26.661226,-10.976784,18.823181,-15.565013,14.414716,-10.038895,117.45383522727273,2694.9757203214963,0.14991216984326625,0.118590504,hiphop
-103.13827,74.09022,-22.43464,51.60479,-7.0798135,32.670975,-14.993524,19.642502,-7.0712337,22.27215,-7.3240576,17.611782,-0.04568531,123.046875,2670.154564498446,0.11762400529702012,0.12070812,hiphop
-109.50919,97.389565,-20.619621,37.366673,-3.1259978,28.611208,-14.169424,23.862112,-8.736171,19.892464,-11.298631,17.939692,-3.482387,151.99908088235293,2272.8344394005203,0.10450163566660217,0.109101996,hiphop
-105.56951,76.67492,-24.774305,55.198994,-8.257657,28.899265,-15.7475815,26.304575,-8.49144,20.454641,-8.151382,13.922347,-6.5663133,103.359375,2628.9767336632103,0.1385550956607972,0.11357303,hiphop
-144.99234,84.061775,10.848203,43.601334,6.2819,36.12911,-14.662279,26.805468,-10.336029,24.696184,-8.72415,18.79265,-4.3968787,112.34714673913044,2330.839628497738,0.07263901654411764,0.12256441,hiphop
-191.63844,41.317802,4.9925,65.465614,-4.3202295,42.641537,-12.25316,23.817207,-4.27326,16.03992,-5.0856843,16.431042,-9.372979,117.45383522727273,3185.1421645019136,0.15219749238099844,0.06723458,hiphop
-169.93532,98.057625,-11.311488,38.265522,5.069619,25.395584,-11.830673,25.108501,-5.5583887,19.205223,-2.9109883,18.213062,6.1053805,151.99908088235293,1929.5861395660595,0.054190904363390094,0.110711865,hiphop
-92.59165,77.41268,-32.75637,54.59612,-13.199195,33.65628,-12.085772,28.015388,-11.966782,18.82935,-6.6704774,13.036639,-7.0213475,112.34714673913044,2735.79580212033,0.15760335538409442,0.10348285,hiphop
-128.15352,124.5842,-37.200493,43.892124,-12.789882,18.988998,-9.285406,19.78161,-6.8781185,13.477492,-5.979898,12.329025,-4.6527686,107.666015625,1752.0147471390128,0.08312648147252322,0.11082602,hiphop
-111.189964,80.63883,-0.87595993,50.6178,-13.474105,35.3258,-14.840684,21.193808,-13.577968,19.628597,-11.768655,16.968807,-9.362857,151.99908088235293,2581.727525217468,0.11598796076818886,0.11850105,hiphop
-129.95169,72.02137,-23.253374,63.230637,-6.873468,34.400772,-12.189914,30.506071,-7.582158,20.604498,-6.197449,14.683234,-2.939595,107.666015625,2538.2434921295203,0.10066983721942724,0.118977465,hiphop
-138.74834,100.20922,-31.457195,32.444756,-2.7770367,13.111023,-14.509458,13.948756,-15.169027,8.204797,-4.9205856,3.5231578,-7.9803023,107.666015625,1963.1932861624277,0.1015708143866099,0.15373959,hiphop
-251.99103,137.88876,-11.156676,8.355846,0.71759844,1.588884,-3.7369921,-4.1388264,-5.510426,-2.6428099,-3.5355754,-3.1450665,-1.8456105,123.046875,1504.4850155324564,0.07846437814434984,0.046762493,jazz
-345.7682,146.9814,-0.49109605,22.638971,5.8185916,10.342899,-0.17026813,-1.7211474,-6.119701,-0.51345825,1.0318325,1.2220972,-1.9446282,135.99917763157896,1266.346201396591,0.0592777972619969,0.022791114,jazz
-257.01797,175.31583,-44.815468,25.663235,-4.2567406,-0.22128825,-11.323123,-9.186279,-4.099932,-8.300055,-22.553421,-7.608669,-7.6533217,151.99908088235293,1064.8215157992543,0.0578726659249226,0.080827355,jazz
-297.2327,193.09448,10.135854,-1.6042597,3.403755,9.997605,-7.269057,4.6904345,-5.3988442,-2.866193,-10.235335,0.3849236,-4.966055,92.28515625,813.4386379736895,0.04467433303502322,0.05947569,jazz
-270.312,137.55493,5.6220326,42.5081,-7.959412,9.935899,-6.8239927,8.244322,-6.188955,5.469562,-5.445732,-5.178623,-6.994632,64.599609375,1039.7104745190284,0.04776879656056501,0.1087248,jazz
-246.32089,120.20308,-0.9341652,30.689386,0.1911538,23.146517,0.42938477,9.172055,-0.5738319,5.7225223,-3.756935,4.2316704,-0.27937397,107.666015625,1267.9899185341335,0.057861328125,0.1074972,jazz
-234.3426,142.7224,-14.277185,51.92306,-8.200178,12.773935,-4.295218,12.082512,-13.723852,-1.5506785,-3.9817665,4.937514,-3.9372153,135.99917763157896,1220.0295209430099,0.04806244557856037,0.098557666,jazz
-291.96646,137.64107,2.6701071,35.637436,-12.310618,15.607239,-6.7985826,-2.8389623,-3.7904332,-3.4771762,-1.7255411,10.397662,8.31119,61.5234375,1170.1567961600012,0.06483445300406347,0.093731664,jazz
-189.91695,134.41617,-25.677439,45.7453,8.189717,21.450272,-4.58438,14.390941,-12.660092,10.280643,-7.9415693,-1.1395626,-5.047989,107.666015625,1304.6853072764807,0.04627485245743034,0.11859105,jazz
-296.6781,172.37866,16.867044,18.952925,1.3671669,14.381316,0.9986542,9.520249,-7.4175553,3.5217025,-7.659343,-0.10418455,-7.962855,107.666015625,749.3568923103393,0.03169028456366099,0.085357636,jazz
-318.80017,162.65161,-16.452929,39.116074,31.457945,15.257577,-0.689127,5.7950263,-8.640236,-4.003876,1.3734984,0.09258098,-3.0869427,112.34714673913044,829.2976290034476,0.033065559694272446,0.064137496,jazz
-192.5174,113.18369,-6.3730574,39.593094,-9.189579,17.204056,-19.1146,12.203582,-15.475888,9.702116,-10.9617405,12.922776,-7.292178,99.38401442307692,1825.9751750083587,0.07692054772155572,0.07116985,jazz
-253.22859,122.68326,-5.6540437,40.59252,-5.8463955,18.427742,-16.653336,14.598945,-15.162859,8.216918,-13.890628,8.28256,-7.312089,112.34714673913044,1651.0000253804194,0.06369991715847523,0.0375109,jazz
-217.64452,112.63787,12.686546,39.541504,-9.824912,17.383017,-12.365174,20.71796,-18.302826,16.35581,-10.025547,9.036939,-6.8994865,99.38401442307692,1790.006149597724,0.061073326843072755,0.055481903,jazz
-358.30573,137.95895,-11.000713,20.85169,1.947358,-3.4139953,-11.520309,-3.2774692,-11.020816,-8.386407,-7.478809,-1.0018493,-6.738015,129.19921875,1171.777849469535,0.06494254002999227,0.039293658,jazz
-200.01402,117.22407,-12.376733,39.106846,-6.360409,16.528856,-17.306795,13.629066,-17.661602,14.0300255,-10.206363,12.1770115,-6.719636,117.45383522727273,1782.4772448641631,0.07357060577109133,0.062368374,jazz
-259.8296,123.20836,-6.4113007,37.575974,-2.9846902,13.062032,-14.09377,5.306913,-11.979528,3.5143046,-9.639545,5.340486,-7.8407803,73.828125,1465.5161216965355,0.06986427897639319,0.060589816,jazz
-233.09598,105.91776,-2.676614,37.433628,-8.178377,15.727415,-15.066482,8.377423,-16.38041,8.630883,-9.384078,7.093085,-5.9991117,215.33203125,1934.517120777341,0.08418656576528638,0.049848225,jazz
-192.12538,105.58749,-26.031012,40.159424,-6.654979,26.496704,-10.388105,18.469725,-13.995583,14.937352,-12.68688,9.585426,-5.1951475,103.359375,1992.940889677231,0.0877088422745743,0.05222462,jazz
-267.28662,129.05225,-14.73706,41.268764,-1.014971,22.953379,-8.132359,11.1797495,-9.073574,11.318423,-5.499914,13.579102,-1.1755174,184.5703125,1352.9901253634764,0.05548416940789474,0.050200842,jazz
-376.69403,119.16358,-2.9616616,48.508884,13.156194,21.244488,0.012301135,8.008127,-0.41269517,2.3665779,-0.03935634,0.89695185,1.6664363,107.666015625,1171.3008454419294,0.03297183388157895,0.027123563,jazz
-174.70403,75.89945,-12.7928505,52.606617,-29.416115,22.748615,-22.366758,18.633335,-24.704725,21.168024,-13.802683,13.009406,-7.8598876,123.046875,2915.1352677290415,0.1813991298616486,0.047963757,jazz
-298.80795,112.078224,6.48577,28.386517,-6.7646794,16.651894,-11.809684,12.746783,-8.347038,13.898631,-4.235765,2.3195715,-4.326794,129.19921875,1451.4983709587157,0.05122229041698916,0.050492767,jazz
-188.10991,98.633316,-11.278644,47.21775,-20.33315,18.785868,-15.794505,13.689795,-15.455809,17.430904,1.0143805,18.283552,4.647218,86.1328125,1987.9269514759144,0.08007358988003097,0.08783356,jazz
-202.60838,105.84573,-20.537838,43.89796,-14.2723465,25.29954,-15.592006,15.311661,-13.294727,12.276098,-8.764147,10.158417,-1.868105,103.359375,2034.579158061201,0.0932473575367647,0.058850657,jazz
-237.66241,108.30336,2.0399823,41.773727,-10.451949,16.930843,-8.600079,12.78567,-9.114532,15.938529,-6.518535,7.1738243,-8.2532625,103.359375,1698.069097537734,0.0636243318256579,0.06936076,jazz
-414.14978,104.84414,-7.8215127,37.875397,0.21377914,23.427856,-7.2741003,5.7665963,-1.0599747,8.498607,-5.4900293,0.89405924,-1.463813,151.99908088235293,1367.4115371823066,0.05863569985971362,0.03192383,jazz
-262.1244,108.98235,-6.3325515,55.18973,-10.662288,18.535446,-4.2509165,18.561224,-19.706917,17.57483,-10.982369,11.932401,-3.4279113,143.5546875,1769.401598572535,0.0626534382256192,0.04059718,jazz
-233.75851,108.46989,-10.714609,38.69959,-10.764275,14.162392,-16.258524,10.3716345,-20.816319,10.070498,-12.024098,7.7657723,-12.021538,99.38401442307692,1853.5659404817295,0.07490468689531733,0.048769686,jazz
-232.99846,93.82679,-16.198397,49.57395,-13.947246,13.494128,-11.8284,13.29052,-25.828712,17.37681,-13.317585,9.2779255,-5.4937844,112.34714673913044,2235.3440263233524,0.09940416082140092,0.036303554,jazz
-318.9286,115.70399,-23.042326,52.599457,-12.819439,14.633502,-8.213702,0.30774945,-23.876354,10.8421955,-9.591384,7.4833236,-4.2422366,215.33203125,1687.29845279388,0.0846627533620356,0.029602116,jazz
-237.4993,115.94339,-15.457233,47.112404,-13.510732,18.199331,-13.971238,15.334493,-17.535894,13.420798,-6.2305856,8.634658,-7.2484007,112.34714673913044,1752.8065045704263,0.07241415017898607,0.043587964,jazz
-305.4945,121.9265,2.5947757,36.92105,-8.559168,17.905397,-9.27087,10.555924,-9.937912,2.309935,-12.68508,0.30534193,-8.61895,129.19921875,1522.348449286544,0.06140930364744582,0.04050316,jazz
-261.7981,139.52617,-17.128895,49.894917,-5.868644,19.853361,1.8584793,5.7186427,-7.8311825,-0.41735047,-1.2528472,-2.1903841,4.465002,95.703125,1169.651305238844,0.042349706124226005,0.06975041,jazz
-146.41248,118.20678,-34.67274,58.787296,-14.96906,34.30445,-6.6033545,13.900938,-14.645583,9.200514,-11.337798,1.0974871,-5.503308,95.703125,1759.5124735322347,0.07934494727167182,0.12998866,jazz
-261.8773,182.53572,-16.907091,49.871548,-1.2144475,6.345548,6.0023866,-8.87311,-10.31628,-3.2050645,-5.3718143,-3.5495334,-2.8916368,71.77734375,844.1391584726199,0.03772993058243034,0.09149953,jazz
-196.84306,152.79964,-36.91005,41.80352,-8.709019,4.415908,-11.570121,1.4324354,-14.735855,0.4683204,-10.17039,-6.9220095,-6.25243,123.046875,1482.2909039482731,0.09955948868034056,0.08055791,jazz
-198.46254,140.68542,-18.416391,30.510448,-6.7052684,15.720156,-0.73312235,7.2968287,-6.5850825,6.07465,-5.1329575,3.4482963,-2.8441162,95.703125,1276.6962578384569,0.05151291602167183,0.106601134,jazz
-179.59479,124.327644,-29.741776,45.383682,-10.188967,17.7808,-8.817681,12.764228,-10.756726,8.615612,-12.390897,3.3914454,-12.018151,151.99908088235293,1554.37964673427,0.0664005811000387,0.097780414,jazz
-237.23965,146.8258,-24.444063,64.27367,-10.833981,3.2591314,-1.3375037,2.7255344,5.1689434,0.3977407,9.61138,2.5067873,3.1193676,99.38401442307692,1311.6069322444207,0.0765237247242647,0.082262956,jazz
-179.7903,147.7629,-20.479698,58.623974,-23.80918,2.4678252,-3.195293,-9.301367,-5.7592354,-0.42645633,-8.36673,3.102465,-6.851183,99.38401442307692,1317.1069234804231,0.0548605904121517,0.13803996,jazz
-216.31119,134.98277,-35.480675,61.595497,-14.545805,11.046171,1.2093091,10.962497,-8.294633,-1.4437149,0.12248731,8.281558,-4.5786414,95.703125,1617.8954526280604,0.10063091077302631,0.07821867,jazz
-206.78493,141.83739,-13.811614,49.346706,-24.811642,11.820209,-12.791096,-16.55724,-8.389538,-1.2063179,-7.6506824,-1.3711843,-9.346775,73.828125,1344.4488685825502,0.06121202592879257,0.09952182,jazz
-173.28468,111.695885,-35.922306,45.8553,-11.438427,19.691587,-8.049167,17.947191,-8.949709,14.695819,-10.342502,4.6709757,-11.798713,151.99908088235293,1760.2398025931382,0.08566917206849846,0.11171224,jazz
-246.97653,167.98892,-19.801535,22.009905,-0.7347983,15.093262,-1.2836856,4.7284274,-2.0619886,6.532096,-1.3844994,5.6376348,-0.2860059,103.359375,1004.9502771230314,0.04966409878095975,0.08642742,jazz
-231.32324,174.37616,-19.749836,47.37502,-1.9767631,6.6665854,-1.1248547,-5.499828,-13.732543,-3.6929977,-6.3150654,-1.5051631,-2.6337101,73.828125,937.3979933729273,0.04262597051567337,0.100316875,jazz
-204.23213,147.5966,-25.21863,49.354248,-15.650294,2.700042,-7.8495536,-10.64235,-4.7988915,-3.6669726,-3.5059485,1.5687524,1.4722061,107.666015625,1295.2562362132712,0.058650061072948914,0.11051244,jazz
-201.8075,109.284294,-15.505193,44.283955,-11.047105,18.851799,-11.312692,18.409912,-18.911566,11.22641,-11.899514,6.9697385,-11.650191,69.83741554054055,1982.1284065663644,0.09357350824787151,0.05388066,jazz
-204.8289,117.45068,-20.939705,42.00593,-10.364102,19.208967,-11.633759,7.984112,-20.264105,8.785672,-11.69737,5.1714864,-11.238976,129.19921875,1748.0333593267528,0.0792973285119969,0.05864249,jazz
-165.46796,87.24911,24.815533,28.417309,-2.7805505,-1.3317887,-14.06644,-4.7474623,-19.206074,-0.5928635,-11.947256,-8.335517,-8.235879,184.5703125,2050.136011182281,0.06479514863099846,0.18441704,jazz
-55.19004,77.47864,8.272335,31.560976,11.512486,11.753403,7.877706,13.5176115,-2.2645762,5.6161685,1.4572818,7.372972,-0.92715424,151.99908088235293,2482.069759803357,0.08078258030185759,0.19042452,jazz
-260.89798,138.52455,-16.351122,49.150703,-5.258575,19.354553,2.2062228,5.555695,-7.877213,-0.19809215,-1.6170182,-1.7220757,3.943696,95.703125,1193.8785302218275,0.0424521242501935,0.06975202,jazz
-91.2162,82.6024,12.171335,36.692253,-0.83736455,13.41514,5.6200523,9.662233,-3.7782636,1.8234929,1.545975,1.2873137,0.82279116,107.666015625,2291.4059616944,0.0774182771381579,0.18859367,jazz
-141.08891,110.76341,-27.475183,51.973927,-8.664053,28.615349,-1.6129185,9.6620865,-11.183889,6.517714,-9.409994,-0.121636644,-4.9299374,95.703125,1804.7156340756278,0.07951917146381579,0.1300118,jazz
-260.35196,180.60806,-15.362777,48.56042,-0.07432752,5.4342794,6.5999103,-9.153326,-10.28985,-2.988407,-5.823055,-2.9312966,-3.617783,71.77734375,871.7686824803111,0.03778284031540248,0.09149874,jazz
-38.042522,64.98809,14.297374,21.284706,7.5019083,6.3721075,1.933678,6.556061,-2.9327826,5.5977006,2.5014198,3.0295463,0.6087424,123.046875,2978.340196118377,0.11482508042279412,0.19823949,jazz
-248.10942,125.98793,-12.599597,30.244165,-1.0903056,-2.2130058,1.9470434,0.25160497,2.6987665,-4.426094,-6.4816456,-6.51706,-3.9940166,95.703125,1377.9769900941744,0.06180650457140093,0.07812967,jazz
-190.51927,143.9857,-28.421675,33.79344,-1.2972339,-2.3015273,-5.643836,-3.6400135,-10.529327,-2.8581395,-7.707229,-8.583432,-5.303899,123.046875,1546.508468476633,0.09965699375967492,0.08056084,jazz
-179.3741,114.49273,28.196646,35.9793,11.041098,12.684317,3.8171391,8.518316,-0.014726858,5.4623322,1.0599641,2.632229,-3.7399516,107.666015625,1397.4044755755383,0.03827792424535604,0.18266174,jazz
-190.39607,129.50662,-7.8375196,20.721296,2.1918204,7.7923756,6.1902175,1.3512999,-1.59206,2.0195136,-1.9929141,1.1642936,-1.3514087,95.703125,1428.0387423978177,0.052423719282120744,0.106615424,jazz
-23.235779,82.91702,2.0489416,29.505756,6.599293,6.4949236,-0.6966999,6.1728396,-3.422003,5.594521,-0.37699124,3.266179,-0.20612177,172.265625,2456.2698596396212,0.09449413760158669,0.23234327,jazz
-168.12323,108.27153,-14.1499405,30.457626,3.8945062,4.6765637,3.1879177,1.9276344,-1.1426724,0.23471792,-5.2468896,-2.5546734,-7.2195997,151.99908088235293,1725.6345298073745,0.06752226743904799,0.09780148,jazz
-51.34779,85.20031,3.6435587,22.86177,-1.5293605,6.1102853,2.4109144,3.644935,-1.863228,4.3669353,1.0871079,0.7797648,-0.73646325,123.046875,2475.6009489427947,0.09815057807662539,0.16229047,jazz
-69.50922,125.97758,-5.173289,30.769238,8.304397,5.0812526,-3.9214041,5.376409,-10.774685,9.034488,-8.263985,4.7895856,-5.1241627,99.38401442307692,1575.4538722228804,0.0558798586251935,0.21197514,jazz
-235.67885,144.76765,-22.600695,62.560963,-9.326272,2.0168686,-0.34364966,2.0165105,5.5604534,0.30435994,9.439982,2.892706,2.5626411,99.38401442307692,1338.2362329096018,0.076529393624226,0.08226342,jazz
-117.8876,122.55041,-13.149182,26.755905,4.313922,6.866731,-6.8144403,-0.33922073,-8.199784,-5.0079026,-4.495015,0.12167736,-4.6518903,129.19921875,1579.0127661124945,0.08824663191756967,0.17267226,jazz
-177.27713,144.32156,-17.265924,55.68605,-21.2419,0.3528043,-1.5769508,-10.402746,-5.176472,-0.5141813,-8.736716,3.868864,-7.953766,99.38401442307692,1354.0919077083556,0.054945623911571206,0.1380443,jazz
-204.39252,138.57968,-10.791186,46.552383,-22.306915,9.692935,-11.09484,-17.79885,-7.586271,-1.6000779,-7.650327,-1.0194097,-9.977279,73.828125,1382.7307308073396,0.061230544335332815,0.099523455,jazz
-159.2706,92.04842,-16.75185,27.393675,6.1041913,3.2399652,7.1759634,4.0307016,3.5977046,3.5440965,-0.5867413,-3.7236729,-4.721016,151.99908088235293,2009.8139341354786,0.08743219995646284,0.11175289,jazz
-237.90088,155.81622,-9.225844,13.1981125,6.609401,8.891292,3.9802098,0.24934217,1.7425677,3.3538346,1.1899073,3.630348,1.1625512,103.359375,1117.5098786077247,0.05003635654508514,0.08643475,jazz
-228.39198,170.40263,-16.073858,43.96471,1.1009046,3.996799,1.0781353,-7.204605,-12.514963,-4.4187326,-6.0696063,-1.3367635,-3.1518414,151.99908088235293,971.5475880069571,0.04257495041602167,0.10031754,jazz
-202.82193,145.73984,-23.568312,47.849777,-14.344828,1.6427218,-7.0651684,-11.130012,-4.5997396,-3.6073794,-3.788098,2.0468264,0.84362894,107.666015625,1336.3698511878918,0.05873471664570434,0.11051283,jazz
-84.05435,63.061363,5.6391883,24.924852,6.21167,-2.9040577,-0.3640594,-1.0757003,-4.2446465,-2.3303053,1.568095,1.9355129,1.5438602,112.34714673913044,2968.60250464515,0.1297546953608746,0.13311215,jazz
-149.19681,79.0861,2.0091486,27.607029,0.31506652,1.7276528,-3.6130915,-0.16500689,-5.0356708,1.2518126,1.146215,-0.6187953,1.8201314,83.35433467741936,2414.857050479083,0.09557311822755418,0.112695016,jazz
-78.2242,63.21851,-1.6562833,21.022593,4.470186,-3.5898204,-1.5619467,-3.0696392,-6.07829,-1.9560667,1.7820154,-1.2156534,0.9424572,103.359375,2902.8282153333053,0.12654912139609134,0.14682163,jazz
-154.29286,110.68495,-22.299717,21.146955,4.267235,4.749064,-4.0923243,-1.0206659,-6.4128003,-9.245782,-3.6310499,-5.5030346,0.536892,117.45383522727273,1733.583196998827,0.06871462606424149,0.119166136,jazz
-77.089676,64.52771,-2.848515,28.53128,4.6849046,-2.8145125,-5.947363,1.8981452,-5.2051053,-2.3232338,-2.9395368,-6.148102,-0.76354444,184.5703125,2777.976524524572,0.13090245863970587,0.14569664,jazz
-141.49684,70.90452,-0.5232311,33.573048,1.4106367,-9.186746,0.75543314,0.5403756,-9.192057,-2.5710378,4.0803123,-2.218427,-0.6917473,80.74951171875,2503.139918026569,0.09583048628579721,0.11916368,jazz
-163.53947,65.97194,5.3612895,41.897198,7.0257664,5.5014386,8.930416,2.6784525,-0.18257855,5.155423,10.491717,3.329865,3.8408947,107.666015625,2634.319273980018,0.1078761428502322,0.06984886,jazz
-117.24632,56.99422,-2.109928,35.616062,4.713422,3.890102,11.592064,6.0787044,0.5825715,2.2747371,2.6996386,-1.8503127,1.6808269,135.99917763157896,3029.035019092715,0.14035780584849072,0.0757338,jazz
-228.37154,67.53677,37.07984,21.325258,17.058424,10.142423,10.776463,8.010919,2.0421867,0.2971387,2.4991302,3.8471446,1.5821794,117.45383522727273,3027.140362803872,0.10014829842298761,0.043215886,jazz
-158.2061,49.602417,21.594702,16.516554,11.422575,6.259136,5.633524,-0.19963428,-0.24266577,-1.9968203,2.0229392,2.6891398,-1.4565203,99.38401442307692,3906.2972143441307,0.20684871142124614,0.047840312,jazz
-126.01213,56.60823,23.495506,23.70013,-0.30365482,7.1513724,0.16874303,-0.8434281,-4.156273,-1.8949323,2.5230918,0.52811253,0.92665255,107.666015625,3393.857478271707,0.14970204261803405,0.074288204,jazz
-178.09238,61.942623,1.4681736,36.04594,7.5810146,5.153892,-0.9176271,2.9412882,1.4490774,2.1342268,5.170273,2.0257974,0.5106884,123.046875,2874.7793906046186,0.11833828669214397,0.051637337,jazz
-131.93135,61.59087,-12.654589,35.085182,-2.1272988,-0.94919276,-4.8379145,-4.1055217,-3.2856128,2.4962208,6.411373,3.4233508,-2.8839264,80.74951171875,2861.0669041187775,0.1475769609858746,0.07136117,jazz
-156.61226,22.763254,10.495277,24.156204,10.143045,2.9696467,2.4915147,0.48371994,2.691014,1.2310426,3.3316617,-7.8197894,1.1087779,135.99917763157896,4136.053468579488,0.2617017433001161,0.052408926,jazz
-341.018,89.85991,44.51198,28.827593,16.317823,10.590869,7.000736,0.8200661,6.097488,7.125774,5.411661,2.735858,9.361676,135.99917763157896,1845.8761145516376,0.04282929506095201,0.04579199,jazz
-192.50781,80.95126,25.701668,18.5341,14.171379,1.2654691,4.092948,-1.416841,2.66076,5.2351856,3.7162201,0.29374123,7.3394523,129.19921875,2428.6412687077973,0.06904795738196594,0.09153846,jazz
-322.49924,90.65098,27.027184,37.856743,19.709015,4.609319,3.0706127,7.97081,1.9372375,2.0878365,0.44746545,4.892959,13.060921,117.45383522727273,1787.936479244805,0.06275774598490712,0.04502918,jazz
-217.62901,105.62872,19.315361,28.35325,8.654835,0.14365214,6.3657665,-2.5397053,-12.996928,-11.149584,-6.152888,-7.734215,0.42279658,135.99917763157896,1875.229063578226,0.054154245476973686,0.061363127,jazz
-299.40533,60.777206,32.098515,25.695833,7.463468,-1.2953769,1.862272,5.2616196,-5.5296664,-3.103563,3.6464572,-2.2974072,0.8934429,83.35433467741936,2958.8527443760186,0.15142274271962075,0.0409175,jazz
-294.19385,84.66457,39.07789,28.63521,14.131192,1.0344226,7.3534536,5.2170763,-3.739166,-5.041574,2.224761,-0.56659293,4.2180734,117.45383522727273,2213.669961452585,0.0753657574255031,0.05349315,jazz
-215.39735,100.96081,17.098629,12.978259,16.062912,4.7642055,4.5650473,-3.133695,-4.1540823,-2.2966673,-4.9289665,-3.3494503,-1.4255524,83.35433467741936,2151.985122584835,0.08170320965557276,0.045294043,jazz
-366.44046,131.6985,16.512924,36.320045,5.060641,14.675128,-6.1637278,4.7142596,-9.5868,-1.2903655,-2.6941342,1.5798403,-2.2748075,123.046875,1077.1722769200633,0.04151184270994582,0.03977746,jazz
-219.7643,100.79803,-1.4563249,41.28544,-0.94854546,23.37939,-11.514086,20.027903,-15.970275,13.943598,-7.9898467,5.73836,-6.868226,117.45383522727273,1855.2856495889075,0.06339606412054953,0.06815898,jazz
-277.2356,95.75203,-2.9794946,43.91987,1.9414108,22.249989,-6.140646,22.460955,-12.840875,10.780396,-7.5332294,3.5953238,-5.0750594,135.99917763157896,1874.628040189689,0.07777050478908669,0.044368494,jazz
-413.5791,118.27575,31.10331,40.165215,13.103847,13.944953,-3.7192216,4.748372,-9.8912525,-3.0627759,-6.282211,-3.6105387,-5.263691,86.1328125,1176.0043625534947,0.03991094536087461,0.021187648,jazz
-223.03062,102.89912,-1.6697352,45.199474,-6.7459745,25.354921,-14.366872,24.24672,-10.414377,11.146243,-9.151457,6.625129,-7.828697,80.74951171875,1884.9439012894368,0.05812512093653251,0.06013178,jazz
-315.01422,112.72766,9.740749,38.98918,3.942611,20.019875,-7.2231927,15.273513,-13.67778,10.151814,-4.8844333,4.7019944,-2.6995628,135.99917763157896,1492.5645306761603,0.04620040090460526,0.039259337,jazz
-52.93138,50.087284,-11.485749,46.351738,6.5509257,10.124288,5.479244,8.854687,5.9422083,6.6225224,-4.0471754,9.770576,-3.118492,95.703125,3274.344587423776,0.18307976973684212,0.11609076,metal
-80.14728,64.84362,-15.4656,46.839314,7.9110203,21.762014,-2.1760788,21.986689,-7.7126274,11.144746,-4.2870846,11.442518,-10.365105,78.30255681818181,2922.908394647605,0.15290156975619196,0.09726957,metal
-62.21818,115.20072,-42.81503,54.31106,-24.88396,20.13311,-21.639133,20.847036,-8.3987,20.328602,-10.731801,9.669686,-14.547392,112.34714673913044,2198.5048742476088,0.12839302559017027,0.13275112,metal
-43.064682,75.397606,-47.840973,53.023727,-12.337867,36.873158,-8.287719,28.404535,-14.531336,22.106434,-7.355745,15.9753475,-13.140837,99.38401442307692,2751.926423435394,0.16671025420859134,0.15017863,metal
-107.129585,47.660187,-8.620708,38.398926,8.458258,9.54455,1.0175126,20.74903,0.71484905,11.783107,1.1646876,11.063399,-2.529399,135.99917763157896,3403.0755097954175,0.19242362857972137,0.06345061,metal
-79.627686,93.472885,-27.749144,64.06913,-18.807098,23.320396,-10.540276,13.356394,-17.537811,16.38852,-10.054388,8.9418,-16.081074,151.99908088235293,2464.596757533147,0.13437825016931115,0.1216955,metal
-140.7783,55.923157,-12.291191,44.319008,-10.604769,10.867444,-0.9533349,22.243965,-9.378978,15.246445,-3.0641425,9.072361,-8.798301,123.046875,3237.576392654718,0.1981254081607972,0.0504414,metal
-108.09747,65.77733,-20.841005,47.559597,0.85362834,8.991208,-3.2142599,20.978045,-10.349271,7.8764496,-8.126471,12.045557,-9.1551285,151.99908088235293,2939.529800244255,0.16837313153057276,0.06947105,metal
-149.98431,67.907,-6.6888485,32.084488,6.079799,12.23563,9.134745,10.182918,3.7711067,10.596401,0.7727522,7.715685,-1.1583731,117.45383522727273,2964.5694774912263,0.14055924076044893,0.05838335,metal
3.642235,104.75209,-0.8226446,55.941105,-29.222485,31.255442,-14.195287,20.202589,-8.280901,15.181638,-14.587307,15.663606,-12.990428,112.34714673913044,2250.8905487248117,0.09467932166698917,0.31272745,metal
-58.72036,70.55818,-19.421354,73.593155,-27.765425,23.759441,-17.90417,21.222898,-16.94942,16.136871,-15.223485,14.874156,-18.705826,184.5703125,3048.5052057998873,0.19654038373161764,0.1181039,metal
8.79297,82.823204,-30.564281,66.71608,-16.359282,16.568218,-10.763801,29.540407,-25.089777,16.821932,-11.392603,12.7859,-13.347067,161.4990234375,2699.980049142347,0.17150160845588236,0.23063754,metal
-64.107925,74.52599,-45.968002,65.855095,-14.676301,23.849155,-13.777111,37.7623,-10.587833,21.39044,-9.345858,17.91302,-10.791604,172.265625,2803.3032043751823,0.17691276243227555,0.11428379,metal
-84.90263,64.63974,-36.32613,65.39542,-13.867815,22.872536,-15.565662,36.293034,-13.677166,21.259466,-9.251361,19.171608,-10.607493,135.99917763157896,3047.8529556987282,0.20360421101006193,0.086293176,metal
-117.9197,65.44176,-51.43996,74.10702,-13.760528,25.753458,-13.138064,32.225914,-10.345249,21.713371,-7.8024545,12.349829,-14.452735,151.99908088235293,2877.399022234635,0.18530764742163314,0.07755839,metal
-76.78499,68.00349,-11.247029,76.363235,-17.476349,25.336973,-17.900312,20.368681,-21.420488,14.217725,-15.768945,12.524236,-18.507431,172.265625,2986.823467315232,0.16926541638448142,0.11093488,metal
26.693075,79.7964,-52.055744,51.320683,-16.361847,22.011911,-17.46108,30.925192,-15.979048,16.127386,-12.196157,11.303884,-12.44661,92.28515625,2743.3971145568185,0.17962174076044893,0.2696991,metal
-75.51752,81.91142,-22.081081,69.877,-11.740438,25.740246,-18.518965,27.02771,-14.085998,22.13411,-12.107689,14.951658,-13.525079,107.666015625,2656.165733706926,0.15877568389609134,0.11375342,metal
-76.37207,123.29144,-89.89615,76.44556,-21.269108,22.2958,-13.650001,14.64789,-6.3204427,9.922285,-3.9226875,5.398593,-2.4885116,99.38401442307692,2291.2788294344687,0.1803178816756966,0.11838973,metal
-89.329834,82.35691,-23.25831,68.10751,-13.08676,22.4548,-18.526537,26.23265,-14.358577,21.504412,-13.878501,12.481539,-14.122218,112.34714673913044,2699.597527581128,0.16150658197078174,0.10085454,metal
-75.01831,81.17256,-20.199926,68.304726,-11.342597,23.670305,-19.834023,24.183435,-13.17737,22.286407,-11.556872,13.55321,-15.058013,99.38401442307692,2658.2188462959766,0.152409131312887,0.1172756,metal
-76.28286,61.76296,-37.112747,62.440014,-14.831243,34.567806,-11.487005,30.963097,-12.278124,22.313232,-7.511117,17.84716,-11.126256,107.666015625,3046.7299311449274,0.19161335381191952,0.108446255,metal
-45.843933,108.013725,-11.740544,66.32776,-30.207605,9.2367,-25.772972,21.87735,-17.929054,10.275843,-14.119919,18.74677,-14.2388315,135.99917763157896,2218.499205435564,0.10698310214299536,0.19878227,metal
-43.716743,82.74609,-29.634932,70.41971,-21.612555,31.16526,2.0789452,28.88349,-2.6835518,19.90194,-6.94059,19.136198,-7.3723607,143.5546875,2576.107537052409,0.13178756288699692,0.19530222,metal
-16.706278,94.11414,-32.7863,61.490444,-10.101551,34.22357,-11.971186,28.200222,-15.321425,19.325449,-8.278708,17.934834,-7.455649,112.34714673913044,2410.986411509785,0.12833369110390866,0.23138711,metal
-120.12781,91.28767,-38.79496,75.003784,-3.8060124,22.666489,-8.123723,23.654572,-14.638494,13.365053,-9.405639,13.706509,-9.3145075,135.99917763157896,2384.812609828754,0.12610316793246903,0.10044173,metal
-61.47552,71.744484,-46.288235,75.44222,-18.524563,35.957085,-12.68256,28.374231,-9.363222,14.5109625,-4.2694545,11.870008,-16.039183,129.19921875,2871.3062606691374,0.19822933799342105,0.13824102,metal
-36.462593,94.796684,-36.610256,55.001995,-8.23886,29.687298,-13.684501,28.724905,-11.995235,19.366922,-15.665719,13.938667,-11.981068,129.19921875,2398.412461241184,0.12830912587074303,0.1650778,metal
-28.089987,84.033875,-43.716156,47.99097,-22.45509,19.917406,-25.18115,24.802288,-13.120749,24.669502,-16.419373,17.564196,-15.417398,135.99917763157896,2789.300841643996,0.17996187475812694,0.1440742,metal
-103.658356,73.83582,-16.127468,53.154728,-25.099674,33.991573,-13.64172,25.99047,-18.906933,18.668743,-12.777742,9.545628,-16.148779,123.046875,2955.2644930453703,0.16334179385158668,0.08899233,metal
-77.45472,130.88896,-23.287468,61.99624,0.90756875,30.532892,-8.758489,19.443262,-2.227692,13.108554,-3.2997828,8.935826,-8.964679,129.19921875,1525.6954691515564,0.051203016157120744,0.23020585,metal
-12.502531,91.33017,-23.079102,50.981163,-12.106397,30.916203,-15.001935,23.06173,-14.281173,23.065378,-17.684673,13.16198,-15.200903,135.99917763157896,2566.910608201603,0.12520937137190402,0.22038391,metal
-61.907036,93.03637,-39.96771,56.147964,-19.685198,23.381887,-7.6440945,17.719402,-19.306637,17.783297,-13.095866,14.301978,-13.079706,117.45383522727273,2502.5342481859757,0.14816085768188855,0.13647573,metal
-35.73135,115.466896,-40.631664,75.38111,-12.545451,21.839254,1.8210291,15.605564,-0.17317191,10.234974,-11.762732,15.405225,-12.471008,123.046875,2029.838779673465,0.10000733177728328,0.2567308,metal
-104.68676,87.7357,-33.242126,48.456833,-28.924986,22.51373,-24.994108,20.534803,-12.07721,18.25662,-15.190194,10.294038,-13.897689,161.4990234375,2707.5423665716226,0.16091248125483745,0.09048659,metal
13.472155,78.02858,-32.999123,55.550117,-9.963229,35.417408,-17.641218,29.057076,-11.254932,14.004886,-10.102363,16.527351,-8.494954,117.45383522727273,2836.947977795833,0.1628051379885836,0.27074897,metal
-71.27534,82.33836,-30.17323,56.464294,-10.875072,26.82275,-15.808304,25.348274,-15.630503,17.768711,-13.055728,14.628012,-14.275042,143.5546875,2685.8291745827923,0.16050318667763158,0.11219081,metal
-79.07527,106.81676,-38.75978,39.854446,-26.757378,32.465256,-15.021737,29.701921,-11.371071,13.770958,-14.502706,16.169477,-3.062653,135.99917763157896,2292.510290744662,0.12365873826915634,0.11197951,metal
-122.234886,62.287914,-34.47575,75.653,6.2773776,22.03109,-10.958645,23.23548,-12.28494,5.612535,-6.983782,5.6169763,-14.398442,95.703125,2690.651414951033,0.14832790126741485,0.14581424,metal
-99.77965,102.12207,-23.655642,63.08262,-8.785433,30.73993,-9.646097,14.164796,0.3726571,13.223106,-10.096967,9.193242,-4.932152,117.45383522727273,2099.3502081908823,0.08829727409055728,0.15433325,metal
-74.115524,80.12189,-46.984425,51.01986,-9.138491,31.76564,-6.376152,24.85552,-19.142609,20.790123,-11.669212,13.848666,-16.47486,107.666015625,2709.5400662447228,0.16644079249709753,0.10460098,metal
-100.42865,104.687256,-57.258125,56.590775,-5.5367723,22.836327,-6.167543,23.090933,-19.069185,17.792307,-13.767806,9.958693,-14.848814,117.45383522727273,2269.195809921602,0.13738125544214397,0.097560614,metal
-93.59133,89.89402,-55.902695,51.637325,-5.558396,28.777815,-13.892873,27.350773,-15.316164,22.829412,-12.410712,9.704986,-19.730852,129.19921875,2463.4494582050966,0.15180860584365324,0.09364971,metal
-110.87448,83.18676,-45.257427,56.596424,-7.4923544,19.979755,-13.402861,21.218973,-15.719742,18.087414,-18.12701,12.930389,-17.24171,95.703125,2683.329925042629,0.17731298676954335,0.09044781,metal
-86.27023,76.75912,-42.356274,53.999104,-8.330258,29.407862,-7.9087305,26.661463,-14.234941,18.466797,-17.955868,9.869916,-19.038647,117.45383522727273,2760.342381683784,0.17124877551760836,0.0953466,metal
-135.51762,93.37061,-43.314274,59.227753,-8.516594,20.944653,-6.532816,21.889866,-18.970129,17.050318,-15.884877,11.082778,-18.48888,61.5234375,2389.4350405557316,0.1442818184017028,0.08803666,metal
0.37349737,79.70633,-30.638968,61.07577,-17.464642,26.695745,-21.258287,22.35319,-13.023766,17.867393,-13.381073,19.257633,-10.976209,117.45383522727273,2795.6746741322545,0.16373219209558823,0.21233073,metal
-1.9254109,72.69556,-32.789642,63.592033,-18.557953,25.872955,-13.854105,18.064384,-11.945406,19.657593,-13.961472,18.737661,-11.190176,103.359375,2908.260266485554,0.17811948227070434,0.21744712,metal
9.6126,76.345825,-31.275438,56.887745,-20.73966,27.254444,-16.64428,19.372133,-13.922549,19.66951,-16.064049,17.490234,-12.959961,107.666015625,2889.2745891447994,0.17660928732101394,0.22445607,metal
10.011061,74.12018,-32.23159,62.772324,-23.32492,30.028408,-14.87624,20.153131,-12.141148,19.180307,-14.977439,18.800049,-12.278637,99.38401442307692,2980.160116271462,0.19402490385545665,0.21750559,metal
16.498144,71.17403,-22.343836,60.273594,-18.556435,27.622684,-12.409244,16.955914,-8.73399,17.861544,-13.475232,18.930727,-11.024661,112.34714673913044,2987.2017926625704,0.17751366582817338,0.2489358,metal
9.626443,54.66245,-21.025988,60.160816,-21.065937,32.140625,-15.826892,21.457956,-8.718101,19.355715,-12.387803,19.743502,-10.803767,107.666015625,3401.339372945473,0.2284702738003096,0.22617772,metal
4.007581,83.274345,-37.258846,62.334545,-14.855903,23.4053,-10.465684,16.790585,-7.9484053,16.296947,-11.256233,13.319225,-7.8180065,161.4990234375,2716.8331745213422,0.16221897373258515,0.2398198,metal
4.940334,75.07084,-24.737082,57.010853,-21.78284,26.048838,-12.566025,17.441984,-10.24325,18.605541,-13.024874,18.953098,-9.70242,123.046875,2906.8537059020937,0.17261573626160992,0.22735067,metal
1.1746389,66.64868,-23.702898,60.944363,-18.885221,29.745417,-17.549292,21.030996,-11.191259,18.808363,-13.065931,19.950945,-10.563495,123.046875,3114.329793935282,0.19579171101006193,0.20699105,metal
10.46768,63.71505,-28.434465,62.601223,-19.601042,28.82345,-15.230559,19.297329,-10.69957,18.856491,-12.71232,18.030092,-10.830204,172.265625,3108.6767565401215,0.19692586892898606,0.23245998,metal
11.974039,69.42492,-23.266045,60.707638,-20.820644,25.098286,-16.195518,15.557082,-10.50349,18.778437,-13.387608,17.373083,-11.059947,107.666015625,3010.8123920844464,0.17932884759578174,0.24290091,metal
-24.911848,77.54363,-30.417301,68.36967,-6.524643,24.6945,-9.805858,19.518623,-11.461867,18.59208,-14.161357,14.448354,-5.920214,129.19921875,2718.481020565502,0.14377388496517027,0.20718965,metal
-15.687386,100.09827,-37.590454,45.971,-20.773737,25.637007,-18.64387,26.516623,-20.16317,21.12962,-13.649133,10.978789,-15.535991,143.5546875,2459.3807747248898,0.1428422957381966,0.18442486,metal
-15.622626,99.13169,-45.622692,55.021473,-18.016518,23.8905,-19.60334,27.334913,-15.09996,18.792261,-16.151485,9.21564,-16.218187,99.38401442307692,2442.6700033077755,0.14985396913699692,0.18227965,metal
-58.221924,105.824524,-43.90767,58.44157,-18.440866,27.96586,-17.969337,21.04812,-15.5502615,13.395051,-15.685904,9.364441,-15.323449,89.10290948275862,2315.8697989887996,0.13954412974071206,0.12572911,metal
-74.115524,80.12189,-46.984425,51.01986,-9.138491,31.76564,-6.376152,24.85552,-19.142609,20.790123,-11.669212,13.848666,-16.47486,107.666015625,2709.5400662447228,0.16644079249709753,0.10460098,metal
-100.42865,104.687256,-57.258125,56.590775,-5.5367723,22.836327,-6.167543,23.090933,-19.069185,17.792307,-13.767806,9.958693,-14.848814,117.45383522727273,2269.195809921602,0.13738125544214397,0.097560614,metal
-93.59133,89.89402,-55.902695,51.637325,-5.558396,28.777815,-13.892873,27.350773,-15.316164,22.829412,-12.410712,9.704986,-19.730852,129.19921875,2463.4494582050966,0.15180860584365324,0.09364971,metal
-110.87448,83.18676,-45.257427,56.596424,-7.4923544,19.979755,-13.402861,21.218973,-15.719742,18.087414,-18.12701,12.930389,-17.24171,95.703125,2683.329925042629,0.17731298676954335,0.09044781,metal
-86.27023,76.75912,-42.356274,53.999104,-8.330258,29.407862,-7.9087305,26.661463,-14.234941,18.466797,-17.955868,9.869916,-19.038647,117.45383522727273,2760.342381683784,0.17124877551760836,0.0953466,metal
-135.51762,93.37061,-43.314274,59.227753,-8.516594,20.944653,-6.532816,21.889866,-18.970129,17.050318,-15.884877,11.082778,-18.48888,61.5234375,2389.4350405557316,0.1442818184017028,0.08803666,metal
-82.50126,97.34412,-34.373585,71.40592,-3.2831824,17.367373,-9.023832,16.011179,-19.003857,12.07876,-9.568192,13.949615,-14.460563,135.99917763157896,2254.451747982022,0.12015875943304953,0.13624883,metal
-99.92597,106.37655,-40.69357,52.71699,-20.752645,25.27852,-11.834836,22.090797,-12.473096,13.774301,-14.384913,15.974963,-11.724976,161.4990234375,2302.7150351085147,0.13075015419407895,0.09832205,metal
-111.631966,111.15152,-10.673633,69.67505,-4.9124284,29.834528,-10.388692,21.257767,-6.6391087,20.084322,-7.234053,16.228865,-10.11801,161.4990234375,1741.2304486143773,0.05379181380611455,0.17355335,metal
-197.24265,74.135826,-10.732934,54.719276,-7.5989184,18.415987,-18.87797,11.601353,-14.568,18.417076,-16.47915,12.569828,-10.470822,117.45383522727273,2742.97005055359,0.14287668706462847,0.048858766,metal
-78.646675,80.88038,-24.589212,47.02528,-23.75068,27.423235,-17.429619,22.271524,-13.534699,21.57405,-11.100493,15.586865,-9.705412,86.1328125,2808.0046134374647,0.15380519241002322,0.11531483,metal
-35.211857,93.95566,-35.184963,62.78997,-11.732125,26.993427,-10.765925,24.075377,-13.050642,13.60035,-12.423316,13.567939,-12.25336,123.046875,2340.03096955969,0.11682733588912539,0.19427228,metal
2.7658198,77.06904,-17.562174,57.969265,0.7340003,28.834631,-7.8623486,27.62109,-13.553445,17.290194,-7.5781507,13.043516,-8.747499,143.5546875,2642.032925778633,0.12134280367163312,0.2933537,metal
-201.17038,76.82515,-14.830626,68.75314,-12.95295,36.95549,-10.98254,23.685738,-12.256573,16.672419,-11.068587,15.556435,-11.18457,123.046875,2723.644292308425,0.13497272881191952,0.040842734,metal
-40.462826,105.28377,-14.121417,54.854095,-1.1847314,20.07817,-11.686578,22.177694,-10.237689,14.195449,-6.9125757,13.345138,-9.254659,112.34714673913044,2068.6843930292544,0.08889326443982198,0.24473605,metal
-100.87204,76.131744,-29.540943,69.70769,-17.339687,21.392006,-12.921216,22.004936,-9.841376,18.424261,-12.037167,8.98118,-20.874262,143.5546875,2792.6902805308296,0.16254058932372292,0.09692568,metal
-42.02993,86.998,-27.519882,62.60779,-27.02055,32.348595,-18.955393,22.138983,-14.33114,19.516882,-10.970767,16.759539,-12.39556,151.99908088235293,2741.086952229798,0.15998467129450464,0.14909758,metal
-1.6504897,73.40672,-15.8976755,55.80285,-1.9217752,34.024567,-8.33632,32.767876,-9.721336,20.836998,-9.041395,13.956027,-9.598967,99.38401442307692,2815.480455068502,0.13186541577979877,0.26945254,metal
-74.930435,79.14185,-40.912487,54.720623,-9.683361,37.261475,-14.976003,20.937372,-17.431295,16.582232,-11.095817,15.470192,-11.143389,123.046875,2710.046718960873,0.14390615929760062,0.12730838,metal
-73.5308,74.63624,-16.441614,55.65842,-7.735835,36.544735,-18.304749,27.83494,-11.930489,20.062954,-11.356052,14.714357,-7.2918735,161.4990234375,2848.182022368144,0.14412119956946595,0.13986295,metal
-19.135782,118.842636,-52.170376,42.712044,-21.5773,27.695185,-14.619277,27.023914,-17.138739,18.97641,-10.770826,9.391385,-4.661059,151.99908088235293,2138.240246747415,0.12199056997387771,0.19039944,metal
-57.683388,101.43232,-41.485245,55.1306,-23.34928,28.151098,-12.139105,18.150204,-15.429839,11.888646,-10.803695,9.394469,-12.284428,123.046875,2378.3920475708815,0.1413173616486068,0.13158989,metal
-29.364521,101.90519,-29.13861,69.73786,-16.19941,19.447557,-18.348463,19.076456,-18.29892,15.284218,-8.25647,2.497314,-14.802311,117.45383522727273,2340.756058449333,0.1229134668875774,0.20863253,metal
0.29729393,94.16096,-32.3892,45.45783,-15.206419,25.888224,-12.4076,19.62569,-6.809362,17.237934,-12.993833,13.681172,-8.694563,151.99908088235293,2522.6734734695337,0.13858495186726005,0.22978404,metal
-46.61735,86.81587,-34.77483,49.901302,-18.18641,28.723974,-23.486286,15.659389,-8.936177,10.598558,-18.183575,12.44495,-13.5549555,103.359375,2647.051996452653,0.15778135884287925,0.1519097,metal
-96.30451,90.98215,-32.244606,54.34014,-23.049862,27.707533,-16.94906,21.061527,-18.193655,22.608337,-9.001288,14.274058,-11.000206,123.046875,2629.0107378061284,0.15904401182759287,0.08828784,metal
22.813816,60.81909,-6.410773,53.192284,-13.250526,27.924463,-14.319424,29.69412,-17.342934,20.313677,-9.7461605,17.133959,-8.265369,95.703125,3338.669549044171,0.18681330725135448,0.26716456,metal
-129.72392,104.0453,-26.971245,68.268524,2.4256184,22.6046,-12.102456,17.058987,-5.673137,13.670591,-2.8124678,5.375527,-3.007236,117.45383522727273,1988.109763779383,0.09242007606907894,0.13326412,metal
-90.7047,128.03145,-34.762016,73.75541,4.3358197,28.097118,-0.528384,17.356289,4.3896894,12.314994,2.2703788,5.6799507,-6.7684245,151.99908088235293,1443.9436096106108,0.046570013182082044,0.26598838,metal
-93.4888,100.64778,-23.36959,52.49629,-7.7495117,39.58746,-7.7753916,26.730106,-12.477862,11.733406,-10.55607,23.026806,-9.961859,89.10290948275862,2141.760929048819,0.08467824835526316,0.14660068,metal
-96.65606,101.72485,-16.843752,47.311695,-27.08291,28.275732,-17.200556,21.652477,-17.890528,7.0187664,-14.618828,15.222269,-16.005714,92.28515625,2323.780312899506,0.12008733129353716,0.11596696,metal
-67.89626,108.934105,-33.84926,50.502457,-21.373014,21.500319,-14.890105,11.634114,-19.267109,10.540526,-13.92236,5.5628266,-14.436232,117.45383522727273,2090.4594584373685,0.09332936762287151,0.16628256,metal
-104.97826,80.708664,-28.533834,66.800766,-20.704025,29.11902,-9.355721,22.353577,-12.043808,13.592499,-14.734194,11.049199,-15.269818,172.265625,2644.8797461791337,0.14164653577302633,0.09202425,metal
-104.68676,87.7357,-33.242126,48.456833,-28.924986,22.51373,-24.994108,20.534803,-12.07721,18.25662,-15.190194,10.294038,-13.897689,161.4990234375,2707.5423665716226,0.16091248125483745,0.09048659,metal
-35.348392,94.13724,-24.249739,43.3057,-16.374916,29.515818,-5.852855,28.461887,-13.956537,13.738647,-9.20102,15.596586,-8.491607,151.99908088235293,2445.203639101959,0.12103592722039473,0.18551446,metal
-51.584152,86.15932,-20.28268,59.05158,-10.889933,27.533499,-11.25417,23.941711,-11.55746,13.293803,-9.016419,13.907335,-10.740368,161.4990234375,2493.9383740127623,0.12823996529121517,0.18819803,metal
-82.15792,98.29185,-16.522,68.44801,1.4452635,29.869274,-5.2750893,24.399492,-10.475004,14.404365,-7.89216,10.020229,-8.503235,112.34714673913044,1983.2971581753839,0.08620620585816563,0.18607971,metal
-95.33911,92.06636,-28.061176,52.796284,-3.018975,25.395771,-6.135991,20.098095,-10.223874,12.411141,-8.270396,11.693288,-9.268385,151.99908088235293,2241.4549321413824,0.11576498403637771,0.13900022,metal
-66.66679,88.367165,-27.544344,53.177696,-9.20226,27.959316,-8.114095,26.28682,-8.239137,12.685691,-7.13096,13.688373,-8.364938,143.5546875,2375.5535392574902,0.1080065275493421,0.170098,metal
-94.53429,55.664608,29.260527,27.047909,20.063942,1.1709082,12.953799,-0.7993096,8.872952,-0.6761954,-5.338357,2.2207077,-4.614716,89.10290948275862,3422.09468148469,0.12676680715460525,0.18582647,pop
-59.200977,45.285435,36.85824,15.686738,15.64339,1.674394,7.294538,8.814742,5.826009,7.992021,-2.28285,1.8962289,-0.9197741,107.666015625,3702.928030369771,0.14947642039957432,0.26218614,pop
-59.607132,62.98234,31.12206,16.92889,8.904489,10.815333,10.561759,5.165959,5.4082975,6.1599445,2.2780192,4.254538,4.1256804,83.35433467741936,3213.5168358111127,0.11886851780185759,0.215166,pop
-125.906784,126.61828,-23.186909,36.22425,20.962921,-1.1735234,16.486767,-3.6612227,6.520491,9.33727,-6.409656,3.880195,-7.941657,92.28515625,1837.191501891123,0.08535171367066563,0.12935476,pop
-20.901945,83.24167,5.0469604,16.370789,9.402539,-0.56291825,4.051513,6.209602,9.122195,5.865447,-3.5055268,-0.6387332,-3.1722696,107.666015625,2753.2217697518786,0.12376304602844428,0.21116544,pop
-113.61813,90.014565,-5.5413427,25.595474,2.6011498,3.1922524,1.131181,6.1437187,2.78938,-1.8761606,-7.119991,-3.441792,-5.9110045,172.265625,2290.0859207010612,0.10678053345104489,0.13953836,pop
-169.15085,94.640785,24.504723,27.41387,11.641731,14.895841,4.234472,12.369024,10.702795,5.126413,-0.3423666,1.2547646,-4.1575885,92.28515625,2125.4079876587084,0.06769535785119969,0.09395813,pop
-224.45636,107.30909,-1.568328,13.870831,8.123952,-9.378748,8.120475,9.294033,9.099869,6.025224,-6.6545024,2.0728164,6.2020764,129.19921875,1968.4064522146039,0.08234492913119196,0.08428382,pop
-52.44824,74.022064,12.697417,24.500343,21.1079,1.904928,6.796557,4.7199597,8.40647,8.246997,-2.2676544,-1.2025366,-2.67781,172.265625,2885.3303652171926,0.1213038772252322,0.19541194,pop
-35.297348,61.247242,14.059667,28.661287,4.3299875,-1.3499213,-0.790413,5.1225405,5.3524,1.2215205,-7.2570734,-0.5168179,0.21715893,107.666015625,3279.967331808209,0.17281943873355263,0.15964586,pop
-111.13056,103.09619,10.90997,34.348927,22.34365,17.868382,6.8071394,6.333683,5.488653,0.6188138,0.33940026,3.8250778,2.0442042,107.666015625,1901.4116456876454,0.06621728666795666,0.18398008,pop
-240.68593,97.109665,0.40661886,-0.2689549,-10.478994,-15.741312,1.3906447,-17.873806,-9.0890875,-8.767288,-14.260694,-5.5017834,-8.3689575,184.5703125,2200.799680588226,0.08712532350522446,0.055772327,pop
-50.85386,80.22757,-9.293903,20.294153,12.106113,6.7842712,6.2796135,3.4291553,-3.956837,2.5745726,-5.706396,0.4841114,-0.57195306,99.38401442307692,2679.2839905691167,0.12593423471362228,0.16416128,pop
-161.65413,85.566696,53.275494,32.217213,27.19544,11.300175,7.8961716,8.764694,1.2665906,13.211441,0.06758925,4.8267465,3.1036131,143.5546875,2150.085229874043,0.05165917364067337,0.17306519,pop
-135.32312,107.81954,-13.443976,19.0207,8.798831,12.496944,1.0323985,11.318429,2.5432124,1.2272974,-6.3917103,5.854486,2.88143,117.45383522727273,1997.9771683248648,0.0880610699255031,0.07802102,pop
-45.75362,65.276146,12.941987,14.516027,7.0181103,4.4085183,6.6144414,3.298751,7.7367697,4.0593777,3.6551008,2.6030383,4.055315,103.359375,3207.220332891123,0.14158379994678794,0.1961825,pop
-97.0082,51.786003,18.738693,20.481663,5.6104527,3.5735023,5.5722895,0.737395,7.3361273,1.6588528,-2.7012627,-0.44397426,-1.0818589,107.666015625,3490.329748964607,0.15341592794601394,0.14658915,pop
-53.12336,78.31343,2.2469547,18.838303,3.8645911,2.5142796,-3.7991865,6.814705,-0.8102047,8.754906,-4.800525,-2.151995,1.2861207,107.666015625,2789.1243751604316,0.12622977336493807,0.14308856,pop
-48.958145,62.637794,34.22583,12.313788,16.560747,8.622408,8.7671175,5.2450123,6.79424,9.059275,-4.085325,-0.7463064,-0.37564677,123.046875,3433.92215467519,0.12773467734133126,0.20742075,pop
-25.156342,70.818924,2.9392476,7.5544662,1.4596194,2.8461227,1.9075497,-6.8259797,0.29145095,-1.9537078,-6.6516356,-0.2439811,-0.75502783,92.28515625,3130.9812160844167,0.15605347813467493,0.2108711,pop
13.536641,58.196354,-2.2051022,5.008136,8.070771,-0.4792645,4.1051793,2.2589247,4.2934737,3.5860925,-0.5052727,2.4214692,1.8804909,107.666015625,3487.4996203779583,0.17974985789957432,0.24811077,pop
-23.23011,53.819168,-0.69001114,14.726738,4.8718457,6.73059,4.84588,4.9450912,4.264521,3.110258,2.549565,2.987948,4.6363297,99.38401442307692,3502.139027387522,0.1870177655766254,0.19348684,pop
-45.71781,65.287415,12.934513,14.516592,7.038324,4.395021,6.6337786,3.301898,7.7297854,4.070035,3.6681185,2.6062715,4.049002,103.359375,3206.199866093883,0.14153920460042568,0.1961218,pop
-44.287426,51.327915,24.990486,12.160306,10.873075,7.612087,8.21147,-0.7733296,5.946744,4.7616363,-2.5084326,1.3215402,-1.946599,103.359375,3759.8089732129138,0.17767428466041021,0.21067363,pop
-40.830166,61.521126,9.867294,10.096549,8.454963,5.366854,8.376651,3.5050008,8.251044,5.8800583,-0.10423888,-0.5703609,0.55144525,117.45383522727273,3301.8647028211412,0.14452671488003097,0.20751022,pop
-106.83286,81.01405,47.822872,13.640558,13.000603,6.8951917,7.581348,-2.6333249,-2.498312,1.8714975,-5.139433,-2.7431228,-3.6675773,151.99908088235293,2928.6503834649243,0.10574085719814241,0.1896258,pop
-73.36742,97.46428,16.87055,-0.5790378,7.180089,4.8724165,0.7465054,-5.550017,0.99037486,4.9166174,-5.8354435,-4.921416,-0.03095635,75.99954044117646,2526.130442686517,0.10354207986648607,0.1956684,pop
-75.36613,83.33488,10.703896,14.455102,14.244521,7.4102573,5.279713,-0.4001258,5.7177567,3.3618035,-2.5211022,-4.2270813,-1.8455223,83.35433467741936,2682.713194799874,0.1019147276509288,0.15791942,pop
-45.638737,74.70451,15.98023,14.800469,8.992414,8.204231,5.6863494,5.254493,5.396809,2.4352226,0.77943903,1.1747065,-2.359165,99.38401442307692,2946.5774176287164,0.1212698638254644,0.19456434,pop
-40.52484,73.47652,22.62272,12.355103,14.860799,8.946286,5.305813,9.025768,2.0851216,4.30385,-3.131462,1.8446423,2.032493,161.4990234375,2988.85797981166,0.11157037599167957,0.23414308,pop
-18.171194,72.29644,-4.867231,-0.35958105,1.6975714,-0.9182093,-1.3221729,-0.34197274,0.6473231,-0.18098038,-1.2175112,-1.0574641,2.5195053,95.703125,3070.6451711304394,0.14873984133126936,0.20310587,pop
-18.854591,71.32852,-3.743232,-1.3965918,0.71034765,-1.0491368,-1.0524067,-0.24947147,0.62396365,0.4292991,-1.489284,-1.0790831,2.415428,95.703125,3111.0610992009765,0.15291026206946595,0.19834772,pop
-113.1695,41.588142,21.516308,11.092117,17.440653,0.60743153,3.0293283,0.084508866,3.456981,0.29064044,0.61601543,1.2555639,2.8942456,95.703125,4225.564575455603,0.22873671209849072,0.097890966,pop
-69.00194,73.77,-12.468982,9.536623,-0.045610458,12.718272,3.1650596,-0.08465784,2.5223582,2.874675,-1.6729782,-3.025172,1.6149282,99.38401442307692,2835.0593021892837,0.13706266326431887,0.139912,pop
-59.58959,77.30937,26.367233,3.1743205,6.7570415,-0.06425415,-0.6247924,-0.6904834,4.141959,-0.44033718,-4.5419564,-3.5614958,-2.2030644,95.703125,3141.655140286262,0.131055518938661,0.18744317,pop
24.46663,68.96242,-4.2113004,-1.032618,5.249467,2.9858522,4.336798,4.2872887,6.422606,3.6307845,0.11548241,-0.00023502314,2.0697718,107.666015625,3194.1768682916545,0.15937998863196595,0.28261182,pop
-44.214016,76.17581,22.921127,16.816141,22.998913,3.2665925,6.908667,0.10313864,6.4956765,6.542089,0.8544856,2.7243903,4.5169544,99.38401442307692,2944.4779985642813,0.1151153281008127,0.25645226,pop
4.804322,64.50391,-2.5012724,10.419498,3.2420893,7.8209686,3.101567,1.4055256,6.745003,4.8848324,3.2736435,1.747771,3.3316636,103.359375,3236.3834897605984,0.16482477808146284,0.24089603,pop
-15.679173,59.269085,-1.5834023,12.570526,8.758746,3.9658682,2.0486033,4.2323008,4.989132,2.9016716,2.327089,1.9943118,1.7193478,92.28515625,3267.580275537532,0.14652330144640094,0.22182827,pop
-19.479713,51.92009,37.00408,13.1163845,14.590094,3.2076254,15.297412,-0.77946466,7.2424235,10.393447,-0.37440062,6.230769,-1.1885153,83.35433467741936,3934.6043578715803,0.18717800648219815,0.27970567,pop
-76.91657,113.29569,-6.219377,19.94625,15.115961,-3.2893808,4.7895103,1.0169309,2.2929256,-0.011468539,-3.7627335,4.241214,2.2863302,129.19921875,1962.259860440553,0.0958112120259288,0.19927946,pop
-204.75298,101.60512,26.384224,9.1857195,10.460928,5.108919,-9.447198,9.308317,-12.491376,-2.496669,6.212447,-9.488957,-2.5600326,107.666015625,2053.894371276876,0.0753657574255031,0.08329674,pop
-37.071033,68.841866,10.511309,23.959778,15.370536,3.5479143,11.677659,2.9124515,2.5459218,4.750341,-1.5888675,2.5664659,-1.0170679,92.28515625,3002.6169823427717,0.14374780802534828,0.22344245,pop
-50.890957,68.04223,12.082594,36.314426,8.646878,19.502785,10.72235,12.312874,1.6614348,10.164873,4.8397875,1.6969053,2.7312355,135.99917763157896,2703.2416682609646,0.1032971833881579,0.25419882,pop
-47.93828,54.159214,-4.005042,21.5129,13.886649,6.003954,13.75534,1.0669996,6.722088,6.232228,1.6225083,0.45345965,2.4148383,117.45383522727273,3143.535196698567,0.135637501814048,0.22276354,pop
-71.61501,81.12124,16.355663,8.950534,13.818387,-0.7371725,12.522271,-0.63937044,3.043049,3.0547538,-3.2121913,-1.318577,-0.6402586,117.45383522727273,2842.6607931089798,0.12498941805340558,0.2022946,pop
-72.17291,81.3121,16.72972,8.680574,14.163569,-1.0486612,12.839069,-0.5343492,3.1377692,3.1529665,-3.4740798,-1.1388003,-0.6851626,117.45383522727273,2838.0210737706198,0.12218028915924922,0.20336604,pop
-45.064255,69.78576,11.866147,8.177108,12.603081,7.750251,11.3099985,0.25850758,9.65932,2.803888,3.8585238,-0.8353045,2.1194327,112.34714673913044,3149.97113080032,0.12735523897058823,0.21580054,pop
-52.64915,47.78274,13.455156,2.2134268,13.251046,9.133875,14.447653,0.87383705,9.459656,7.004077,-0.6928578,1.7276204,8.496529,129.19921875,4052.8886703211056,0.21071452326818885,0.1564599,pop
-170.92262,105.92537,31.060646,22.226055,12.8146105,-5.1669707,11.2371025,-2.1054718,-0.1724929,5.0788264,-11.54121,-3.6240704,1.3911011,58.72691761363637,1987.8719219449235,0.06614018962848298,0.14744551,pop
-78.1925,65.99214,24.578516,25.652824,13.854882,3.6000478,16.225538,0.592554,3.3257751,4.16047,2.7126958,3.649891,1.3959066,143.5546875,3046.2397998563833,0.1186580126499613,0.20836434,pop
-14.170115,44.39024,12.680574,10.152087,11.259301,3.9758954,12.507779,-2.1717224,10.70504,2.2852633,5.0335593,-0.86626524,3.80587,112.34714673913044,4156.136801574854,0.23004509420955882,0.21318002,pop
-39.98735,35.58321,8.9385,15.082217,15.206814,10.572661,21.824984,10.004446,13.9735,16.557459,1.4647634,3.2635627,0.062112104,103.359375,3662.9266594641513,0.15600737108165635,0.32143492,pop
-145.92575,62.53524,-23.114868,-18.786009,-14.782013,-28.421492,3.134416,-24.940002,-13.637032,-4.6073895,-24.383535,-15.806172,-17.455078,161.4990234375,2639.59187801044,0.10700086469620743,0.17211172,pop
-46.703014,55.877514,26.12021,16.543205,7.104527,-3.3266873,9.25601,-0.8715932,8.313573,7.1480994,-0.53872204,1.7517585,-1.8377473,129.19921875,3498.3579746722603,0.13602223115808823,0.27360487,pop
-56.091187,36.468166,11.94532,-6.4417515,3.7781627,5.284157,3.3947845,4.2650976,7.9939175,5.8644285,1.5971135,4.8613906,0.49247712,103.359375,3940.3499208914445,0.16739883659055727,0.24087685,pop
-80.396324,35.962517,20.407267,26.376535,17.379705,4.580236,13.489165,3.6187565,7.3240743,5.479913,3.9538543,5.313696,3.5346324,89.10290948275862,3681.430351016257,0.14562421391253869,0.24994287,pop
-39.691376,33.951675,9.604388,16.657578,14.906162,11.198783,21.502827,9.886201,14.73235,15.628256,2.040395,2.5794957,0.35728568,103.359375,3672.6739422013616,0.15406445010158668,0.3293133,pop
-87.723495,64.30925,-12.976586,16.032644,0.48616603,0.4070949,4.431545,-2.7237477,-0.30932495,-0.049745258,-5.929299,-4.2699695,-3.5097022,99.38401442307692,2940.0005210928985,0.14575422068498453,0.16742225,pop
-77.94189,32.364956,20.077257,27.633484,16.262774,5.319164,13.481539,3.5032268,7.344144,5.271802,4.001198,5.271229,3.752625,89.10290948275862,3727.2488351836582,0.14478748427825078,0.25179002,pop
-46.703014,55.877514,26.12021,16.543205,7.104527,-3.3266873,9.25601,-0.8715932,8.313573,7.1480994,-0.53872204,1.7517585,-1.8377473,129.19921875,3498.3579746722603,0.13602223115808823,0.27360487,pop
-65.18545,65.47451,4.127748,32.742474,16.918562,-5.8376946,14.960992,-0.24383585,9.038334,8.441269,-6.5761538,-4.4843636,-2.628058,95.703125,2949.270014966028,0.11195132606907894,0.22080922,pop
-6.92664,68.88017,3.7705872,28.195871,2.293225,13.625752,1.0469882,6.004647,2.750496,15.018392,-8.786577,0.7954419,-7.2196684,161.4990234375,2468.498529319245,0.09820877878289473,0.39785087,pop
-125.98142,117.33393,-0.072291985,10.211122,4.4901695,2.1888666,-3.6360846,3.3763409,1.7375194,4.551119,0.8427297,2.4246018,-3.1125748,80.74951171875,1826.5420467927368,0.07464656298374613,0.12609246,pop
-88.45125,34.33366,-11.282462,2.200408,-4.8584256,-6.127731,0.3310781,2.4401877,-8.17747,5.6359863,-9.394409,-7.359539,-3.9459164,129.19921875,3647.8594016331967,0.205950001814048,0.16902655,pop
-111.61652,85.579094,3.5153577,16.35747,2.2059445,5.980132,-5.0457573,-3.962524,-0.09616892,1.5746028,-5.793351,-5.0871906,-0.20802836,117.45383522727273,2518.6680120349943,0.10014338537635449,0.13348536,pop
-63.635063,79.04566,42.744022,16.095537,15.26836,10.789148,13.3115835,3.685729,4.928326,10.677057,-0.01267207,3.4803085,3.4220939,80.74951171875,2844.070407885239,0.09974656237906347,0.24325013,pop
-52.537975,37.496025,14.12139,18.180311,16.782768,5.9580927,6.4324026,2.7082064,-0.44743854,3.2196102,-3.928455,1.5937504,0.29058215,112.34714673913044,3889.787116785757,0.19104230662248453,0.19137336,pop
-29.26039,53.868725,-1.700224,15.506245,1.0880837,0.54396456,4.902141,-3.2225883,-1.6917725,2.2325523,-7.122959,-5.989492,-2.9803963,129.19921875,3262.9124447410586,0.15505650759481424,0.24570654,pop
-30.211868,88.448524,-6.587008,32.785645,8.500259,8.3887,2.0425203,6.864183,3.5769942,2.7208421,1.2942762,3.290607,1.5695497,107.666015625,2327.9956325128483,0.09549942252805728,0.21555631,pop
-91.85374,56.67415,13.763752,15.050706,0.9011202,-4.0791926,-0.22235467,0.56391364,-4.60077,-2.6161904,-2.761266,-3.0964155,1.7973816,123.046875,3142.2532583222696,0.13644399731520898,0.1678202,pop
-52.537975,37.496025,14.12139,18.180311,16.782768,5.9580927,6.4324026,2.7082064,-0.44743854,3.2196102,-3.928455,1.5937504,0.29058215,112.34714673913044,3889.787116785757,0.19104230662248453,0.19137336,pop
9.675074,88.82607,-20.29368,5.1013055,-2.917802,-0.18818112,0.3274818,1.604321,-2.2592056,-0.94065094,-6.2122498,-2.9767897,-1.8151839,117.45383522727273,2569.255822724336,0.13165642233455882,0.23445223,pop
-8.531341,54.251755,20.96331,13.099079,9.721153,6.0150514,10.720785,6.1021194,0.6942643,5.0023856,-3.4498136,0.87255687,-1.9390472,129.19921875,3671.2604882708424,0.16189735814144737,0.2598068,pop
-93.63922,59.69026,32.077374,13.12749,13.27032,-6.8693585,2.3390276,-7.8879848,2.2946646,4.4875836,-4.0405664,2.6735635,-3.0863953,83.35433467741936,3419.3447490583962,0.1308480372000774,0.21037216,pop
-68.85472,40.457462,25.354525,35.768284,13.383127,2.8213696,12.759582,4.4835443,3.3571875,10.026522,-2.3750987,2.9945145,-1.8024031,95.703125,3645.470694057959,0.15924053369291796,0.18560503,pop
-38.288414,47.802376,20.052776,23.848087,19.795454,13.665192,14.684335,4.5720963,7.7137046,8.956256,5.421002,1.1439084,1.0811883,215.33203125,3544.132839481264,0.14281924221168732,0.24529977,pop
-34.209938,40.399307,17.510662,13.42147,13.240601,7.449265,18.183458,2.7254276,4.3396277,5.8252974,-1.1257582,3.1106064,2.4149976,112.34714673913044,4037.153770826656,0.21392576613293343,0.23102272,pop
-42.779434,62.799667,4.7602077,24.068394,9.642162,-1.8881843,9.252785,-2.9691231,3.1815617,5.9340043,-4.77374,3.0194983,-1.2407999,103.359375,3124.14935420786,0.14272098127902477,0.22333701,pop
-273.28632,103.147575,8.722427,31.6977,12.511967,3.4922655,3.9396503,-0.16230221,-3.921683,3.2304423,-6.373684,-1.5361916,-3.213047,112.34714673913044,1995.3281824967328,0.07255095963138544,0.037560895,pop
-44.972015,69.765335,11.851114,8.137467,12.62307,7.7987547,11.307399,0.19175659,9.630409,2.8426685,3.8571951,-0.83266294,2.1378021,112.34714673913044,3151.445800513278,0.1275974899622678,0.2157003,pop
-137.73312,100.24318,14.383044,15.403811,2.3205366,-1.0818114,-2.1069715,-1.6870854,-5.3112016,-1.784702,1.7484086,-6.18354,-3.0364275,143.5546875,2246.9998668388666,0.08601724252612229,0.09215401,pop
-62.043808,64.239815,29.874727,23.24483,16.247189,7.4384794,8.871021,6.4075446,7.3948216,3.0163872,1.4878421,2.9757106,1.8600913,129.19921875,3168.3771358678678,0.1003391513883514,0.20798877,pop
-104.47532,86.85541,28.76275,26.635527,8.927457,5.6745653,7.7592797,0.46634582,6.6300635,6.5633125,0.37748364,2.1488523,-0.019938136,123.046875,2489.577623717522,0.08429578657120743,0.14298287,pop
-112.395996,59.759735,14.483949,19.190071,15.127423,-3.2115033,6.109609,-6.668194,1.4637214,-1.187687,-1.233045,-0.7587417,1.884327,99.38401442307692,3262.336283566903,0.13586614744582043,0.17935272,pop
-81.77599,78.609276,-17.260933,24.511774,8.410555,2.1446185,5.520015,1.9346676,8.799277,-0.12229669,0.49543995,4.6422744,2.3893163,117.45383522727273,2516.4589514571976,0.1220960115131579,0.19525385,pop
-50.449287,56.41648,12.563282,11.288339,-2.739751,1.362813,4.5399694,-0.96321356,2.2894216,2.7384727,-1.9891648,2.5949512,-4.0203376,129.19921875,3594.167118271268,0.18523244001547987,0.1324763,pop
-47.05376,55.781746,27.617126,19.193428,15.186061,3.1757607,5.6275535,1.6121148,4.148368,1.6211523,-1.5870059,-3.0055182,-7.6369953,103.359375,3587.4721810924966,0.1464783281733746,0.19091529,pop
-42.68938,54.882027,17.06182,19.76454,6.8528385,2.7781906,11.820237,1.2058558,7.9387155,1.1382531,-4.0712814,0.13736181,-4.236571,99.38401442307692,3510.9284752203253,0.17203410712558048,0.23498306,pop
-47.681934,55.53719,19.178862,24.482962,4.0398774,1.5440775,6.9665008,-1.046118,3.0828688,1.795281,-3.0351193,1.9345391,-4.678551,99.38401442307692,3401.2336884828965,0.16573822682856038,0.22054978,pop
-44.723248,55.059227,27.137182,19.50298,14.696994,3.2040474,5.509529,1.4237081,4.4969788,1.3679069,-1.6663117,-3.534417,-7.9148335,103.359375,3603.429553551326,0.14755995428599072,0.19408727,pop
-8.406137,42.004875,8.2976465,17.972023,14.039091,7.345697,5.7253203,-1.8997345,4.6036773,2.0709262,-1.0726748,-0.6631825,-2.4345155,117.45383522727273,3696.287748409418,0.1668300569611068,0.2653083,pop
-25.935339,60.872036,6.071953,17.717197,5.13251,10.431291,2.4501173,4.9244223,8.108929,3.8508596,-0.18614738,7.252811,4.9468403,107.666015625,3271.2458605975758,0.14535890939434984,0.22711194,pop
-20.228376,57.77345,16.777649,18.249578,8.958152,14.899964,2.6696353,3.7526221,1.1145035,1.8456721,-5.9808383,-3.6137545,-3.6554596,135.99917763157896,3258.8665238179296,0.1316624691611842,0.24578635,pop
-42.268806,82.17975,-2.2469733,19.916231,13.862178,0.8657801,7.92098,-0.7182553,6.8773565,-1.9071585,-4.6875606,-3.1641939,-2.9416702,151.99908088235293,2806.432725529733,0.12854835344910992,0.19856702,pop
-36.629185,73.09261,39.12304,20.328524,12.4935465,2.1519125,11.737694,-2.4324145,6.6467233,3.182791,-5.380571,-3.149369,-5.77508,103.359375,3046.1865869262933,0.10639353654702012,0.3037274,pop
-59.09869,60.998295,27.75064,23.867935,12.298356,7.3722224,12.321168,7.1516924,13.415489,2.485732,-1.9674118,-2.4141192,-4.519556,92.28515625,3126.3938966039664,0.10534554590750773,0.25115368,pop
-125.53952,51.196957,38.517105,14.491696,16.232538,4.642958,12.308261,1.1730317,1.72455,9.770825,-2.8224163,2.07893,0.8530097,99.38401442307692,3510.042356894514,0.13724822525638544,0.20417361,pop
-26.93658,46.71037,8.7081785,8.604124,6.086184,12.425231,6.958877,2.506842,1.159301,7.25731,-3.1307192,1.2537662,3.838255,117.45383522727273,3634.106563927481,0.18310584667666407,0.21293947,pop
-119.34646,85.94366,33.886936,9.992517,17.70141,0.51905245,9.565489,-5.299009,4.170094,8.122251,-7.9776335,1.5659164,-2.933183,78.30255681818181,2765.6481348893653,0.09601491449787151,0.13814604,pop
-159.4762,104.848114,-10.300141,34.656025,-4.9666266,26.805262,-21.953398,23.452082,-14.029752,19.58617,-8.298798,9.717497,-10.065849,123.046875,2133.43713267984,0.09781082200561146,0.09414241,reggae
-190.91765,127.40976,-3.7634394,26.71416,-12.804949,23.93683,-8.225953,9.973003,-12.2330675,13.443711,-7.079032,1.6518703,-14.517787,151.99908088235293,1638.967412134596,0.06396144241002322,0.08202816,reggae
-189.03758,110.847466,2.9524722,48.38527,-6.4148865,20.739729,-12.55073,15.89101,-13.612208,9.429014,-8.036865,8.099243,-10.633535,103.359375,1797.298466871339,0.07512652984713622,0.092480436,reggae
-201.14635,104.14866,-15.473289,30.804382,14.2523155,31.42222,-7.8675566,17.963144,-4.0559983,16.943933,-11.217154,12.121105,-5.287185,143.5546875,1924.062787400072,0.08493448263351393,0.094160885,reggae
-175.64171,104.896675,-15.691055,27.549057,-8.112591,24.010681,-10.335524,18.850737,-8.387437,11.847504,-7.5933056,12.554909,-6.044676,123.046875,2009.3766964303297,0.08446849905669504,0.10106945,reggae
-176.69528,116.83858,-21.32323,38.76649,-5.4716187,26.622395,-8.185519,15.780884,-10.489777,11.041742,-10.061267,9.915603,-3.2601383,161.4990234375,1798.6538836861723,0.07305095660797213,0.1003339,reggae
-207.34694,134.66907,-9.072054,38.461567,6.2944055,22.612717,-8.297777,16.307375,-8.460724,4.1607494,-4.3510094,6.347874,-6.9025645,75.99954044117646,1418.2807056387023,0.060822383538119196,0.10510129,reggae
-192.26952,116.49671,-10.948332,29.89508,-0.6437028,21.415995,-11.890398,18.631174,-13.072376,14.453672,-7.3830028,4.824288,-2.8118994,151.99908088235293,1754.296876028464,0.07391149562209752,0.09057761,reggae
-194.59451,118.551735,-6.4070854,40.793236,-3.2897935,25.464678,-9.305264,11.397985,-6.1488485,15.341208,-5.157905,5.756854,-6.286324,95.703125,1691.9918927541435,0.06947274695239938,0.10185106,reggae
-232.59302,131.23955,2.6628423,18.392391,11.315528,22.940382,-10.487955,16.763714,-15.250354,15.54302,-8.380157,8.023414,-3.7811055,161.4990234375,1609.7558037303513,0.06057597535313467,0.08663683,reggae
-233.61296,87.49833,-22.208412,52.046257,-8.596837,24.979408,-18.240002,1.8987336,-9.137019,-0.22734675,-17.065607,-3.0177412,-9.790682,117.45383522727273,2149.7748681954477,0.10279038373161764,0.061662752,reggae
-198.6328,102.41357,-10.031449,30.802383,-3.3106058,20.276924,-5.6373734,28.09563,-11.512124,18.202065,-7.365783,12.278468,-4.36051,123.046875,1995.6005146508544,0.07032270401993033,0.07841224,reggae
-191.17174,96.340126,-17.656992,24.872458,-0.87806803,26.34468,-12.918914,19.642458,-9.785497,16.977057,-8.600344,11.421408,-8.215002,129.19921875,2300.0529187574825,0.1137952302631579,0.075578645,reggae
-206.49236,122.64486,-0.6156089,29.371662,10.252774,28.223461,-9.921397,13.379462,-8.442613,11.284243,-7.2747073,7.0825186,-10.333574,123.046875,1606.560170615663,0.07054114563177244,0.11165976,reggae
-209.72826,105.235115,2.5971057,34.90691,15.330765,25.211895,-6.0549407,18.222582,-5.076517,8.924583,-0.99671006,8.245265,-4.022234,129.19921875,1716.11172259999,0.06411563648897059,0.11409616,reggae
-157.72598,109.83527,8.463048,41.79172,5.113608,25.760815,-12.964587,22.066961,-15.514671,14.372681,-11.921099,11.602116,-10.626171,129.19921875,1923.7123234958624,0.06821916420762383,0.13193196,reggae
-76.048325,101.127174,-11.631933,46.232918,-11.2169285,31.394114,-9.462058,22.460752,-16.815596,15.975832,-9.508244,11.812327,-7.8450184,143.5546875,2118.326028871004,0.07927087364551083,0.18559653,reggae
-154.8781,110.041916,-18.444855,36.64433,0.52315885,31.586283,-10.428807,18.81091,-7.1827836,13.130121,-5.251168,8.890395,-6.718359,129.19921875,1803.5661063308744,0.07796513702109133,0.13965924,reggae
-170.9219,107.74944,-1.7545493,46.440155,-0.19604427,24.946032,-10.681295,18.073284,-10.796637,11.152104,-7.2524505,6.203107,-6.464094,151.99908088235293,1907.3818844890318,0.07739862495162539,0.10636914,reggae
-184.51595,106.18037,4.0202484,38.737694,8.408315,30.45933,-3.3555884,20.299545,-1.5513799,15.922177,-6.5210133,13.197273,-1.7158339,143.5546875,1754.5284525268162,0.07129926651993033,0.13875468,reggae
-177.68387,113.61754,2.3168924,35.842815,1.5947573,34.69798,-8.75585,16.296055,-9.33526,14.175699,-2.0734394,13.142423,-7.2475615,129.19921875,1637.926368499015,0.05678045786571207,0.13927479,reggae
-88.0909,109.416725,-25.173023,40.403038,-8.781224,24.709513,-11.537566,18.499166,-8.2953205,17.03021,-8.444006,9.80278,-12.90077,151.99908088235293,2007.3726579716629,0.09286754123935759,0.15503213,reggae
-91.33977,98.830605,-23.198654,46.879734,-6.857408,29.266338,-9.967306,25.659388,-10.211893,19.611229,-8.21838,13.407227,-6.499761,151.99908088235293,2059.358899258583,0.0723423441128096,0.18218318,reggae
-161.81602,78.712814,-19.275562,55.11339,13.201412,30.957823,-7.0246763,24.269943,-12.833858,21.512705,-13.528581,12.772056,-7.4467325,129.19921875,2354.2710703063417,0.1202902779121517,0.1078041,reggae
-169.24367,110.447716,-8.553957,43.898693,0.26645374,26.64651,-14.365674,13.026835,-11.142897,8.144701,-7.6902566,10.909969,-8.172387,135.99917763157896,1811.3582154873116,0.0721775680872678,0.12365177,reggae
-177.34091,110.98351,-15.655527,36.77763,0.06121807,24.468962,-3.7678869,18.426622,-3.3727522,13.775833,-2.1070576,8.593649,-5.94512,123.046875,1709.0354342543874,0.07374974300986842,0.1267832,reggae
-171.67456,99.35704,-8.26629,49.604023,1.0877643,31.122862,-7.1348906,15.8882,-1.36541,12.733199,-5.1999,11.8099785,-5.3254657,135.99917763157896,1840.8054757537875,0.07455850607101393,0.13427873,reggae
-177.61339,89.9523,4.605283,40.162792,0.16708128,23.182535,-9.905035,12.762709,-7.308214,18.732483,-5.735256,6.114346,-9.921317,135.99917763157896,2086.531502835946,0.08737815644349846,0.12768055,reggae
-256.31827,104.26259,-7.273195,56.246433,11.097317,27.300398,5.819084,17.783636,-1.2736737,14.663482,-3.4646602,10.868228,-2.4614923,78.30255681818181,1640.0485302065745,0.06783783620356038,0.07285961,reggae
-202.0222,111.094864,8.876879,51.82644,1.2931868,30.043192,-4.50889,22.452713,-7.1464868,11.500771,-4.760858,10.600746,-2.6392035,151.99908088235293,1585.601293881055,0.04367887420181889,0.103837006,reggae
-239.17886,98.96217,19.201752,50.7939,2.8389912,32.244686,-1.5015262,16.732338,-7.452125,16.71691,1.4970633,16.056482,2.8027048,75.99954044117646,1814.19900091257,0.07047840980553406,0.080515176,reggae
-226.41882,103.35993,0.1665024,43.973858,10.65059,35.21007,8.444857,21.145638,-3.2926626,15.537872,-3.010857,11.102893,1.7772818,161.4990234375,1578.9797524821934,0.05862247242647059,0.0919936,reggae
-243.80943,123.347595,-15.57089,38.883972,6.487192,25.511738,3.0363429,17.17544,-0.21269456,8.983332,-2.4875262,6.7616143,-3.4531975,151.99908088235293,1510.806650097002,0.0658639252370356,0.063896276,reggae
-249.42773,111.49364,11.282426,41.328266,-2.88513,34.554276,0.42364582,22.346,-9.966396,10.2083845,-2.8217614,8.728782,-1.4477805,89.10290948275862,1615.9036118108686,0.059147790489551086,0.074202016,reggae
-238.86949,132.32365,-0.1248904,41.233845,2.4230201,19.0934,7.968853,19.944677,-0.63158435,11.098161,-1.7195421,9.940314,3.0247061,184.5703125,1291.4824551695663,0.04461386476876935,0.082489036,reggae
-223.36678,114.212555,-4.424649,40.187866,-5.0985384,24.676882,0.72357184,17.049505,-2.3657622,11.154623,-3.0846279,6.1297007,-5.6871758,107.666015625,1699.8353933233093,0.061317467468072755,0.073211916,reggae
-236.62389,91.68299,1.8581239,45.465084,1.269352,32.259144,9.054458,19.607553,-5.0637455,10.95754,-4.0131874,7.5379105,-0.33258393,86.1328125,1811.5147924120351,0.05923924874226006,0.07998149,reggae
-242.5513,98.308784,-3.8207762,46.03243,3.286847,29.200768,8.863108,26.982607,4.7228484,13.119675,-0.63755846,12.055012,3.00419,151.99908088235293,1709.714456389325,0.06328759916795666,0.08624027,reggae
-240.0093,108.755516,-8.202256,32.197624,-8.81615,18.640667,-4.701402,15.518407,-3.7182038,14.536973,-4.7924466,6.403633,-2.9500248,95.703125,1701.103192532159,0.0655547812258127,0.07575375,reggae
-300.35504,99.25266,52.999855,43.226738,18.883024,24.848495,-7.955613,22.175869,1.7826729,24.79426,8.393651,20.71345,2.8040073,151.99908088235293,1312.7373064527953,0.02594957853618421,0.10385959,reggae
-296.0808,93.19381,-31.427439,29.488941,-18.94015,1.9491984,-19.49847,-6.245117,-24.019806,-7.0987687,-14.191153,3.2708812,-10.612779,92.28515625,2031.8882309842427,0.10104549632352941,0.03906876,reggae
-177.2906,89.63707,9.614038,65.46783,-1.0167572,15.514672,8.010461,16.342636,0.26795155,2.6445181,2.8961604,0.64221567,2.5766916,143.5546875,1931.4896901504014,0.05904763992356811,0.11992645,reggae
-174.81073,79.29305,-24.333023,17.978056,24.470284,15.726947,7.472576,4.2259116,3.9170735,4.8066626,2.7606575,1.7235028,-2.344012,123.046875,2480.8459326909738,0.10571062306501548,0.071250305,reggae
-164.68898,142.69797,-41.473988,41.23485,16.18847,-5.570958,7.6424603,5.6203566,0.80288535,-10.477527,-2.348063,-0.4949835,-3.0664115,151.99908088235293,1484.7434261821936,0.07602637323432662,0.11061871,reggae
-104.24897,83.94451,18.881548,28.945412,10.63566,9.320364,9.311715,6.5240045,3.008459,2.4963021,2.7950141,-0.20271988,3.10101,172.265625,2454.215349177034,0.08757694586880804,0.15244086,reggae
-120.324814,16.383318,25.04658,37.25922,9.280131,13.014446,3.2297337,5.9678516,4.0833497,1.6961602,1.8896632,2.6729696,2.0346594,161.4990234375,4283.044762530106,0.22392041469136997,0.09121401,reggae
-169.03961,79.50441,15.242741,42.74113,7.68792,17.028828,-5.9826922,0.54102665,0.06319964,-0.94798857,0.83621585,-1.5890546,-2.892287,172.265625,2322.2929756125877,0.08097759046052631,0.09348249,reggae
-140.31783,69.632965,-9.986164,52.16775,3.2691405,4.559303,-3.4938629,2.92315,-6.571258,-2.642122,-1.7314111,-6.9437375,-5.8254113,143.5546875,2477.9298991117516,0.1149788965750774,0.10929273,reggae
-123.733696,66.19565,8.181811,49.759678,8.538771,25.88335,-5.392044,12.895175,-2.5414345,6.7968063,-3.578176,7.636994,-2.0558965,89.10290948275862,2673.271677146015,0.11121021188080496,0.12016339,reggae
-121.49299,89.57814,23.786144,32.767933,8.857056,-2.6159663,6.6278014,1.7668997,-2.9514718,-3.0993512,-0.69749063,-5.429426,-6.5477986,95.703125,2322.9386798777355,0.08073911873548761,0.13286576,reggae
-104.88102,66.38382,-2.3053358,24.606274,8.4148655,6.770361,1.6772854,5.1811643,1.0552062,2.1988103,2.9562771,4.5823026,4.2084527,95.703125,2955.9154393104704,0.12710883078560373,0.13106836,reggae
-154.96252,-1.5391539,22.38873,30.425213,2.1195714,28.596123,16.995514,13.418903,8.493891,6.4839716,9.772991,10.905425,2.1743824,86.1328125,4276.113111170075,0.27482940390383126,0.117365755,reggae
-85.30075,60.9427,34.79015,19.804203,16.71572,7.9753337,9.312554,11.364072,1.3941991,-0.087947786,6.407763,3.6292884,5.676822,99.38401442307692,3288.43329145076,0.13413826673761609,0.1900278,reggae
-251.39256,105.855774,2.2200246,32.48439,16.563274,8.290815,10.365557,5.5049367,0.869962,8.355298,-0.6317739,9.898768,-1.8497398,75.99954044117646,2004.3538474526456,0.08977950246710527,0.063052826,reggae
-182.1939,83.517006,4.844894,12.6912,30.071646,17.201649,6.1039777,7.6934514,7.147,8.883384,-2.1501875,5.7135916,1.452256,151.99908088235293,2541.9768822749897,0.10153566720684984,0.09687516,reggae
-130.3925,84.28538,29.355722,23.84441,8.287879,13.86177,2.2291074,2.9254556,2.5764942,0.09832205,2.3406696,2.7464368,3.756128,129.19921875,2525.883148548213,0.0822270160119969,0.112905614,reggae
-162.50883,98.486626,-1.6052873,20.811714,12.058052,11.743512,6.093583,4.9583583,1.7059443,3.0551608,-0.85991347,4.1205864,3.42566,161.4990234375,2174.1042292536513,0.08318468217879257,0.10052799,reggae
-177.29272,98.28518,14.708466,21.133085,14.941088,10.188181,4.9731407,0.8437904,4.83046,6.869421,3.5429003,-0.35623604,0.5778768,95.703125,2170.729333695411,0.07889861588138544,0.10334067,reggae
-169.34058,83.9091,11.203279,12.134804,21.077204,9.533383,0.93636584,2.1945176,0.87566555,1.6430131,-0.41765842,0.74323595,-4.787158,123.046875,2631.8490363841825,0.11201028262867647,0.09115262,reggae
-93.51581,80.181656,-0.3042791,15.263566,4.3483276,9.056693,1.6918387,2.5480187,-4.297323,1.0002482,-1.6963749,-2.9968734,2.2530196,151.99908088235293,2671.9431591250614,0.11742559379837461,0.12639175,reggae
-301.43967,77.22314,-13.575449,39.304367,1.6029993,16.892714,-7.250347,-3.6011548,1.1691407,-3.2648885,-8.437727,-3.6016147,-2.6015778,112.34714673913044,2395.785250668999,0.11853254099748452,0.025837054,reggae
-74.0531,58.0152,9.140951,29.258945,12.535322,-0.18953334,0.16529681,1.3719066,-5.0914993,1.3520697,2.8511605,-1.560881,0.8852589,92.28515625,3122.9386087150997,0.1335615506482198,0.18103953,reggae
-265.69498,80.61592,9.722022,36.657085,27.836796,12.086828,15.014478,15.116937,6.558819,6.284592,7.486023,5.6445103,4.349679,151.99908088235293,2113.391953819571,0.06088285180437306,0.057322286,reggae
-168.56569,109.54735,-20.666073,38.956314,7.960121,0.3354012,6.036591,4.0865717,-1.3609742,0.119732976,0.24298781,0.35119838,5.3024573,184.5703125,1910.6006441535096,0.0833796923374613,0.097581275,reggae
-70.11165,54.362183,15.596424,19.821363,27.00525,13.251235,0.70048463,10.075649,6.6888304,-0.30473042,2.978181,6.0232983,1.0923578,172.265625,3094.02220916496,0.10088072029798761,0.26777142,reggae
-66.18777,97.88822,-18.8181,26.937904,14.0201845,6.0293303,9.445992,10.570344,-0.136587,8.12607,10.5418215,8.009013,3.808331,89.10290948275862,2080.8998101028196,0.08281998294794891,0.29808503,reggae
-147.08931,120.0933,-21.591429,39.640545,6.94915,15.087431,-1.008193,15.945317,2.543234,4.5108314,0.02295203,4.332127,4.638779,161.4990234375,1629.3916759342683,0.06711183908184984,0.12912783,reggae
-132.95238,117.09168,-2.7986,22.529333,25.91985,0.29016042,13.511026,3.3958855,4.522271,0.54295665,-0.072081394,5.0957727,-0.15914749,83.35433467741936,1729.221510067004,0.06049774453366873,0.14007322,reggae
-194.80711,83.02939,-0.7573575,32.3753,2.8250604,23.167728,2.9668245,14.221725,8.545363,10.447763,7.0688815,8.804686,1.4087902,135.99917763157896,2104.9458967015426,0.07786158511513158,0.095324196,reggae
-142.78154,83.62423,21.906212,33.849457,4.6240497,4.1626973,1.9368715,21.812685,-5.9423456,0.5001415,17.423235,-11.433122,10.545722,143.5546875,2461.457562285525,0.08041447973103716,0.12575796,reggae
-136.78912,75.5919,-5.33347,23.440128,0.7612742,12.292592,4.4802775,5.1578503,-0.07490861,9.033965,4.902392,2.330192,5.475173,172.265625,2288.9314176081257,0.06099963114357585,0.14901283,reggae
-141.76732,44.179897,21.717089,43.29201,21.74255,11.178962,3.5433035,15.015563,-1.7441003,6.4359937,6.9099855,0.7032586,3.9693093,143.5546875,3109.580608719877,0.12166630889609133,0.15084101,reggae
-94.140526,68.22994,3.97548,7.6313868,12.791034,-3.185735,-3.9074442,3.8176005,-6.1216516,-0.3518425,0.33756325,-4.6744213,-3.0098026,112.34714673913044,3086.1860008884605,0.13607514089106038,0.14293236,reggae
-105.88102,87.996155,19.372705,30.624931,10.024096,18.02015,3.6549273,8.923996,5.8252344,8.8736725,5.6649575,10.555123,5.901164,83.35433467741936,2153.2951509096097,0.05106696255804954,0.19222166,reggae
-105.86871,88.181656,19.302423,30.579697,9.9836855,17.954727,3.6897562,8.92259,5.8549743,8.851583,5.623592,10.514844,5.916853,172.265625,2148.603575494345,0.051022745138351394,0.19221866,reggae
-63.8221,88.25405,-27.603098,18.600967,-3.5774841,5.198116,0.98382926,8.05298,-4.396183,2.2758756,4.154456,-2.208498,10.266527,143.5546875,2481.191325890234,0.13506002987132354,0.17095791,reggae
-105.70985,76.10178,19.510614,36.709297,3.7498503,11.684267,0.07589344,7.092369,7.6598434,10.457497,0.99036306,-2.1993623,-1.5104167,161.4990234375,2456.1544092561144,0.08827233093072756,0.21068911,reggae
-151.77394,105.12452,-6.1661625,47.9461,11.34411,15.087999,11.635067,6.6077847,6.8175387,2.3976097,-1.0347643,-0.2205721,-0.64231867,143.5546875,1778.3264606974715,0.06091951069078947,0.11652951,reggae
-175.48697,78.023026,-2.5604963,52.867683,15.8424,24.755295,5.29587,8.655302,6.6522336,9.806406,-3.3547556,4.118611,2.3579512,161.4990234375,2317.4758286832307,0.09380782277960527,0.09433407,reggae
-155.67242,57.027374,-35.247707,33.286343,-14.187575,25.281809,2.5339677,4.247924,8.487786,4.5679884,2.8205197,2.5739944,2.8225186,151.99908088235293,3003.0228526329006,0.18643386888061145,0.08061355,reggae
-103.104706,67.230446,2.239865,28.497494,4.176846,11.877421,14.268193,14.302058,3.2598321,15.845577,8.033733,4.457916,8.679056,99.38401442307692,2538.8183244874817,0.09431537828947369,0.19575419,reggae
-115.72032,67.04471,1.9207348,29.123379,4.0074277,12.044658,13.988451,14.918452,2.299447,17.055819,7.568181,4.992762,8.547549,99.38401442307692,2567.6720453746466,0.0994389300744969,0.17930914,reggae
-115.72032,67.04471,1.9207348,29.123379,4.0074277,12.044658,13.988451,14.918452,2.299447,17.055819,7.568181,4.992762,8.547549,99.38401442307692,2567.6720453746466,0.0994389300744969,0.17930914,reggae
-285.9736,138.68748,19.947643,35.24512,-7.9940915,7.078869,5.405129,-3.2063923,-1.1585747,3.2082617,1.4964439,-4.0358186,-6.3341928,129.19921875,1366.429347381977,0.07119609254063468,0.0567255,reggae
-150.91211,111.76167,2.915668,42.73335,-3.5954196,15.153263,3.451678,0.18917774,-4.718382,3.858657,-0.88960326,-5.3516603,0.68947536,198.76802884615384,1788.5445972751872,0.07602221604102168,0.1142016,reggae
-175.16914,116.62998,-55.129204,59.90558,1.9614097,1.0681366,14.602345,-3.231406,2.7899194,5.709691,-1.8400207,7.8743434,0.40650472,86.1328125,1797.4051726737525,0.09941020764802631,0.11948926,reggae
42.11287,37.42417,-7.9223094,4.4919896,8.947956,3.5308404,3.0852087,1.6274312,6.2675343,1.8218068,-0.56136614,-0.39434326,1.6282494,129.19921875,4434.948742523192,0.2602225383368808,0.35094303,reggae
-110.20218,48.547997,29.644615,18.442467,-0.4723488,4.6547112,-2.267071,-6.588416,-2.1527016,-0.15998113,-0.6845913,0.54417443,1.9038587,83.35433467741936,3296.209659000533,0.1218802153879644,0.20783828,reggae
-75.2325,44.85301,10.078607,1.1481962,1.1562963,-3.1406858,0.13975966,0.07932736,-3.4337423,0.11067795,-1.928057,-2.314652,-0.07721771,107.666015625,3881.383875119963,0.18931631554760062,0.12002136,reggae
-194.45694,157.13971,-14.128242,44.053368,3.4784238,17.465809,2.9772441,5.833764,3.0153089,1.075528,2.5912235,0.79981035,0.649177,151.99908088235293,1052.002100832135,0.03803831874032508,0.15138194,reggae
-127.36403,65.991806,4.458125,30.058987,16.647373,16.524984,-6.399656,15.28876,4.6200223,5.1040297,5.5857096,-0.76974225,6.062219,151.99908088235293,2867.992801312542,0.13065151533475233,0.1442626,reggae
-159.94081,92.81089,-28.709528,31.464256,-6.6107225,12.638019,0.8522681,10.961096,-2.074935,3.66625,3.5795064,0.32305527,8.548466,143.5546875,2314.4949684089943,0.12388965146091331,0.0688135,reggae
-138.14389,101.46947,-35.317055,36.162956,-9.493778,14.762183,-0.2333289,11.528228,-2.106009,3.4052167,4.204796,0.13827953,9.009115,143.5546875,2170.7030022441018,0.12004009046052631,0.0921382,reggae
-147.45053,113.27776,-6.2796283,9.0886135,24.541445,-9.80251,13.136196,-1.9909201,-2.7045512,12.230323,-4.1125245,-1.0004735,1.969945,89.10290948275862,2109.6362127896273,0.08934072961010062,0.107127175,reggae
-97.762924,108.83715,-24.923462,21.31974,12.549697,7.7659984,-3.303585,3.5284224,0.68943727,4.195522,-9.684725,4.2615576,2.456917,129.19921875,2022.437501264683,0.09566646611358359,0.13470538,reggae
-69.031685,79.13812,13.089321,29.371021,0.2655618,4.15653,-0.4426138,0.18855518,2.8111448,0.5979991,-2.7980497,-0.5165507,-3.1858015,123.046875,2617.582608076272,0.10321517330205109,0.16228151,reggae
-167.0121,116.64275,-44.190365,70.50381,2.3206954,16.017593,12.503346,4.1003556,5.3281403,4.525841,7.307662,7.587458,2.906153,89.10290948275862,1629.473422777735,0.07962990397639319,0.16214606,reggae
-142.7909,103.117455,-15.232358,38.268044,-12.985988,2.749526,-1.6750331,-3.4322703,-4.448259,-9.285493,-10.124065,-2.116807,-4.4709153,161.4990234375,2007.1841367892719,0.09403079951141641,0.110719286,reggae
-134.68275,93.56442,8.52157,34.86943,3.2855153,15.515956,4.9638395,8.545496,-1.2880833,2.734835,5.0694065,11.86001,4.4103737,123.046875,2025.3801449478724,0.06482538276412539,0.13910417,reggae
-67.13854,80.72981,-43.87338,57.724434,-12.790913,33.593773,-7.733453,14.1250515,-1.2325957,7.4195833,-2.03643,6.110562,-6.631473,117.45383522727273,2466.3392174966807,0.13958721338041796,0.18010452,reggae
-116.63067,109.27817,-23.151485,40.68846,-11.896857,23.155596,-15.398657,15.127643,-13.522637,12.695952,-10.886425,8.50553,-11.57876,123.046875,1995.8245086755817,0.09019522179760062,0.12913728,rock
-111.17635,134.16852,-24.667322,41.557487,-3.073013,28.49442,-10.584973,14.932527,-14.398836,8.850728,-4.5540066,9.948249,-4.6702332,151.99908088235293,1529.317559052296,0.054981526944659444,0.1804532,rock
-120.49428,117.59749,-27.599688,42.82584,-6.756322,21.66252,-12.098573,17.943407,-10.448061,12.274321,-6.567336,13.528419,-2.413079,107.666015625,1874.829786811176,0.0767569054760062,0.14855237,rock
-156.60326,130.69366,-1.4667768,36.238716,0.37273532,31.98139,-0.62276363,20.141378,-11.335083,13.838637,-3.776273,11.534398,-3.2221892,95.703125,1421.4880254979382,0.04309724506578947,0.15116914,rock
-127.97257,134.44722,1.025668,54.43773,-0.46697676,35.828342,-10.860184,16.379753,-10.032896,6.6001406,-6.6998053,11.046618,-8.382891,103.359375,1345.8882551385968,0.04109914679276316,0.20868327,rock
-62.381714,153.7731,-55.11629,28.017727,-6.8514705,17.47647,-22.606953,18.144703,-12.586429,4.494896,-8.387155,7.2041183,-2.5257893,99.38401442307692,1542.2216281068565,0.07701994243421052,0.20368445,rock
-98.37914,136.61774,-46.718246,46.476067,-17.166424,10.52016,-14.581245,16.550787,-12.337286,3.6909735,-12.654891,2.9554558,-12.512315,112.34714673913044,1675.4999364261103,0.0872942567240712,0.180115,rock
-140.44441,149.30034,-10.059852,38.74818,1.5280163,20.129011,-11.331474,16.29449,-13.257334,10.190117,-9.253554,4.7002983,-8.369613,89.10290948275862,1282.2760121933156,0.04718867913119195,0.15703405,rock
-14.937181,138.4251,-41.898533,22.075092,-18.672731,31.99365,-20.37348,15.692359,-17.35271,14.868898,-8.8981085,12.249726,-5.82301,89.10290948275862,1717.3419433944864,0.0849809676131966,0.26079556,rock
-178.59238,153.9898,-4.9495,21.926918,-2.0618477,23.677855,-1.2919359,11.558475,-6.0403795,4.955241,-2.9516737,5.40618,-4.1217036,75.99954044117646,1181.5495135430565,0.04254093701625387,0.12820888,rock
-108.98643,114.95591,-5.198552,46.20658,-9.133127,20.515318,-17.025162,24.214722,-8.057453,13.438206,-18.381256,8.588361,-11.40596,161.4990234375,1857.8624034566847,0.07170251427051083,0.15343888,rock
-169.73999,119.115036,7.1710987,53.430897,4.141932,23.13069,-5.7138543,24.995338,-9.326624,13.470993,-14.286962,5.954391,-13.598769,117.45383522727273,1536.9871799571386,0.05433413856907895,0.12337732,rock
-204.65546,107.00343,-10.197385,45.559887,3.03639,24.009134,-7.5013742,20.058529,-5.1709266,8.742728,-10.101094,4.3654666,-6.9596434,112.34714673913044,1863.089813447186,0.06819006385448917,0.07588579,rock
-211.2083,95.768036,40.58083,68.30281,5.3151,30.973612,-5.270473,22.82884,-1.615061,17.489037,-11.487266,8.734695,-10.456018,123.046875,1596.5231665437616,0.046099872411958204,0.13374001,rock
-256.5845,103.170715,-8.463653,48.59315,-4.1831107,17.341555,-6.6681957,17.038635,-4.5991197,5.321588,-10.013156,8.242727,-6.1991887,117.45383522727273,1935.4498295716771,0.08359435468266253,0.053521454,rock
-174.94176,90.89378,-18.696543,41.621613,-8.882181,9.0975895,-12.460493,13.123887,-9.697834,4.3378367,-13.489968,6.743155,-10.383936,135.99917763157896,2336.111675735067,0.11420150142705109,0.08229963,rock
-15.687386,100.09827,-37.590454,45.971,-20.773737,25.637007,-18.64387,26.516623,-20.16317,21.12962,-13.649133,10.978789,-15.535991,143.5546875,2459.3807747248898,0.1428422957381966,0.18442486,rock
-41.43264,105.41607,-43.95048,54.109116,-18.417746,23.52593,-17.617792,20.664486,-18.462946,17.481682,-15.181072,11.308914,-14.158966,123.046875,2311.9417457073478,0.14058758526025542,0.16596873,rock
-67.55526,109.12109,-32.731323,45.657223,-11.699701,27.494364,-16.341742,22.087679,-15.454766,19.404106,-11.62111,11.591024,-10.52107,117.45383522727273,2209.573799429134,0.11580542218943499,0.14070792,rock
-84.21731,102.35073,-41.346844,47.03288,-16.961946,26.242182,-18.962618,18.802513,-21.695797,11.055486,-19.242598,5.239128,-16.765684,117.45383522727273,2321.139396040278,0.12819952713815788,0.11218207,rock
-56.94345,115.210526,-30.444605,37.203808,-21.994804,21.870764,-19.770649,14.999988,-24.074703,17.787262,-17.27864,6.7524276,-10.744573,99.38401442307692,2188.2645254060567,0.11758961397058823,0.15241936,rock
-55.33061,114.44248,-34.06889,37.984398,-22.331318,18.526556,-18.157928,13.806143,-27.803474,18.161308,-14.623385,6.5552115,-8.269667,184.5703125,2157.8298998957616,0.12160357306985294,0.16148923,rock
-34.62348,106.51091,-41.074825,33.66884,-27.234531,21.39769,-21.319239,14.007782,-27.776123,16.06719,-18.824478,5.6543665,-14.290796,198.76802884615384,2342.335377421103,0.13848895849458204,0.17382123,rock
-88.292145,105.392944,-24.5107,41.848503,-22.37644,23.734203,-19.802425,15.150589,-27.119736,13.858993,-15.214505,8.941474,-12.80437,73.828125,2295.565769219044,0.11561872641737617,0.13574292,rock
-52.499744,99.70246,-47.394753,47.02239,-21.031914,22.886387,-18.293646,13.89262,-23.449203,13.509938,-18.669529,5.7055564,-12.89633,73.828125,2320.555690085727,0.1434492459607198,0.15652086,rock
-47.051174,95.76596,-43.925434,52.077534,-22.552746,20.855412,-18.687845,19.244207,-21.265247,21.887394,-19.218746,9.456287,-12.582293,103.359375,2510.355618928361,0.15789020172213622,0.14910567,rock
-58.96633,106.565315,-31.794188,47.919727,-17.430267,27.756453,-14.035482,22.419859,-20.562475,19.568918,-14.586194,10.188967,-10.941551,112.34714673913044,2263.522165083779,0.1229387879740712,0.15269838,rock
-123.34534,74.88169,-17.058035,31.609985,2.5446815,17.32831,-3.8152325,9.7234535,-7.2375226,11.2586565,0.38198882,3.4685218,1.663686,151.99908088235293,2669.3593345236,0.13342209570917182,0.07916758,rock
-92.62163,101.8119,-33.467396,48.702248,12.402112,20.80687,8.704763,9.274925,2.7675457,5.239055,-9.331888,-3.4845622,-4.3514476,135.99917763157896,2047.1451067117212,0.101985399937113,0.13879743,rock
-42.44762,85.069405,-7.393643,40.71379,-1.0123374,18.935547,-3.5306551,5.8736205,-5.017307,4.2433105,-3.18037,-0.5721077,-0.5273756,123.046875,2444.584086039301,0.11148874383223684,0.18004598,rock
-131.44667,67.71616,32.899063,34.58986,-3.2580535,21.883932,-5.811073,10.241139,-7.0569263,2.297573,-4.3679585,-3.330299,-6.2800264,117.45383522727273,2945.1945450846843,0.11496000024187307,0.09645353,rock
-89.13876,81.39791,-12.569812,22.792751,-7.059605,-0.49249193,2.7757723,-3.4295094,-7.7128286,-0.84806025,-4.8873973,-2.6848652,-5.287197,117.45383522727273,2638.867641788369,0.13247236600232198,0.12612896,rock
-26.406458,85.79429,-16.961445,35.260883,10.0001335,10.668921,1.4469968,4.7106347,-0.04728316,2.070588,0.42054668,5.425936,-0.953118,92.28515625,2345.8857364588525,0.1154928768382353,0.22213958,rock
-119.11726,128.92801,-17.856234,29.175467,2.7212582,8.001318,-7.058392,3.8778896,-1.5081707,-3.983859,-7.040401,-2.867053,-4.177796,117.45383522727273,1673.575889634683,0.07488654641544118,0.12781934,rock
-28.089369,65.62969,-7.35323,33.593567,11.073499,14.760504,2.1976209,10.063778,-0.32938403,10.1363125,-2.7488217,3.1914697,-1.6832665,135.99917763157896,2789.7940380072873,0.13500787599167957,0.19107996,rock
-124.00577,109.503204,5.8832054,32.884655,10.982734,11.693244,12.679996,12.969646,1.649106,4.5024424,9.673786,3.0551999,3.5307932,129.19921875,1867.3888525990114,0.05698831753095975,0.124116,rock
-0.45102108,72.64673,-13.214342,23.930399,10.373189,10.31697,-4.9242163,14.35838,-0.6711963,9.922937,0.70188165,5.2240458,-4.06671,135.99917763157896,2841.8971917238737,0.14617523098877708,0.21663715,rock
-71.165245,79.446724,-20.793613,30.656105,5.5383873,3.697484,4.694747,7.2714033,-5.486176,2.4909718,0.83799785,-0.58331907,-1.8935434,129.19921875,2627.053081238353,0.14631922104779413,0.11332251,rock
-15.92807,67.15309,-20.1219,15.576831,4.8012633,10.825859,5.9594,11.79642,-0.39681533,5.6550355,0.11372378,1.097924,-1.7415591,135.99917763157896,2794.963091628599,0.14055017052051083,0.21929601,rock
-50.866234,86.39504,-14.416372,12.843614,21.69903,4.23861,1.7381626,3.7064326,4.6919465,-1.8630103,-1.1926677,-0.0101213725,-4.1189137,143.5546875,2559.2817874296557,0.12278761730843653,0.14427856,rock
-65.988464,61.27697,-1.9339222,35.323074,9.3201885,7.5695205,3.4152935,2.9780252,4.6153226,2.9165237,1.7740641,-0.3926039,-5.753547,112.34714673913044,3009.9775310236832,0.14474440063854488,0.14280498,rock
-35.39913,73.67545,-20.210777,17.162956,14.95129,10.214682,7.6044693,1.598915,4.177347,0.73554486,-0.38544583,-1.3131806,-2.0491896,117.45383522727273,2807.30058491141,0.14837174076044893,0.16064365,rock
-74.19892,76.74987,-3.8123217,28.032587,8.144329,6.0188737,4.3061314,0.50524384,2.8562193,-0.94191927,-2.3505528,-0.2828635,-1.4562793,161.4990234375,2794.3709144990316,0.13764807166698917,0.118928455,rock
-62.079945,75.84869,-26.757467,18.279894,2.452302,5.826196,11.583856,0.009005851,8.69518,5.51441,-0.25100031,2.399004,-1.7422585,89.10290948275862,2740.1544161420566,0.1440289854634288,0.13984786,rock
-118.357124,130.22548,-3.072003,15.7343025,3.9399168,10.663591,6.834913,3.3929513,0.76198864,-2.5365586,-3.1070428,-2.8583639,-1.6224065,92.28515625,1652.179327113778,0.06892966633610681,0.14432807,rock
-172.59167,142.76537,-55.78309,79.31112,-1.8683821,4.811142,0.23752734,-11.501947,-0.27545616,-9.37254,-7.673828,-11.250282,-5.6764617,151.99908088235293,1561.5465305371351,0.0789651309742647,0.096998475,rock
-83.093346,91.52499,-13.697012,16.139076,10.334052,5.530342,-9.448829,-6.6147943,-3.0317733,4.9391313,2.6464746,1.0551013,-3.667946,103.359375,2428.532242218463,0.11816519627999227,0.12062349,rock
-58.28948,62.493954,-12.665307,31.92991,8.108557,2.2520819,3.9014304,1.4481052,-2.7169504,1.1021155,-0.4605378,-2.3829656,1.2428724,107.666015625,2998.5568440596116,0.15630366558630032,0.13890298,rock
-93.35921,137.46544,-45.092747,37.819134,-9.423071,12.5912695,-7.4945707,5.548374,-3.7386365,-2.014053,-2.458912,-9.575428,-3.1775432,129.19921875,1646.6339142770562,0.0852647905379257,0.14556131,rock
-142.48468,116.16892,2.2694678,31.065384,6.1926603,0.11036252,0.31725267,7.794024,3.2462354,-3.0221734,1.7105086,0.7426469,0.14290631,112.34714673913044,2077.5446322647385,0.09130519241002322,0.10099384,rock
-145.0086,118.483894,20.532211,28.569769,2.3525505,10.085841,11.913156,4.8564005,-0.06745915,3.293767,3.4043336,3.6531587,5.3712893,123.046875,1720.5912503156892,0.053289549269543345,0.14123225,rock
-66.34945,66.78922,25.184574,26.302906,5.30007,10.462487,2.478275,0.75630563,-0.37080547,1.7285495,3.213731,5.0367546,-1.9407184,172.265625,3030.4355509553056,0.12080841536861456,0.16165073,rock
-181.25508,103.40521,9.393452,19.0761,13.7934885,-0.49876606,4.3651223,-7.606604,-8.104534,-0.14550003,-5.1632724,-6.306929,-5.464432,129.19921875,2187.2085144317775,0.08860566224845201,0.11328633,rock
4.066039,52.615936,-11.04076,19.70849,11.2908325,7.0625377,5.0640187,4.561151,0.028141234,5.1483927,3.3997617,1.1702251,0.5825346,117.45383522727273,3361.7673453402167,0.18757331777283281,0.19013545,rock
-156.2369,75.612015,-16.506855,16.341146,5.819572,6.018424,-4.1331725,-3.7573888,-6.168893,-8.928879,-4.102285,-2.2225192,-4.6504216,107.666015625,2632.7402137243284,0.13243306162925697,0.06547274,rock
-91.89978,130.00647,1.7901883,11.658318,3.2286391,-1.9668545,-2.2121937,-0.859142,-4.3378644,-3.54686,-1.5544236,-0.54676133,0.40629053,129.19921875,1711.1893544921813,0.06657442736551858,0.14718625,rock
-7.851339,59.508636,3.6690326,28.985016,4.145485,10.275528,2.544892,7.5940056,-1.384974,2.9601321,4.0424523,-0.75121945,1.054092,135.99917763157896,3303.904679679877,0.17756393007449692,0.17569767,rock
-58.60115,64.89226,15.939432,5.4494376,7.535342,9.880082,1.5892504,5.3452115,-1.2376224,-2.0299544,2.4436266,-0.7237525,-0.31555265,123.046875,3488.995725081282,0.1751028716379644,0.122580044,rock
-142.01543,96.99694,23.240543,10.443576,6.2821693,4.9678793,1.0824391,1.0958388,-4.841728,0.8765875,-3.455809,-2.011753,-5.8935347,135.99917763157896,2437.580126873773,0.09894309029121517,0.08744087,rock
-219.12524,94.35542,42.78742,16.11604,9.527346,12.908823,7.7212763,2.3854547,-1.0225295,-1.9537667,-1.9797302,3.15038,-0.8850411,117.45383522727273,2424.966690601346,0.0865675037490325,0.051181402,rock
-82.66664,83.48526,-0.5739467,10.4842,10.418732,7.0719404,5.08042,0.08345254,-0.2079647,-0.9347754,-0.09718944,-1.6991581,-1.0245148,89.10290948275862,2797.3841277517295,0.13467605638061145,0.10329776,rock
-193.56299,98.39903,44.057728,23.779394,12.564506,8.460669,2.1713908,-0.34650666,-8.192859,-9.118401,-5.2358727,-4.838527,-1.3708209,80.74951171875,2072.9854708489925,0.06909104102167182,0.088340685,rock
-212.29836,65.75985,45.18236,19.730082,11.805884,8.061574,4.434145,4.215858,-2.3181689,-2.1899483,-1.6369864,-4.6518984,-3.7266169,123.046875,2947.109224451956,0.10857001620549536,0.060440347,rock
-302.79382,116.16439,44.75729,25.957436,18.726181,7.5729103,7.33575,4.0423317,-4.1868815,0.8677527,0.92390484,2.8157294,1.4195158,75.99954044117646,1711.662555940787,0.0558345074255031,0.05309907,rock
-118.818695,104.41144,-29.167768,42.108837,-13.289315,29.063269,-20.876986,21.613054,-24.32235,10.711963,-15.105817,5.948565,-11.778101,151.99908088235293,2181.717912335607,0.10637615192047213,0.107048035,rock
-95.29631,103.816734,-37.02142,52.69777,-20.764065,27.576885,-17.536627,24.813133,-11.300561,16.644619,-9.249601,10.187893,-8.786783,123.046875,2294.29156586485,0.12912129027186534,0.114652164,rock
-245.18564,95.09854,-21.243845,45.65592,-3.5624685,14.98203,-20.670311,19.526783,-21.713743,7.3274713,-9.289677,0.81875485,-13.016046,75.99954044117646,2209.342049406717,0.10714712231520898,0.042979974,rock
-123.72794,94.754234,-9.566722,53.26891,-13.758115,17.728083,-19.21234,25.298622,-18.704412,15.385912,-12.513976,9.367706,-11.601579,103.359375,2414.0028665552404,0.11991915392801858,0.10014721,rock
-121.09557,91.74797,-14.70961,52.973698,-11.412968,31.003342,-17.491768,24.202194,-24.778625,17.11352,-15.88606,10.376737,-8.625382,123.046875,2467.0646621546953,0.11828008598587461,0.09121902,rock
-203.3139,85.381714,-11.569647,54.7784,-11.609861,20.572916,-27.770662,18.878084,-31.656443,10.709888,-11.93277,4.1216273,-4.003614,172.265625,2569.1052765811332,0.13768964360003869,0.04701054,rock
-202.22823,75.2136,-14.220877,66.31179,-8.289174,24.374107,-16.250935,17.12522,-21.291754,3.9677863,-19.749535,0.48966923,-4.5036573,172.265625,2512.1443220871984,0.13914088199013158,0.05409812,rock
-79.849785,109.94089,-17.126644,47.195335,-11.94571,33.335598,-11.699733,23.630066,-13.667416,18.45372,-6.9371977,13.033838,-11.583448,112.34714673913044,2024.9672114930113,0.09080821884674922,0.16090843,rock
-95.32931,112.443436,-2.0780864,47.044605,-10.373584,29.782087,-15.112976,20.185732,-12.674205,16.48886,-7.8574357,11.875228,-11.181129,103.359375,1933.566634741674,0.08172853074206657,0.16546212,rock
-61.652554,103.552765,-16.907658,49.269325,-14.810513,31.711088,-17.215973,24.628935,-14.4823885,18.026224,-11.670496,11.484824,-9.816042,95.703125,2224.311094028381,0.11005866933533281,0.16931798,rock
-83.337296,103.88044,-13.938497,56.89741,-14.430383,32.19,-14.128751,19.159246,-9.344779,13.159195,-11.727716,8.406356,-9.399952,112.34714673913044,2140.7591092398616,0.09116309198432662,0.15381563,rock
-113.69887,94.93524,-4.1180053,51.78671,-13.773854,34.333515,-17.59379,22.544245,-12.406816,17.20266,-9.234709,9.976575,-13.472091,117.45383522727273,2301.691479215312,0.11154543283184984,0.12686443,rock
-132.35645,124.65598,-9.664943,46.45199,-6.285326,30.5465,-11.139771,20.41103,-11.2132435,9.377025,-5.8245196,7.8290353,-8.728431,95.703125,1659.8731482944434,0.0712066744872291,0.14587216,rock
-103.93918,101.90094,-10.340607,43.67417,-11.524458,26.930704,-9.990092,25.02072,-14.218496,19.70191,-10.535614,12.671651,-12.685294,107.666015625,2188.176213337053,0.10627675720781733,0.12869976,rock
-130.98988,111.01548,-2.153921,41.78767,-3.1985133,34.658474,-17.61137,19.87679,-9.144963,14.890434,-6.8441687,9.199766,-6.975001,99.38401442307692,1878.0900592313533,0.07173048084365326,0.14438899,rock
-91.38539,112.11523,-27.342018,47.981018,-19.60664,27.728474,-18.553402,17.43945,-13.161745,14.4296665,-15.21798,11.52909,-12.585803,123.046875,2148.470108846473,0.1091164981617647,0.11669326,rock
-88.000725,93.53732,-23.228851,48.129993,-21.446268,27.758793,-20.340559,18.754475,-15.226568,16.130507,-21.412472,10.8740835,-12.021344,117.45383522727273,2606.2565496233246,0.1496808787248452,0.10433086,rock
-121.43798,89.518234,-33.493103,41.97275,-25.929998,23.02586,-20.269114,14.3506975,-16.349438,17.03437,-16.955423,9.146751,-10.111248,117.45383522727273,2553.8992233935824,0.13617340182372292,0.09363885,rock
-95.476135,78.32375,-26.22216,44.237446,-22.4639,29.737852,-21.567053,23.955877,-16.578556,20.470058,-19.64269,13.886457,-12.624655,99.38401442307692,2976.0030874979825,0.1837358504256966,0.09327282,rock
-119.17545,107.44643,-10.9727545,58.55446,-12.931376,26.831793,-17.640741,19.371054,-15.608501,13.5666485,-16.67103,11.872087,-12.187864,123.046875,2115.9838949624827,0.09280102614647832,0.10167485,rock
-94.301605,91.881775,-17.588514,45.52394,-15.698276,32.639088,-18.020702,21.573336,-15.734346,16.79548,-18.303877,13.337474,-15.461038,129.19921875,2581.8092292667184,0.13921608939628483,0.106816106,rock
-185.45334,98.932434,-36.44243,44.426693,-17.757998,21.304087,-20.296019,13.779586,-15.489941,11.040959,-16.792248,2.3260274,-12.639383,184.5703125,2256.0047067984306,0.12098982016737617,0.063018024,rock
-160.12103,88.731476,-35.493244,47.491817,-12.622673,17.308823,-19.139456,14.591329,-20.38044,11.096237,-11.14557,7.7047076,-9.86575,129.19921875,2521.464032225308,0.14632451202109134,0.076273166,rock
-42.66564,102.98204,-36.866947,44.53473,-11.986277,25.571468,-22.683826,28.340677,-19.273254,21.487629,-15.2573185,11.752054,-11.576942,129.19921875,2334.758795031705,0.12858085514222137,0.16569988,rock
-118.014465,84.04934,-50.27966,46.06395,-17.695774,20.860382,-21.651596,16.678535,-12.957173,12.828732,-13.105275,11.298574,-12.607103,92.28515625,2591.1167911589937,0.16178095672890866,0.089476675,rock
-156.26839,130.76775,-25.246172,43.496662,-12.144104,25.410446,-7.947459,17.6216,-8.632112,9.573707,-8.363633,5.7764125,-7.044429,107.666015625,1610.1897144525537,0.0732932075996517,0.10521845,rock
-89.05669,86.2166,-24.418585,47.110077,-33.645473,29.479248,-19.750383,21.647642,-16.756107,6.54962,-13.397908,7.489512,-12.868063,123.046875,2495.6204189789773,0.1206425055630805,0.1546425,rock
-74.3017,100.113205,-47.370808,49.62339,-18.414454,24.620584,-15.914734,23.901295,-22.833792,23.336365,-16.94892,14.932431,-11.504434,143.5546875,2474.554693163817,0.15018352118808048,0.10825303,rock
-70.11754,94.181656,-50.32803,46.9629,-16.114256,19.996185,-23.959724,16.344028,-22.188528,14.435193,-20.092636,12.150915,-14.765589,129.19921875,2471.302263920436,0.15094504341621517,0.10687875,rock
-114.74584,119.291725,-50.72456,42.631332,-6.709271,19.714178,-16.887064,19.393305,-17.415947,17.311916,-10.866727,6.668212,-15.753816,103.359375,1939.9141779559488,0.09836637420181889,0.1057426,rock
-90.21276,80.05299,-46.369427,56.04585,-8.101378,27.48543,-17.328846,22.971903,-17.603975,18.40145,-17.44811,7.6514463,-19.300837,112.34714673913044,2629.3044231854665,0.14670470624516255,0.101931095,rock
-153.61652,109.894516,-23.106592,59.00746,-7.527995,19.730127,-16.486076,18.08352,-22.215626,15.403847,-12.378472,12.349251,-12.316458,103.359375,2008.5370455020434,0.08926665598393962,0.07944141,rock
-142.44206,116.23844,-32.19032,49.114605,-8.395415,22.872288,-18.311134,20.106487,-22.10691,10.796756,-13.001553,14.067452,-16.397627,117.45383522727273,2006.0092476458422,0.0976588954866486,0.076425396,rock
-125.06511,115.20331,-48.00468,52.8431,-13.491938,21.765408,-12.428562,20.139965,-18.370886,10.11969,-16.055443,10.48674,-17.959637,129.19921875,2077.166787874547,0.12182428224167957,0.08158259,rock
-224.99402,123.66968,-9.775934,56.605717,10.427107,20.634146,-10.2572565,15.573306,-8.251973,12.805178,-9.004445,7.690068,-10.085666,73.828125,1398.5815744518927,0.04873137577399381,0.08383445,rock
-235.2182,123.893234,-22.541744,52.924854,-1.4473308,24.668274,-7.072873,14.884823,-12.778574,16.709099,-2.946438,10.071948,-15.021038,123.046875,1609.3699366383669,0.07628978811919504,0.05444213,rock
