mfcc_1,mfcc_2,mfcc_3,mfcc_4,mfcc_5,mfcc_6,mfcc_7,mfcc_8,mfcc_9,mfcc_10,mfcc_11,mfcc_12,mfcc_13,tempo,spectral_centroid,zcr,rms,label
-105.92202,121.284004,-16.622934,40.455208,-9.402882,18.805649,-13.830054,15.4465885,-14.246866,11.640397,-8.396602,10.637302,-3.7918365,123.046875,1805.6923647226338,0.07914011101973684,0.13732989,blues
-216.66534,129.55844,8.904987,36.60868,0.2952553,26.282711,-12.576738,23.66397,-12.648604,15.296842,-8.162506,7.6033325,-3.3345127,67.99958881578948,1514.9907851491153,0.05216068232391641,0.09077071,blues
-93.89187,145.22577,-32.659283,34.498665,-16.354967,26.237967,-14.700425,11.307415,-13.120131,9.813642,-14.250481,5.094567,-8.016589,151.99908088235293,1519.7977616661283,0.07506303816756967,0.17569366,blues
-195.11052,148.86514,5.308142,25.937918,-0.48283637,15.786404,-7.5866027,9.711128,-1.5055698,9.327952,-4.132296,6.53826,-3.1688638,63.02400914634146,1135.3283750119697,0.03574128047600619,0.13739255,blues
-157.7962,127.590004,-40.48621,24.723818,-36.14971,13.502692,-25.537188,3.8394897,-13.78388,3.7788937,-15.12169,-0.1893858,-8.830156,135.99917763157896,1852.56624485637,0.1006343121130031,0.09455173,blues
-174.57375,108.24785,-16.689966,35.606438,-21.08673,15.518661,-21.581156,5.8058414,-9.8639555,-0.28135923,-12.506124,-2.6974182,-9.428709,69.83741554054055,2014.3758124141682,0.10330474192143962,0.10929559,blues
-195.11612,134.62665,-33.400208,31.695747,12.887843,-2.907107,-20.831896,0.4415354,-6.7443857,-5.1432166,-8.759654,-3.974482,-5.4244976,71.77734375,1423.6213440170027,0.0695574025251548,0.1361935,blues
-177.77913,146.61913,-27.723255,38.473698,9.043615,9.000406,-19.108791,5.4453616,-12.693795,-6.244303,-8.16277,-7.20136,-4.905046,92.28515625,1299.5194328179102,0.054852276025541796,0.1492283,blues
-119.869484,122.40325,-15.921658,48.33959,-8.893722,20.171286,-18.562868,22.501472,-12.346708,20.703941,-7.3587856,6.2721105,-12.8658495,83.35433467741936,1716.0745981485657,0.0639618203366873,0.14416638,blues
-213.72379,115.07844,-13.325991,41.730595,-19.482258,11.457361,-8.069478,8.527608,-13.843729,4.0024524,-5.9004626,2.4665449,1.880246,129.19921875,1804.8081182029975,0.08068809863583591,0.0810081,blues
-163.13625,140.22769,-17.10846,29.946482,-17.221642,5.7940907,-14.992014,5.722435,-6.34081,-0.3332732,-2.201552,1.7759542,-3.74845,80.74951171875,1383.4033708541012,0.057293682275541796,0.16165851,blues
-284.4246,125.990135,4.8377843,31.840775,-1.5042017,12.989818,-4.46896,9.058851,-0.29757914,5.861642,-4.8713937,-3.5335164,-6.111205,161.4990234375,1353.0122503618188,0.04750462582236842,0.06711947,blues
-199.4001,127.94215,-19.393513,61.42394,-0.39352775,13.120569,0.90523,-0.79977256,-19.727064,9.258242,-0.90673524,-1.5470577,-0.48457047,92.28515625,1470.2955279747064,0.08296094959365326,0.12361412,blues
-209.04688,123.66414,8.894877,48.420635,8.106742,13.869273,-3.1458914,7.160634,-22.106052,10.891657,-4.9475346,-2.7222636,-3.1168237,107.666015625,1354.4159603995492,0.0523851707623839,0.10833207,blues
-305.05728,110.51357,5.4989576,50.199352,9.110902,20.433458,2.0928042,2.4800935,-8.325937,17.324484,9.9430895,4.4976697,4.8185344,151.99908088235293,1247.3235420122687,0.04840862640286378,0.07114063,blues
-225.87923,121.41896,-10.190044,39.921265,0.707737,13.366079,5.048434,-0.3303491,-17.291294,13.20019,4.904522,-1.074897,-1.0226953,99.38401442307692,1478.1654131895236,0.07112050720781733,0.08482266,blues
-244.57938,120.22431,0.7013737,40.155704,5.353436,17.487383,-3.0917892,4.5098186,-16.223099,16.204483,2.5120008,2.7034118,-0.9122694,198.76802884615384,1442.606045561882,0.05790592347136223,0.07313488,blues
-251.02737,141.8132,-2.6374104,59.605404,17.746506,11.295945,3.848941,-0.03164381,-18.096296,6.2246776,7.21291,-3.084497,1.4682013,161.4990234375,1064.9488274184419,0.04810477336493808,0.09245767,blues
-263.31674,108.0779,13.073906,46.115578,1.690107,26.169027,-4.537801,10.604128,-19.550383,14.379033,-5.973812,5.082428,-3.3854723,83.35433467741936,1585.84394266379,0.05576761440595975,0.0653821,blues
-217.75438,138.96312,-11.726805,42.844795,-6.027535,10.32487,-0.9524827,-7.1728544,-14.202614,13.167264,1.2675241,4.1841464,4.1856155,123.046875,1272.4290208891873,0.06235034104102167,0.10412026,blues
-229.73917,127.23354,7.0423594,40.898884,1.3284878,17.30362,-4.494638,7.615783,-18.739622,14.355337,-3.6998787,1.4390093,-5.161266,135.99917763157896,1389.5300712202877,0.05169280911377709,0.07697544,blues
-271.62973,139.72449,14.287996,48.2934,16.466116,21.39511,3.688089,3.0432317,-16.27124,16.544134,2.1294477,-2.2242372,0.8277916,99.38401442307692,1030.7412316362927,0.04818791723103715,0.09513003,blues
-230.18547,142.18007,-8.930788,54.63231,-1.661323,13.671235,-0.35781002,1.3655288,-21.463612,19.67934,1.6175749,1.1632617,2.7469723,99.38401442307692,1227.89597470922,0.063908154750387,0.10023093,blues
-222.02592,134.20728,-17.433552,65.63839,3.204918,11.159804,1.0849435,-1.9804348,-7.0084248,-2.3156517,-4.3215103,-11.222348,-10.609585,184.5703125,1278.0599766729297,0.057527240953947366,0.10639075,blues
-296.6654,126.484245,4.3666844,71.56403,14.922737,10.621679,10.237152,0.2651214,1.7173866,-2.8666778,1.6660033,0.16862762,-1.6449715,103.359375,1065.9154995618576,0.04125069538506192,0.07187742,blues
-254.67767,140.60089,-1.351507,74.650276,9.017161,10.573555,2.2411313,5.4082065,-1.5074077,0.2849766,-5.3426814,-3.0319307,-5.7741284,198.76802884615384,1082.111759759208,0.04897249298568111,0.08362024,blues
-294.68933,123.3943,-2.7242465,63.15974,8.27619,14.08622,3.9730315,6.963503,-3.2479653,2.4522364,4.786658,-4.3323607,1.8327221,83.35433467741936,1235.9562369212374,0.055067694224071206,0.063105755,blues
-221.04799,137.21234,-26.296808,67.65162,3.2037017,5.139374,1.8294955,4.7446485,-6.7074227,-8.210526,-0.9028162,-4.1781816,0.27460185,92.28515625,1323.1712100862842,0.06828908064047988,0.104607075,blues
-256.06808,139.84554,-17.807777,65.96649,18.032434,13.22236,1.0888971,1.1122109,-9.388011,-1.0880333,-4.926499,-1.580789,-0.37198028,103.359375,1138.6243776142883,0.0466988861745356,0.088337414,blues
-236.06485,98.61061,19.978113,25.33844,2.3525653,26.716265,-17.294308,15.551785,-22.606441,4.4964466,-22.962292,-7.026106,-6.5223513,129.19921875,1734.3227793652443,0.05506542666408669,0.12128231,blues
-199.10904,112.90515,26.812204,30.087074,0.0938605,19.7009,-25.215857,20.074186,-28.1513,5.310904,-18.330465,-7.697033,-18.76269,89.10290948275862,1532.385365667174,0.041157725425696595,0.17306949,blues
-221.5844,111.92376,19.341537,29.734028,2.9179356,21.385483,-17.322262,13.700332,-26.163313,-4.3324823,-28.397078,-13.658285,-14.830681,92.28515625,1300.2487215230176,0.04404962025928793,0.16201591,blues
-289.0839,102.828316,18.285978,26.698137,6.3052773,28.086475,-17.325102,13.604154,-13.017981,4.9476385,-17.77062,-6.20152,-13.210666,143.5546875,1441.4605560610335,0.046280143430727554,0.09216163,blues
-226.53543,107.15879,31.689913,26.833794,-1.6565436,26.831656,-26.69975,15.277266,-26.689035,1.922031,-29.137342,-13.48004,-17.284082,151.99908088235293,1532.2802555151072,0.0441214263254644,0.14628202,blues
-218.40436,109.3236,15.192285,25.076708,-0.992665,30.446138,-17.98373,17.742918,-29.386663,4.2618527,-20.71197,-10.766462,-11.265931,184.5703125,1517.7717281645223,0.04640863849651703,0.13028614,blues
-166.99605,120.46337,11.628245,21.470507,-2.9098735,25.62128,-24.688488,18.712704,-18.676392,2.661679,-20.750185,-5.3809934,-16.865593,129.19921875,1515.9924986569483,0.048802425986842105,0.16498628,blues
-215.01463,119.24161,21.013792,27.586946,1.966567,23.346508,-17.026646,10.120518,-26.866463,-9.127148,-24.50201,-13.776685,-17.467108,151.99908088235293,1126.8613655229753,0.033723152089783284,0.187785,blues
-335.8097,105.37285,24.02461,27.625645,8.610176,22.828697,-3.9317245,13.703135,-10.983137,-1.144066,-11.682257,-8.288634,-10.098338,123.046875,1122.8327743061445,0.045447193063080496,0.06835712,blues
-210.96503,111.76844,18.637104,26.129314,-0.24069752,22.920843,-23.21418,13.001364,-14.094445,4.0507197,-25.91449,-3.7714353,-14.847032,89.10290948275862,1417.74870133372,0.04132023389125387,0.144593,blues
-312.24072,117.77386,17.503292,19.11773,6.440861,26.115864,-9.485277,4.6555295,-18.393316,-6.4147215,-17.37584,-7.497942,-17.278063,117.45383522727273,1184.1459643837877,0.03491135352167183,0.0774593,blues
-112.61485,92.63326,-2.5566337,74.12509,-10.549534,38.8071,-13.61245,19.909107,-17.208351,13.035743,-20.900454,5.7165227,-8.861566,172.265625,2205.686678661753,0.09141743662925697,0.13376537,blues
-106.11467,86.66214,-1.1976478,56.647964,-7.471879,37.034924,-8.175861,29.055836,-19.334688,11.896833,-21.129053,11.446929,-6.1307745,129.19921875,2445.9795450473957,0.10313769833591331,0.12612474,blues
-157.17995,66.77317,-8.289584,76.92217,2.9336593,45.10674,-4.16377,33.184822,-8.932373,6.993558,-23.26592,9.268622,-1.5935488,172.265625,2376.2852030653007,0.10621175382159442,0.11002233,blues
-109.22596,102.54847,-10.670947,47.40965,-5.981725,38.575283,-7.564041,29.465773,-16.03761,13.552491,-23.90921,7.090196,-7.734522,129.19921875,2107.9123778671096,0.08603500507933437,0.12741166,blues
-108.04849,87.15893,-14.576608,62.356853,-5.777848,44.82807,-7.9831805,29.462843,-11.583218,8.522,-20.846947,10.9005165,-4.96417,135.99917763157896,2276.6885074550505,0.096248095249613,0.1352089,blues
-162.09283,91.86013,13.8137665,79.921715,4.156723,40.433807,-4.5268383,27.068499,-13.651919,1.6587892,-21.724955,4.8811035,-3.9365563,129.19921875,1682.7663422372746,0.045431320143188854,0.15200734,blues
-188.4225,87.062546,14.333643,68.381485,2.5527318,38.086548,-8.533177,23.435186,-13.310214,4.5186257,-17.346275,5.2430525,-4.798367,123.046875,1947.883492215512,0.060468266253869966,0.09936212,blues
-159.40039,94.01914,5.9589734,73.23372,-8.027667,37.201336,-11.318758,17.97909,-18.735237,0.3454867,-23.573708,4.67013,-9.9305315,151.99908088235293,1990.6575269364275,0.07047349675890092,0.10621884,blues
-107.318886,102.842804,-21.627394,60.69449,-8.410905,33.86243,-14.248749,24.417913,-12.076378,16.28386,-19.50514,6.4959993,-8.664766,123.046875,2115.457433954751,0.09664340654024768,0.12472395,blues
-239.42691,108.408356,18.782915,70.91331,1.8008015,46.372383,-3.3999152,9.702528,-9.305424,3.2244098,-21.489895,-2.505313,-8.911712,123.046875,1363.910145450464,0.04096951794698142,0.09768554,blues
-77.83674,107.936554,-29.642675,56.126072,-1.7217191,33.86709,-10.987207,20.403141,-10.36671,15.905992,-9.811046,13.172806,-9.055324,135.99917763157896,1958.7108237980349,0.09112870065789473,0.18481702,blues
-51.1476,117.24078,-37.47695,65.4323,-6.8631454,13.700221,-19.419598,17.133097,-11.157186,19.271261,-4.8596144,14.724361,-16.143274,99.38401442307692,1953.5222120820088,0.10447177946013932,0.20010829,blues
-232.3452,120.04893,-11.117215,61.74841,14.289277,19.413628,11.27522,10.594757,-2.2534237,11.17292,0.42183205,2.0865734,-7.7670126,151.99908088235293,1369.3012288239775,0.06022110221555728,0.094146006,blues
-73.26625,105.34462,-44.128006,60.910194,-8.601624,19.805304,-14.000446,18.97718,-11.536056,14.8919935,-8.055803,12.672936,-9.801705,99.38401442307692,2183.2255198403004,0.13836046342879257,0.17138311,blues
-56.125607,107.0421,-37.884975,64.33898,2.562273,25.702013,-18.515942,20.43922,-9.910141,18.61999,-6.4012628,14.701368,-11.562818,89.10290948275862,2061.9913995808342,0.10732890504063468,0.20180891,blues
-95.99206,105.62703,-33.475292,58.367077,-1.6849377,23.183605,-9.417286,20.112564,-12.035977,14.319008,-5.2286005,13.700436,-9.67015,135.99917763157896,2019.8737787183582,0.10803411619582043,0.16022973,blues
-144.21294,109.70162,-16.394396,55.462475,2.6709657,25.86898,-7.6852627,16.795013,-5.0189705,14.411208,-6.7137523,7.6457996,-10.333301,161.4990234375,1720.0022855672619,0.0657675539376935,0.14205849,blues
-99.500626,120.66034,-37.193836,61.464287,3.4988537,28.544952,-13.791105,21.897749,-8.867414,11.752866,-5.8324513,6.7948084,-9.830029,92.28515625,1780.2021145139697,0.08102520922020123,0.17325549,blues
-97.1789,113.60942,-32.81887,59.079224,-6.197455,19.035873,-10.043873,13.409866,-22.823275,10.23296,-5.006778,10.216991,-8.581911,107.666015625,1949.6449038381645,0.1009094427244582,0.16454661,blues
-82.15133,89.07762,-24.365646,71.45478,-7.2904897,19.521896,-10.282745,14.787649,-11.45297,21.69765,-7.1146116,8.97299,-14.69947,107.666015625,2305.659417293361,0.15440118275928794,0.1678408,blues
-75.9213,117.418526,-33.008842,58.249203,0.84718496,32.943756,-13.463772,22.401808,-11.567971,14.148058,-4.949412,12.992272,-10.800671,151.99908088235293,1820.7460348714524,0.08331015383126934,0.20039143,blues
-79.42243,94.98878,-29.343405,76.84053,-28.02567,35.43793,-20.214203,26.348969,-16.211575,12.848431,-14.196243,6.721184,-9.888907,129.19921875,2502.98799016385,0.17197628434597523,0.14280538,blues
-144.0212,97.01493,-23.769125,48.04829,-29.661318,29.11016,-18.80437,18.017275,-8.789254,6.52103,-8.514136,4.559006,-21.3012,112.34714673913044,2248.8668392673057,0.11105148268188854,0.10615455,blues
-134.97136,75.0842,-6.322927,50.09843,-32.556023,21.135258,-25.682714,15.146037,-9.048159,12.261942,-17.651728,7.022876,-18.523252,92.28515625,2762.0451447968785,0.15116083954140866,0.091066,blues
-86.85601,88.217575,-15.290532,61.847317,-37.518692,14.372031,-21.864414,9.471566,-15.581329,12.08526,-14.697311,9.011527,-20.21315,78.30255681818181,2565.125255928303,0.14997414981617646,0.11745748,blues
-119.06163,77.887566,-19.14495,47.807034,-32.400414,23.390676,-26.198631,17.45436,-13.965053,11.926703,-17.656239,7.708526,-22.827765,107.666015625,2757.334934790582,0.14376027960526316,0.09894182,blues
-116.0605,96.20851,-14.979368,48.332504,-23.352232,28.048323,-22.006521,17.410435,-14.366844,8.047286,-17.45357,12.174208,-13.703786,161.4990234375,2370.798437807164,0.12254650009674922,0.1098589,blues
-91.284706,99.871,-20.77896,46.590393,-30.35224,22.903088,-21.593754,14.845515,-13.850377,12.878188,-15.784929,8.729937,-18.780561,80.74951171875,2341.952173587191,0.11784509239551083,0.1302105,blues
-114.49701,89.08889,-9.350391,50.042583,-34.68472,15.455959,-18.050974,15.27575,-12.048491,14.77351,-15.122874,9.0594,-18.248966,161.4990234375,2510.9024238065294,0.132795115373452,0.099947475,blues
-119.28392,92.355484,-19.429195,47.099857,-39.661167,28.189465,-35.494762,9.562334,-16.620165,4.8131075,-20.049726,7.978008,-22.354208,80.74951171875,2473.6651159710773,0.13426676180340558,0.12129345,blues
-132.79288,104.37669,-23.73602,40.72363,-27.016912,19.989908,-25.563946,20.517893,-14.404929,6.4848094,-9.179652,7.93375,-11.637295,143.5546875,2168.2637074315694,0.10160104851973684,0.1090925,blues
-84.58632,96.8038,-15.466815,51.297962,-35.537857,19.135826,-19.461672,12.945875,-12.932462,16.557594,-12.791666,11.808441,-18.17314,73.828125,2401.867812370273,0.13132724821013933,0.120964356,blues
-118.190186,91.56187,6.928763,45.539856,-40.06287,19.210886,-26.487118,13.542914,-16.674984,5.565516,-15.764074,3.0601046,-28.579763,103.359375,2489.159705310907,0.11784358068885449,0.108356096,blues
-29.90114,103.44935,-19.850973,56.8675,-13.503722,19.424986,-17.983294,16.946077,-18.53803,7.648165,-12.059889,11.853102,-8.256127,95.703125,2104.712353989302,0.1021475304760062,0.26082656,blues
-68.77023,89.10265,0.044275433,40.609734,-5.501828,26.920696,-23.92183,21.504753,-18.0115,11.700714,-14.991169,10.51414,-3.5870814,112.34714673913044,2490.1209732401444,0.1153847898123065,0.18339244,blues
-81.80111,95.77922,-13.7135935,54.98151,2.8923287,30.32347,-14.753302,23.51713,-15.677789,14.780097,-6.997622,12.96079,-6.3958654,117.45383522727273,2170.7524418967178,0.10248917618034056,0.1997024,blues
-48.283997,74.68196,-20.42098,56.23233,-5.0692186,32.492443,-14.312219,22.887804,-13.845225,26.8889,-9.531232,6.3094077,-11.149021,117.45383522727273,2644.871904361802,0.14244887408088236,0.22672558,blues
-35.160652,101.832466,-27.147974,40.080215,-9.279349,29.812578,-22.25995,25.973969,-11.635079,16.43389,-13.344167,10.450327,-10.32736,99.38401442307692,2255.172498640093,0.1113538240131579,0.2362917,blues
-1.1253792,102.03879,-34.22797,41.027992,-13.67641,31.876442,-22.553381,24.475721,-15.690478,15.92273,-14.436165,12.958119,-13.178651,123.046875,2321.9565426118083,0.12326456075851393,0.25982022,blues
-4.4846034,93.56993,-24.718943,45.142693,-11.179431,31.470648,-18.710213,27.942568,-9.431581,15.362299,-14.951446,14.546192,-15.481903,78.30255681818181,2433.49589776519,0.12386622000773993,0.273308,blues
-60.09072,118.270584,-32.954144,39.84055,-13.226912,20.79344,-16.898174,18.774803,-8.652984,10.694272,-12.760944,12.367221,-4.3921905,117.45383522727273,1828.7788221957696,0.09117858697755418,0.23335394,blues
3.1317272,112.75808,-41.829002,46.92758,-20.59518,26.816013,-19.802753,17.72444,-13.705187,13.873067,-14.443,16.15051,-13.398135,103.359375,2118.5630452595956,0.12295466089396284,0.27873263,blues
-28.952272,110.5186,-25.425451,37.57691,-19.557009,22.037142,-26.022932,21.417627,-18.682358,15.135062,-11.727619,7.1834636,-7.1431494,123.046875,2117.683261806526,0.1041089698626161,0.2517941,blues
-21.025938,98.29235,-23.722614,49.880924,-15.669191,29.981709,-17.710123,28.34323,-11.404247,15.711329,-8.342867,11.38786,-10.788466,135.99917763157896,2335.266550403184,0.11817993541989164,0.24737917,blues
-30.9191,112.85819,-31.729994,39.111473,-6.238258,23.504944,-19.111002,24.441412,-11.414721,13.251005,-15.216929,13.887468,-10.989523,112.34714673913044,2047.8184985265464,0.11026539522058823,0.24810533,blues
-196.94528,142.10239,1.4841301,44.85514,15.27521,21.114124,-5.214668,13.065512,-10.987581,-1.1638542,-4.2930336,0.5382296,2.4772844,143.5546875,1131.7004818461041,0.04673516713428793,0.14188309,blues
-207.77347,137.47801,11.173877,38.73941,10.6169815,20.918459,-5.4023724,12.021965,-7.263982,8.826926,-1.295056,2.4527895,0.18352598,123.046875,1250.6707130956772,0.044995192772832815,0.1278504,blues
-143.1549,123.58404,-2.5431354,45.993683,0.73450345,24.55573,-11.879429,16.761166,-14.333933,1.4377555,-7.5000014,-0.51628715,-7.809578,172.265625,1507.1268824864683,0.05292031491873065,0.16810782,blues
-191.8338,155.92247,-4.1517644,38.77993,16.704336,18.925898,0.17154053,14.421193,-12.768702,1.1822916,-6.7168965,4.6137047,-0.88103795,172.265625,962.1573279671193,0.030390594765866873,0.1462261,blues
-362.5942,131.72862,32.702957,26.623005,20.338999,11.903088,6.1510105,7.6721654,0.70569783,5.116901,1.2757093,-1.1274505,2.4442327,73.828125,773.6527618539692,0.02495600933630031,0.051812924,blues
-171.43039,111.74676,2.935147,53.43926,10.625992,29.895119,-10.348741,18.748968,-15.774133,7.5279984,-5.217685,2.3737454,-6.4851913,143.5546875,1721.1237716356466,0.06432992090750773,0.1269273,blues
-224.03279,165.9501,-6.305765,28.106829,11.477621,18.640068,-3.1738365,12.390775,-2.2585223,9.11333,-4.055066,6.5962524,-4.593771,63.02400914634146,1004.3112257263185,0.03765585695626935,0.105641,blues
-329.99643,127.158134,23.950434,47.455563,31.24541,24.339739,1.7958499,10.059747,-3.4667282,6.3271656,-0.2938436,-0.094517,0.35443503,83.35433467741936,1022.9100202306432,0.038164546246130034,0.06040769,blues
-357.90546,166.58725,34.808403,18.907547,29.885582,20.396637,9.075532,10.225144,5.2373905,3.3434582,4.253199,1.6137221,-5.0093956,58.72691761363637,539.809804573211,0.020531243953173375,0.06782295,blues
-240.9196,137.3134,20.32813,40.77207,16.782288,15.238698,3.5138373,11.9137,-4.9954753,4.695739,-2.0713809,1.7346581,-1.3566912,103.359375,989.1207198127711,0.0326324557372291,0.13737422,blues
-126.68034,141.31636,-3.7354302,36.889668,-5.7697225,20.78684,-10.204661,25.085081,-16.51334,7.714145,-1.3104173,4.3127604,-6.8054857,135.99917763157896,1369.7667568484515,0.058364726441563465,0.19144683,blues
-312.7477,141.61858,11.455946,29.648743,-8.808348,12.418199,-3.7944684,5.7409525,-5.7616715,3.4963055,-13.229458,1.8344084,-12.655698,143.5546875,1105.2713715954862,0.04746683315595975,0.0532121,blues
-131.26443,132.97975,-7.8866267,52.489822,7.5603724,18.656204,-6.254893,18.395716,-13.97177,11.635284,-9.958524,5.831584,-1.8024353,117.45383522727273,1413.5436414243952,0.049203784104102165,0.19689311,blues
-81.165535,97.18279,-24.030375,53.5443,-23.012472,32.161877,-10.24465,22.068024,-12.329469,17.863487,-15.568595,13.326728,-11.68804,123.046875,2381.8365718290597,0.13554415392801858,0.12941927,blues
-161.1451,139.06142,-28.174654,37.264336,-23.039963,18.332743,-3.2573287,1.6581901,-8.105449,4.9372916,-10.7533655,5.601579,-10.774407,92.28515625,1546.0485385428942,0.0781703511996904,0.11280084,blues
-258.81372,136.30916,-32.14902,30.940512,-13.226821,15.75865,-11.810898,6.1248646,-14.132229,8.171374,-5.0944414,8.874783,-1.0055827,184.5703125,1511.1554582064755,0.09550206801470588,0.038284957,classical
-332.22174,134.35265,-24.899282,21.107811,-10.953864,20.385147,-1.243868,2.551085,-10.015215,-2.0362997,-8.824462,1.2517133,5.8241553,112.34714673913044,1320.2060045485662,0.0925262734616873,0.03299132,classical
-237.92464,143.23972,-30.85071,34.981712,-13.20344,21.42871,-11.436061,8.323116,-17.84047,5.614479,-11.563157,7.587141,-2.333549,99.38401442307692,1439.1200716710175,0.0819292098006966,0.042310085,classical
-344.52554,123.241585,-21.386778,38.164814,-3.0360987,18.24148,-2.6343744,-1.6027747,-3.2175796,5.2453713,-1.8417989,4.319231,8.015707,71.77734375,1517.9834631087147,0.10377790610487617,0.023229491,classical
-251.47572,115.1101,-40.369427,31.43329,-20.43699,10.70747,-15.949403,10.608943,-4.107924,8.327927,-22.181376,-2.2165258,-6.7741494,161.4990234375,1811.924447889811,0.1226409817627709,0.044291664,classical
-299.01416,132.94441,-34.069134,35.662918,-7.9888854,3.3814163,-12.447893,2.63483,-9.897786,4.6549683,-8.512724,3.8787727,-4.0425687,135.99917763157896,1495.0294713964865,0.08207584534636223,0.03579056,classical
-307.22882,134.66536,-20.154919,39.90493,-4.4646378,8.00486,-10.60652,5.164685,-9.569469,4.0480294,-7.189497,4.4577446,2.7693434,103.359375,1329.0237808039471,0.06802075270897832,0.034893088,classical
-287.10968,130.81544,-18.483847,39.265003,-3.792615,7.570718,-10.864015,5.7750506,-4.9885783,9.824563,-2.7720962,6.530608,-3.2132685,107.666015625,1363.987844195365,0.0683450137867647,0.043414477,classical
-282.3464,128.2638,-29.540943,40.369194,-10.42237,6.2000184,-14.740495,8.25018,-6.9484177,7.171169,-9.76312,6.400318,-0.27066144,135.99917763157896,1508.4091879935088,0.07479848950270898,0.03736765,classical
-357.15805,140.676,-7.3701534,42.456936,-9.533629,12.409976,-9.355309,5.644035,-7.278937,10.901143,-6.725505,4.2474966,-1.3453349,234.90767045454547,1221.7520735254318,0.05806994364357585,0.025185848,classical
-315.44305,128.9399,-27.088398,31.60893,-8.211889,9.795157,-11.322249,2.252452,-10.888053,6.3107777,-2.236919,12.379773,5.2615585,103.359375,1491.7548917196668,0.08429427486455109,0.030035386,classical
-393.8363,189.22438,-21.035593,27.536257,3.35576,-0.28854644,-8.746876,-5.4631453,-5.9381456,5.7587914,0.3740823,-1.5298661,-6.5222464,151.99908088235293,922.6101161276871,0.06334655572755418,0.020037893,classical
-348.36603,157.92957,-17.46779,32.808327,-0.7690475,4.084913,-9.128215,-2.2119868,-10.944863,3.471643,-8.361461,-0.38387966,-0.08090682,95.703125,1076.5407153171093,0.06110922987616099,0.038786057,classical
-363.50275,131.2239,-23.130936,29.15008,-4.5466075,0.65627575,-10.075958,0.24828331,-2.543575,10.580688,0.06661411,2.9124687,-3.3456972,129.19921875,1472.850787852563,0.08666765431501548,0.027569588,classical
-304.8114,149.86716,-34.66743,28.266066,-5.965099,-1.4786128,-11.747447,-2.4941902,-7.076439,1.7816963,-10.250659,-1.223176,-0.20093586,143.5546875,1280.1578159612272,0.06777207696400929,0.038046885,classical
-412.89294,131.52837,-20.683542,30.872932,-10.311276,1.9122454,-10.391898,12.719601,0.19908874,13.565371,-4.1443114,3.1662405,5.598251,80.74951171875,1436.4856154551421,0.0815233165634675,0.014685525,classical
-489.8093,163.04083,-5.284461,34.413193,-2.532433,11.442392,-6.1842813,14.225169,-4.004756,4.6190705,-14.3163395,-1.4937794,-4.8741846,99.38401442307692,1001.5213770512945,0.04417055679179566,0.007342137,classical
-299.45306,141.36447,-34.049767,19.631071,-11.573071,5.13506,-13.015256,0.7654663,-11.858054,3.0844193,-4.8457932,9.133614,6.074344,117.45383522727273,1449.6918988460097,0.08243260811726007,0.0402264,classical
-456.09235,130.07687,-15.689145,47.09724,-1.5038456,10.051471,-11.062498,11.910669,-4.794186,17.198393,-0.60799295,5.1969585,4.6071534,172.265625,1433.0449646973132,0.08272739091524768,0.009848176,classical
-475.0024,148.10628,-10.41043,36.70905,0.27621508,7.042851,-2.0426595,8.077544,0.18107727,9.220942,-7.1538744,0.43104732,-1.1739076,184.5703125,1126.3747896521509,0.053516683194659444,0.00770888,classical
-305.6993,155.49272,-23.844147,26.547081,-3.3422265,2.4639454,-13.541098,-0.8870279,-7.5633025,7.835067,-6.708127,-0.35882586,-2.2251136,143.5546875,1252.9458490337115,0.07274332430340558,0.03876372,classical
-363.03638,151.40102,-39.646374,25.104115,-15.940102,-6.501043,-16.046303,0.94147295,-8.394863,0.36025813,-13.627049,0.9094779,2.52312,135.99917763157896,1334.369208350213,0.07458987398413312,0.01625902,classical
-265.29828,154.42482,-31.351974,22.3114,-5.1882544,5.776563,-11.809831,-0.15310149,-14.286113,4.7242227,-4.7063184,5.736899,-5.6260905,107.666015625,1287.3752916497513,0.07187560468266253,0.054279804,classical
-385.23727,162.03973,-8.085366,33.128986,4.424064,9.106128,-7.060127,11.603179,-3.8400548,9.236612,-16.315372,-10.277336,-10.231847,95.703125,1060.4840171880178,0.0503043065499226,0.018794602,classical
-221.272,166.208,-34.57642,29.128586,-10.1906185,4.9735427,-13.376164,2.4597592,-12.005147,5.2236633,-11.292243,-0.721124,-4.934144,151.99908088235293,1223.838834941491,0.06709180896865326,0.06471224,classical
-222.09027,170.26184,-38.352905,23.984406,-9.334308,6.7066,-13.345833,3.4746172,-17.403849,2.7733335,-9.163292,4.9443717,-6.003524,89.10290948275862,1240.1868422473447,0.07398065620162539,0.06092787,classical
-375.34543,156.90479,-46.059433,8.507858,-14.417068,-1.776496,-13.271741,-5.476389,-10.667402,6.8693447,-4.783805,1.4629853,1.0536689,161.4990234375,1249.6296345426672,0.08513478376547988,0.022598943,classical
-347.70343,180.64426,-11.036827,26.245855,-9.35488,5.1488333,-11.619871,2.052709,-10.79403,5.8687944,-11.188706,-3.3053164,-6.4526744,172.265625,949.3188070919316,0.062397959800696595,0.032108814,classical
-252.00005,168.37355,-29.387417,16.436886,-0.40540382,-0.95054847,-5.013495,-9.451728,-10.41354,-0.23969157,-3.7535737,-1.3568733,-3.9121578,161.4990234375,1128.6272769381696,0.07420212122678019,0.05760438,classical
-277.69678,145.64946,-33.714764,27.178106,-6.87395,0.39467487,-12.755359,1.9868855,-10.66213,4.697489,-5.235043,1.0952789,-2.9220016,135.99917763157896,1397.832419387994,0.0783774550116099,0.044574354,classical
-283.16544,148.91023,-39.79936,24.777845,-14.480479,-8.77507,-18.338413,-3.7910357,-9.775615,0.50589526,-13.003722,-9.635421,-6.378391,117.45383522727273,1303.16553788404,0.06351889028637771,0.037811976,classical
-376.303,164.65967,4.4334235,26.954964,1.8407512,0.3003003,-6.165309,-0.04410971,-0.96350986,0.20019796,-7.557771,-8.118622,-7.4200745,112.34714673913044,917.8980437633073,0.044918095733359135,0.023102054,classical
-494.741,180.93793,10.500668,27.37332,-3.3523364,4.554437,-8.613796,-3.2029028,-5.654606,-4.221899,-9.17594,-7.1344733,-9.436302,99.38401442307692,768.2143479749577,0.034571975377321984,0.008775007,classical
-476.4947,125.884575,-11.317825,30.142067,4.243218,1.4001322,-6.255211,-0.93243694,-0.76388484,3.6752264,-7.0533857,1.6994629,4.2286806,143.5546875,1218.224315719745,0.05617653105650155,0.010972549,classical
-318.89673,127.18835,-33.7771,33.663868,-4.5131097,6.8070025,-7.5133576,5.197112,-8.572893,-1.1250939,-14.737943,-5.649666,-6.1467767,117.45383522727273,1503.328980262183,0.08206375169311146,0.03410563,classical
-323.50073,179.48662,-6.768882,29.073282,11.9909725,2.7075317,-4.4785933,-2.6050346,1.0980623,-3.6239562,-11.682338,-8.602759,-6.331561,151.99908088235293,827.0728395797286,0.04225295689821981,0.04304615,classical
-425.5683,136.87512,-9.285126,25.734371,-10.817365,3.1777396,-9.485201,-4.189037,-6.844824,-2.074132,-5.7012753,-2.6026864,-8.563213,95.703125,1213.9044090335308,0.0551304300503096,0.014795067,classical
-288.708,126.06792,-46.580536,31.124794,-8.396311,1.1257674,-17.57444,-2.8031173,-5.225764,5.5978904,-13.004301,-9.650179,-7.13548,161.4990234375,1602.6093239998354,0.10050052607391641,0.039685465,classical
-286.9118,150.94121,-34.904102,22.15869,-0.73563766,-2.3149602,-11.703644,-7.348559,-8.333609,-3.423679,-9.562772,-5.437879,-2.5757222,151.99908088235293,1233.7992371804523,0.07210765165441177,0.039203774,classical
-395.4421,124.24531,-18.404917,15.643426,-1.5143161,2.2626858,-4.1698956,0.32420307,-4.3098426,7.1711464,1.0205479,-2.3521085,-1.1070838,135.99917763157896,1422.0039365484351,0.08110910893962849,0.015717253,classical
-399.16815,129.04767,-29.71355,26.106152,-8.721775,4.905801,-9.02206,7.69675,-0.65856355,7.456338,-7.997879,-6.960599,-9.671923,107.666015625,1392.2222832829368,0.0724500532120743,0.014613273,classical
-339.9267,125.075066,-42.139076,24.293829,-3.1733863,-6.509814,-20.014206,-10.342935,-12.017005,-2.0522068,-8.901207,-0.43168578,7.431939,123.046875,1428.5345056612534,0.08588685782701239,0.02529541,classical
-162.8758,175.27615,-54.17566,-1.5449399,-5.611488,-4.0649185,-11.320476,-7.6118283,-9.843326,-0.6741728,-5.889394,-3.6672764,-4.9037547,198.76802884615384,1261.0545024050723,0.09222393213041796,0.12992612,classical
-276.94122,162.95554,25.63459,-7.7163577,-0.61717165,-0.26508963,-10.614207,-7.4698544,-13.898794,-13.623209,-12.828588,-5.696519,-8.669733,129.19921875,1038.5389910030829,0.04621740760448916,0.1054945,classical
-402.8291,147.35132,-17.557941,11.076162,-9.884716,-9.660697,-15.032715,-21.114662,-17.667925,-12.657962,-5.297803,3.0605824,0.9809113,112.34714673913044,1201.2661777851554,0.07449841573142414,0.02139809,classical
-160.0822,155.17242,-27.093811,4.170116,-8.008676,-4.04272,-8.140285,-3.3894799,-6.2842298,-6.0051,-10.875946,-6.765647,-8.217272,95.703125,1192.150496929241,0.06392100425696594,0.15137413,classical
-86.318504,124.85582,-30.33586,17.814993,-4.924691,7.094072,-10.96039,-1.5388817,-6.550404,-1.8232244,-4.317199,-0.49238837,-3.0038264,129.19921875,1800.9372696976402,0.10781869799729102,0.11669137,classical
-405.82687,153.45203,-26.107286,20.94754,-1.526781,-2.5892413,-9.453807,-4.9181666,-11.468137,-10.686445,-8.124267,-5.324726,-7.968152,107.666015625,1192.9147410177707,0.063363184500774,0.011862142,classical
-63.403316,128.7264,-32.039143,26.792793,-2.0520124,5.7127385,-3.4404237,-1.9452403,-8.570946,3.4258409,-6.2942686,-1.9589049,-2.7150984,172.265625,1886.839706971891,0.10511274308243033,0.18972081,classical
-70.724686,105.27951,-23.002462,21.650116,-3.838292,2.4079835,-9.870043,-4.54203,-8.111936,-2.0318377,-6.2526217,-1.7141045,-3.3943646,78.30255681818181,2019.9673976699155,0.10715279121517028,0.1544292,classical
-454.10342,160.2362,-11.898381,44.475986,7.4167094,4.0767975,-0.5550682,-0.5496996,-1.3130673,-3.380745,-10.40449,-2.6938806,-1.572472,107.666015625,1074.237647568984,0.04530660434404025,0.0064948145,classical
-210.11786,122.88812,-6.37423,31.84508,9.412797,14.851502,3.2522933,6.453197,1.8381455,6.278838,-1.8441908,4.5752406,-1.3434962,135.99917763157896,1500.2897762370421,0.05657184234713622,0.08882504,classical
-162.07028,86.90812,-13.925334,13.321583,-4.0802865,7.177841,-0.75235546,-0.7831405,-5.927507,-4.875233,-6.578565,-1.6037265,-4.954011,161.4990234375,2440.450815587976,0.12189646623452012,0.065717846,classical
-120.93148,149.3611,-47.881042,22.684093,-8.090946,9.724871,-4.5097647,0.7193851,-6.974665,3.7082164,-2.5133693,0.6576456,-1.3717366,71.77734375,1482.219759789594,0.08785585574690402,0.13458712,classical
-92.116875,130.37701,-45.26578,31.770323,9.661797,-3.6345685,-24.785114,24.927563,-5.2539616,-9.693228,-1.2483085,18.890738,-9.138525,95.703125,1758.1124270249666,0.12982990276702785,0.18205088,classical
-496.72348,158.17761,8.666328,4.9494243,1.084459,-2.1880753,-2.6229715,-6.758183,-9.840453,-7.3671484,-7.6933837,-13.096773,-11.858611,78.30255681818181,899.2460523575061,0.05154315015479876,0.012867257,classical
-84.87993,131.12584,-40.531155,30.75771,4.8857408,-2.3432603,-0.06677464,7.8272767,-15.934717,1.0431154,7.9431434,3.3620765,-9.494117,95.703125,1615.0427401881288,0.0909110148993808,0.19383723,classical
-376.27615,104.03385,-27.105516,6.2706394,-1.3715329,3.5547624,-0.42958513,7.5376205,-6.1329026,-11.055561,-6.8315883,-0.43102884,0.8111215,107.666015625,1884.5699458556878,0.1039955918633901,0.016653718,classical
-372.93036,152.89221,4.18498,14.988487,7.826239,6.648622,3.566491,-5.959581,-7.0409007,1.0923371,4.2596726,-3.9995923,-8.093239,107.666015625,1202.5634850524548,0.08560643624226007,0.024199361,classical
-167.17207,135.87389,-44.339706,20.985956,-5.659245,-3.0221028,-8.637325,-5.5445824,-7.2162533,-5.689795,-3.6021223,-5.1443024,-3.781798,117.45383522727273,1632.4407541426033,0.10206287490325078,0.07891313,classical
-179.945,130.77434,-33.267563,17.431717,-6.3844857,-0.77320474,-10.086518,-5.1517963,-7.5308356,-4.737604,-6.992629,-4.98805,-5.865033,117.45383522727273,1662.056924357438,0.09589964686532508,0.06433213,classical
-270.05988,146.35368,-24.359768,22.139633,3.666312,1.2637175,-2.96245,-6.927666,-6.743057,-7.5322127,-6.5992413,-4.055272,-1.3948635,151.99908088235293,1373.9093704305612,0.07385442869582043,0.044477258,classical
-346.60803,133.76117,-2.2466152,15.924064,14.730839,3.4009092,-3.5832188,1.3727945,1.4330401,-1.6318598,-3.7778275,-4.8372626,-1.5946603,89.10290948275862,1433.5326458225388,0.06386733867066563,0.03632903,classical
-464.56967,178.22658,54.319736,13.3776245,8.148768,0.29755306,-5.3266807,-6.732124,-9.928928,-12.2363205,-8.6020355,-2.7034965,-3.013872,95.703125,695.7974015406437,0.03640491969814241,0.02042141,classical
-475.35086,150.277,31.523737,9.836344,0.49761528,-1.6876113,-5.244916,-5.622393,-0.112096354,5.86276,6.243753,1.591575,-1.9667456,75.99954044117646,1140.7224989957967,0.04595739405959752,0.015593399,classical
-468.37234,172.31592,41.352005,-5.2525334,-4.0680737,-1.4172734,-7.077329,-9.621748,-10.770453,-11.166283,-6.6959286,1.0623399,3.596985,123.046875,836.1978087642833,0.04788482004643963,0.019012976,classical
-461.95065,179.91356,46.266167,1.893714,-2.4918118,-4.736576,-10.588603,-12.651532,-10.611609,-7.9171314,-5.0924354,0.4798375,3.7625473,135.99917763157896,759.5804027677955,0.04370646284829721,0.022863712,classical
-459.00967,137.20718,45.07607,13.628513,4.8175206,-0.9315754,-4.7509313,-5.669578,-5.3237114,-4.447706,-2.229337,0.06327295,-0.51609725,80.74951171875,1168.9848233612145,0.0440390383126935,0.017453587,classical
-266.12863,138.82652,-41.69264,18.861507,-4.852951,-3.5711715,-2.8158188,-4.607499,-6.804355,-2.7356093,-6.0498686,-4.167352,-2.0797563,83.35433467741936,1449.4340663638384,0.09009847257159442,0.047488797,classical
-323.29266,142.17722,-31.839783,33.38806,-0.45856506,1.9445165,-0.12428241,-1.2525135,-0.6132045,-1.4845183,-7.7966475,0.7871641,1.4630721,71.77734375,1323.5316828701002,0.07949082696400929,0.0277982,classical
-340.04285,137.28705,-19.924421,21.196653,0.8081977,-4.0983467,1.7964926,-0.05147739,-0.30760798,2.2970102,-1.7080599,0.482079,2.2026775,161.4990234375,1372.5324697607773,0.0733389367260062,0.024421353,classical
-274.43207,138.31664,-27.996033,30.279861,-1.2261494,-3.9274967,-0.63390464,1.9521439,2.671102,-3.292401,-11.979358,-5.924813,2.1410346,143.5546875,1419.0140000936376,0.07392774646865326,0.04298321,classical
-370.1841,130.17613,-14.612297,35.552216,5.25395,-2.0656762,-0.18418485,2.971968,4.459694,3.6421776,2.8678095,5.157825,3.0313082,117.45383522727273,1391.7065082339047,0.07343115083204334,0.018957922,classical
-316.15833,160.06424,-26.637995,12.6165085,-5.5166364,-10.8491335,-5.1630383,-9.7652645,-6.3320103,0.90611565,2.725629,5.9660225,8.199891,129.19921875,1111.091717078457,0.06497088452979877,0.04421796,classical
-341.1134,145.74146,-31.462189,25.371075,-1.8357612,-8.38427,-2.6845214,-4.32395,-3.370712,-3.7759776,-6.732574,-0.42307425,3.2903025,161.4990234375,1342.2398861735464,0.06850374298568111,0.025239507,classical
-446.5009,135.05931,-12.847212,33.01016,13.671677,-2.841146,6.327627,2.9394863,2.43996,-1.6802646,-4.864749,4.637733,7.7994585,112.34714673913044,1105.9616891546427,0.05402915175116099,0.013577417,classical
-234.71188,152.09763,-31.470201,29.84716,-0.45324844,-2.857224,-2.150153,-4.0453405,-3.327315,-3.588709,-5.939181,2.2551777,5.422109,172.265625,1340.1578566785704,0.07500030234133127,0.053414796,classical
-508.6964,162.86505,8.358869,4.031219,3.8303993,-10.729383,-14.432708,-10.217762,-7.1047597,-3.7290115,-0.97196627,-3.3297687,-7.211698,172.265625,840.2556919105432,0.05070339710719814,0.011841876,classical
-538.93463,182.35374,26.22492,13.360819,4.7410197,-9.859216,-7.5155206,-10.609995,-10.015845,-7.499353,-5.793874,-2.7120686,-4.5060854,67.99958881578948,669.1541445627424,0.04328167327786378,0.007718041,classical
-401.52774,183.23375,-7.9541225,-5.64523,-1.1192052,-11.974129,-9.77561,-2.8793454,-1.2656981,-6.9023557,-9.658259,-10.03537,-9.042636,107.666015625,838.1848782928151,0.05968822561919505,0.023880664,classical
-616.5429,128.82948,7.1597285,39.143505,15.669538,11.17872,9.374404,2.2401047,5.573426,3.9720638,5.5628014,6.0381722,6.1523895,135.99917763157896,1168.6332249751451,0.0272160107875387,0.0017065976,classical
-386.21646,147.67644,-15.335695,24.797466,4.907852,-7.975666,-9.129869,-5.6218653,-5.551748,-4.294728,-6.4251213,-4.184969,-4.024225,151.99908088235293,1249.394413133101,0.05685982246517028,0.014813265,classical
-278.93488,150.4752,-49.353542,3.847897,-17.61588,-13.772792,-10.773013,-18.098866,-13.375473,-12.257625,-6.84816,-7.7284307,-4.5638695,112.34714673913044,1333.8343339997953,0.08097078778057276,0.040393237,classical
-321.24503,181.50598,-28.077263,11.378851,-4.8424845,-10.698816,-11.259275,-17.53049,-14.322392,-14.489614,-10.311572,-10.059024,-4.5313463,117.45383522727273,932.7385509103528,0.05298305074496904,0.050104536,classical
-387.74667,178.59343,-28.685015,16.023844,7.261131,-4.2924385,-7.0256324,-7.883823,-9.401126,-10.120582,-7.6629257,-8.550841,-3.2020876,112.34714673913044,994.6017563898497,0.05914023195626935,0.018274006,classical
-250.05069,162.10812,-40.20959,12.067155,-9.882272,-4.4480305,-6.311246,-9.633481,-8.670963,-7.597218,-4.1637683,-6.1603875,-3.2397015,112.34714673913044,1420.2746423641884,0.08505844257933437,0.039657827,classical
-256.99976,143.04881,-29.70232,21.20868,-15.342595,-3.004911,-12.370911,-8.023463,-7.565324,-2.8694708,-1.5404974,-7.485362,-7.0402,198.76802884615384,1591.9961457997015,0.09187548374613003,0.033440918,classical
-400.34775,186.14046,-14.022004,10.38746,0.7100535,-11.332001,-12.166455,-14.283629,-10.108983,-7.903027,-4.737455,-12.060863,-4.8610578,123.046875,897.9223220248216,0.05145622702205882,0.022110874,classical
-287.0187,162.23557,-41.019802,17.933634,-7.771611,-2.9624708,-7.4872165,-11.104725,-8.260284,-7.5187435,-4.0367866,-9.1357155,-3.1498919,107.666015625,1317.9629614818275,0.07373198045665634,0.026991844,classical
-324.22552,53.152054,-60.993168,32.30569,-20.168432,17.868574,-1.1538609,45.299957,18.505295,30.740896,-7.564212,5.5803704,-3.9162412,99.38401442307692,2472.699292617475,0.17523552389705882,0.030525332,classical
-332.89267,94.651764,-44.26384,35.547256,-18.670887,11.065259,-17.235247,8.15718,-14.880735,20.324358,4.503684,18.949087,9.055786,95.703125,2046.5835014878687,0.14076785627902477,0.02196871,classical
-272.3483,85.37937,-42.13085,37.089516,-11.998716,23.785501,-3.9472287,23.026669,-12.277535,10.912383,-4.826195,17.713972,-2.064459,92.28515625,2225.1588395634453,0.15930742671246131,0.03807682,classical
-332.31323,101.70697,-22.09577,48.832245,15.84021,19.36913,-6.9721045,-5.4460926,6.333615,16.093737,-12.734275,-2.323426,9.302189,63.02400914634146,1753.3580036905905,0.13070140165441177,0.08476042,classical
-206.70444,116.750885,-48.643986,12.68107,-6.57002,14.010626,-15.909281,-1.124961,-14.545779,7.189576,-2.0539346,3.944588,-11.492732,135.99917763157896,1662.2932882905739,0.1120348478618421,0.08620201,classical
-383.29892,122.91863,-25.343006,42.189724,-2.76151,19.148546,-5.9336367,17.471252,-0.84193933,12.393614,-7.1304436,2.2398412,3.7566998,151.99908088235293,1491.5050971996595,0.07349388665828173,0.014706001,classical
-408.5263,98.75698,-18.910683,37.999584,7.416253,5.380142,-3.7500832,10.990248,3.4178271,13.7780905,2.3763802,4.3636465,4.591152,107.666015625,1676.1235068997591,0.11124195772058823,0.017648127,classical
-214.4466,127.871666,-48.11719,40.98716,-8.924652,10.7597275,-13.295136,14.426259,-9.055482,9.73299,-8.663039,4.3493166,-2.4488459,135.99917763157896,1750.3153907036121,0.10322915658862229,0.044130858,classical
-294.65015,132.85513,-11.515754,32.04206,1.2067698,10.2598505,-12.8336,0.7191901,-15.548722,5.433183,0.91229004,8.187276,3.3549707,103.359375,1354.9162717045551,0.07342888327205882,0.0339984,classical
-296.61606,97.69771,-38.738274,41.498055,-15.618275,15.848654,-16.049,15.678068,-5.415871,16.412104,-7.7896104,-0.012074592,-15.226692,184.5703125,2012.1923350943432,0.13058500024187306,0.02613927,classical
-380.1933,121.23524,-20.43379,42.003155,-15.884593,27.23559,-14.190862,20.5825,-10.178499,20.675663,4.0126076,20.470942,-10.488729,95.703125,1620.1459474350113,0.08885509384674922,0.009431138,classical
-19.704437,70.893394,1.2698493,28.882725,12.362513,8.482159,3.4752915,8.418517,2.517038,7.8083777,-2.6401699,1.9205835,-3.75095,86.1328125,2780.967679467953,0.11089880030959752,0.24583916,country
-9.189211,62.783646,-4.540805,28.05448,11.433116,8.489392,6.194282,11.099658,4.127896,8.803741,0.72376376,7.097774,-0.3962252,129.19921875,2911.284881281272,0.12526454866486067,0.23240238,country
-123.32486,83.18105,0.04629271,36.830887,17.690792,14.531749,6.791355,8.966139,0.41663897,7.444836,-5.2259846,0.22377732,-5.356345,161.4990234375,2166.2590168002075,0.0664773002128483,0.1477548,country
-65.39429,96.43183,-6.2715125,42.56813,15.136418,-0.080317356,-0.68825734,6.697392,-2.3729045,8.932072,-2.6771584,2.4192753,3.3487492,161.4990234375,2157.8322525928243,0.09771369485294118,0.1972125,country
-22.148972,62.972168,1.2966887,29.6968,7.1941986,7.1149035,7.2460346,10.201099,4.4325485,10.326637,-1.5003059,6.071807,-1.3238226,117.45383522727273,2947.980706525996,0.12017916747291021,0.21220967,country
-22.428026,61.011368,-9.884135,29.243065,11.726429,3.797588,0.038773622,14.8262,3.8265283,11.272819,0.91009945,4.205052,-1.580279,129.19921875,2916.427226978722,0.13641489696207432,0.20629948,country
-20.384113,70.53787,0.7716478,24.630054,17.009192,5.2906923,-4.2861404,17.815212,-4.4111867,2.2132883,2.422836,0.7269838,-1.0600559,112.34714673913044,2849.120468980634,0.13492133078560373,0.2124264,country
-24.811424,60.381737,5.754368,26.782236,12.699565,14.6838,-1.6418043,10.425326,0.39034846,5.5313983,-1.3325136,5.3661823,1.3367149,103.359375,2938.5702264753963,0.1124437645123839,0.244973,country
-18.51626,75.237144,-4.5349283,31.955585,9.118943,16.938751,-2.495548,9.677024,3.5985146,6.6452518,-4.709727,6.7202888,-0.40715504,66.25600961538461,2523.2495663966843,0.10736291844040248,0.2763265,country
12.332521,59.90711,-5.2211795,31.637232,10.1407585,5.036488,0.15982448,8.008265,2.856737,12.323826,-1.2570425,0.6337663,-1.1108273,95.703125,3070.5648083965025,0.1512424717008514,0.24187025,country
-203.09291,103.20166,-3.1167018,35.64972,2.1035078,2.5510302,-6.0761733,-1.4655168,-11.018647,-6.5335283,-3.6402652,-4.5284944,-2.234084,80.74951171875,1913.402061456493,0.0767198686629257,0.07388488,country
-200.35875,59.125023,11.678319,24.94184,9.869255,-0.5044557,8.688411,3.1855755,-6.068838,9.427346,-5.7330227,3.1561007,-1.4716403,112.34714673913044,2887.2183057313578,0.1224051555243808,0.07999001,country
-149.44342,125.14285,0.31295738,29.431177,0.06559125,1.5160455,-9.5542555,-1.3984241,-6.818042,-7.8703084,-5.576313,-2.7213006,-4.651891,89.10290948275862,1626.6807756263204,0.06076758417182663,0.12209306,country
-124.83389,78.10678,3.0320392,19.483023,9.89697,0.028276568,5.29427,-0.48525476,-0.57358235,6.069521,-3.2121634,-3.8593667,-5.1525497,129.19921875,2842.842464561069,0.13469003966718265,0.078932025,country
-119.917946,76.23937,15.382223,15.697545,10.41103,5.812599,8.254287,-2.2140157,1.1213678,-0.8411684,-7.352659,-0.63639206,-6.1487336,135.99917763157896,2874.2189904410607,0.12378609955495357,0.098958574,country
-118.241356,102.862015,-5.332545,34.57894,-14.023608,4.6620917,-14.907877,10.896024,-5.598548,-1.7575555,-12.458212,-5.2023335,-1.745931,151.99908088235293,2114.1392935299523,0.10424275590170279,0.09880093,country
-220.32333,140.42696,-7.7476435,58.337788,-6.9867506,-2.23514,-18.903814,-8.344323,-11.010879,-7.156409,-1.5433519,-10.409504,-6.971948,107.666015625,1353.8613265544575,0.05324608770317337,0.07554416,country
-168.674,130.6582,9.494675,28.715485,2.7320714,-0.15990815,-2.738678,-0.39312348,-4.7731276,-2.7311072,-6.11918,-2.6847482,-5.525937,89.10290948275862,1580.6321893241648,0.06917494074109908,0.08518435,country
-119.70691,102.15047,-12.505229,19.758436,19.735888,4.0419235,2.647066,3.929825,-2.8017707,0.1203075,-8.668491,1.3039273,-8.138723,86.1328125,2127.238486913798,0.10355039425309598,0.1037861,country
-245.25781,154.81183,-26.209578,31.030367,14.560105,-5.5845103,5.6042466,-0.11731363,-10.076356,0.9921981,-4.5548162,-3.5424035,-5.090558,83.35433467741936,1229.3760929320251,0.056702604972910214,0.0886778,country
-142.25774,73.11879,20.739424,41.765583,3.7965186,25.455229,-0.027582103,10.401409,-7.5894732,5.702404,-1.1952425,2.0067155,-7.469737,198.76802884615384,2507.8797570033917,0.09483767293924149,0.113313325,country
-225.03291,169.40514,-16.833818,38.837765,15.254115,3.9698622,-5.3215446,-5.4145894,-8.333842,-5.9349356,-7.1684403,-4.8163247,-7.489547,107.666015625,959.0364943096914,0.04063694248258514,0.10723372,country
-200.05005,114.1688,-3.5050037,39.70297,12.971051,-8.779155,3.5972874,2.9126427,-16.270866,-3.1969607,-3.240591,-3.0671394,-0.11840802,61.5234375,1727.569978886093,0.07244854150541796,0.071539424,country
-333.24643,103.63269,30.665417,21.868439,17.15341,5.1752605,-5.065147,4.465375,-8.142095,-2.999754,-2.1863434,0.14159778,-7.9628167,172.265625,1701.396313688432,0.044848557227167185,0.038686994,country
-185.96391,97.851814,-8.352876,50.30127,1.2069751,6.5369463,-10.038142,-3.44415,-11.6248665,-3.3605697,-12.222356,9.605685,-4.7983212,129.19921875,1941.5756099477871,0.0997061242260062,0.09700119,country
-175.73145,115.48489,-4.9035716,32.940094,6.7752137,15.486432,2.8078961,3.0893414,-2.7122917,-0.8960577,-2.047418,-2.2409303,-3.7008238,73.828125,1660.0846503970618,0.06464435589202787,0.086763024,country
-195.12665,151.65405,0.81339246,32.451794,7.599007,2.985087,3.967357,2.7021632,-5.88332,2.7860503,-3.951568,0.95153856,1.5648774,107.666015625,1239.1165187181807,0.04832321497678019,0.10194813,country
-98.82729,103.7766,-26.873465,30.090023,5.033389,-6.1487083,2.8096619,-5.4217205,-4.780985,-0.5085352,-4.145771,-3.9075387,-7.9101577,92.28515625,2078.3441500001677,0.10100392439047988,0.11379733,country
-161.28984,129.40025,-13.036881,30.548405,6.437163,-6.109857,-4.292978,-4.0780435,-7.0638075,2.0555568,-7.337383,-8.22214,-1.6913898,89.10290948275862,1512.551179707331,0.06123016640866873,0.10234148,country
-172.62025,158.40572,-14.301909,30.445055,6.834561,-9.002913,-6.268374,-0.5864831,-9.928897,-2.1657503,0.23267977,-5.267787,-6.9059815,89.10290948275862,1239.409105200477,0.05383640915247678,0.11431748,country
-278.0246,128.44942,43.491455,37.824944,13.935453,9.489778,-6.9053006,-6.4822164,-4.206549,-2.9784567,-7.595108,-6.6236362,-11.619086,161.4990234375,1191.654530883364,0.039448741050696595,0.0923782,country
-131.73378,104.64284,-18.587328,34.45232,8.441536,-3.6110342,-1.4992146,-2.0031753,-5.5163074,5.017725,-3.4353368,2.7685804,2.8790753,112.34714673913044,2063.376330493937,0.09570917182662539,0.09860327,country
-222.65625,90.79386,12.932101,50.709743,4.8386207,16.90153,10.75257,12.308966,1.9127876,5.2741256,-2.8190458,3.4661324,-0.3460427,99.38401442307692,1883.61140581209,0.06589000217685759,0.070392735,country
-133.74814,76.9877,-3.1588929,35.891144,-7.8593583,8.18804,2.7581317,1.3526782,-0.30283886,-0.9393806,-9.274971,0.40058526,-4.4232736,184.5703125,2510.514269196237,0.12897503265286378,0.10308111,country
-152.692,82.04464,-5.656932,12.001309,11.21951,3.9762163,2.7682781,6.2274747,2.4965973,3.5803351,2.4746897,0.73248726,-4.5817237,135.99917763157896,2663.158435990816,0.11895544093459752,0.07893478,country
-121.48421,96.100365,-6.7966757,27.61886,21.498861,-8.001365,8.450818,3.1189513,-14.8508005,8.48223,-2.913686,-3.3277743,0.4932658,99.38401442307692,2272.208586005477,0.10271895559210527,0.099945694,country
-354.06354,101.87548,-1.4289993,53.398987,10.960695,12.999241,1.6539046,4.852734,-3.548646,-0.13572301,-6.9777637,-2.878368,-6.4477873,112.34714673913044,1665.9176557721323,0.06624827665441177,0.023429476,country
-166.53316,107.13637,0.7854193,22.765583,20.287762,3.5544136,-0.6921333,1.8142262,-3.801771,6.0187564,-3.9925125,-4.8014812,-1.3097867,99.38401442307692,2011.7017590854446,0.08343033451044891,0.07711315,country
-104.721436,78.79563,4.6632323,13.714011,5.303315,7.427686,4.0966096,2.7108204,-3.0447044,2.3360965,3.6711497,-1.6665665,2.3665094,78.30255681818181,2784.656341729906,0.11617616824690402,0.096991345,country
-70.88594,37.771145,7.669231,34.719822,4.7479744,3.145174,2.666453,4.2634525,0.7545069,0.79286635,0.3128458,1.829242,-2.7901833,123.046875,3745.0813967447134,0.2180969427244582,0.10472709,country
-103.06246,89.17959,-4.3116164,30.657274,5.935306,-2.0897644,6.726454,4.174703,-3.5742922,-2.182805,-4.6126375,-1.4279504,-4.6150694,143.5546875,2366.8780695580567,0.09934482633513932,0.10834189,country
-118.59301,86.97759,12.293501,30.566298,25.218054,0.57604975,13.007749,2.795714,-4.9151554,2.4639416,1.2928832,1.7627021,-0.33483976,129.19921875,2538.3102144008494,0.08666614260835913,0.11054008,country
-96.03293,84.84461,4.8966146,27.732815,11.138146,12.392166,1.1955546,-5.337073,-2.8050892,-2.6578422,-7.637086,4.05318,1.5829858,103.359375,2363.0358092373117,0.0885436822755418,0.119985715,country
-103.65828,86.52541,-15.563183,21.052914,11.846269,8.267663,-1.6321084,3.4092817,-1.2028533,-0.79293793,-3.186636,-0.04507339,3.6015155,135.99917763157896,2516.9666966361615,0.13101886005224458,0.09307539,country
-142.95891,111.781975,-4.432509,19.488323,25.368046,8.685661,3.6082575,1.0153577,-4.6922956,2.6791365,6.8758283,-0.7713991,2.2984579,78.30255681818181,1898.2546509361462,0.07790807009481424,0.12036555,country
-63.44516,74.09583,-20.977974,18.951488,3.9689908,-4.7587576,1.2153581,1.1845924,-0.13894588,4.969472,-3.083698,4.9071813,0.850983,78.30255681818181,2669.3044707824056,0.12693271696013933,0.14446406,country
-127.358116,107.28345,-31.000042,53.17522,-5.2333474,-0.7428529,-1.8635694,-0.18700628,-2.6254709,0.036986124,4.65669,-9.097815,0.9672527,78.30255681818181,2056.6508431855773,0.10755641689241487,0.10105345,country
-160.01408,116.969765,-35.975086,44.3455,-1.1581109,4.652176,8.191651,-6.003127,-1.1717893,0.96887106,-12.931333,2.7706707,-13.469324,151.99908088235293,1797.3666699133278,0.09644083784829721,0.094138004,country
-115.234886,100.768745,4.8011394,21.041096,2.5030968,-4.4386373,14.112933,-5.827595,-8.594473,1.5789737,-6.9067373,4.0318823,-1.1675903,117.45383522727273,2112.7548189197587,0.07219306308049536,0.12988487,country
-106.78485,133.8277,-26.930168,19.39925,-4.4683757,-3.442773,-6.2394605,-1.2500038,-8.151685,-2.6530359,1.6380447,-3.868108,0.70145136,112.34714673913044,1628.762917691079,0.080453028250774,0.14273629,country
-137.54079,116.68599,-7.5714645,45.855698,-12.614103,22.368126,-10.5974045,19.871433,-16.273525,18.436285,-11.045744,10.561824,-6.75073,117.45383522727273,1863.7762257614604,0.07920738196594428,0.11911429,country
-214.1982,125.57046,-17.553381,45.34141,-2.723489,17.927738,-13.544521,14.317496,-18.345724,10.311387,-12.437902,0.6731419,-8.518878,129.19921875,1467.2459419818995,0.057213561822755415,0.08597862,country
-258.58606,134.29387,3.922086,50.257935,-4.576822,22.783867,5.691094,17.83385,-12.170245,20.765944,0.24791734,8.944387,0.3754526,71.77734375,1186.4229224349165,0.039368620597910214,0.07143709,country
-87.06269,102.00721,-15.914294,53.36784,-17.336552,21.633862,-20.817926,18.19716,-20.796566,14.988602,-16.548801,9.9649515,-13.814373,89.10290948275862,2235.54318105472,0.1070870319756192,0.13242655,country
-180.11946,116.03581,5.775578,58.6782,-3.4218757,31.289392,-9.847956,19.304146,-14.467737,13.875506,-7.2184477,6.19203,-7.9917293,75.99954044117646,1650.8463434390508,0.06119312959558824,0.098441854,country
-77.29061,123.65075,-17.705214,38.51318,-20.197351,20.893564,-18.009491,18.897566,-19.293833,19.320404,-16.303078,7.944853,-8.09968,129.19921875,1892.8134052958396,0.08126254716524768,0.16257292,country
-131.63197,121.03818,-7.2390656,45.74036,-13.58074,20.198645,-9.799794,18.00635,-9.44068,26.834818,-9.728457,2.1576338,-8.1224,80.74951171875,1651.20142804668,0.07227016011996903,0.15075009,country
-149.77594,125.46096,-12.598565,48.3438,-8.55632,15.312079,-8.456543,8.902546,-22.095592,7.938314,-21.967443,8.897836,-11.90146,67.99958881578948,1616.6211583794197,0.06726187596749227,0.12400558,country
-106.235634,120.213806,3.6447968,49.465824,-14.669641,21.224728,-13.123399,18.913877,-15.895821,15.269831,-5.8791475,8.183282,-9.434517,112.34714673913044,1767.9804735975354,0.0656481291118421,0.16608779,country
-197.7702,125.43676,27.794317,60.579224,-0.8769194,21.300545,-10.552365,20.643593,-14.381887,8.214727,-6.6299243,4.379644,-6.163618,135.99917763157896,1440.0322855101276,0.05130581220975232,0.13513914,country
-179.3351,127.209366,13.189934,48.129192,1.1189065,21.977875,-5.979122,21.220268,-11.0031185,11.408063,-8.076701,9.272569,-7.141105,69.83741554054055,1459.0256366252045,0.04703750846555728,0.13870773,country
-197.90224,137.45474,6.46809,47.057076,-4.427021,21.62995,-12.599132,15.351697,-14.835863,9.169793,-8.514332,5.275539,-9.981451,60.09265988372093,1296.1378488731118,0.04442301180340557,0.10541708,country
-90.80582,110.98733,-12.017905,38.409798,-18.229502,23.440756,-21.221933,21.167177,-17.92964,16.980042,-9.866839,8.4886875,-11.507034,172.265625,2153.9436907799363,0.10237126306114551,0.13112082,country
-190.28662,121.41958,19.181856,50.823982,-3.116641,19.46261,-9.759016,17.683548,-9.234602,6.6782985,-6.8283772,5.8096066,-3.7711492,83.35433467741936,1552.8990953222587,0.05629897929566564,0.13014725,country
-189.65329,127.47187,-4.3431025,35.334995,-8.656929,24.17599,-17.618345,22.105778,-15.352805,9.15788,-3.1449125,4.343529,-11.449691,66.25600961538461,1567.7616586285199,0.0613956982875387,0.0968635,country
-220.16699,156.564,-14.420624,32.33644,-3.655553,7.1960077,-0.76264507,-0.7951299,-7.709199,0.8302067,-6.85354,0.67718333,-10.387324,123.046875,1023.5406639739538,0.04631037756385449,0.13223696,country
-106.9442,136.9892,-48.40167,30.437037,-14.210806,28.392391,-11.550812,17.871475,-11.636873,11.52001,-7.249766,4.053577,-9.070103,107.666015625,1679.6108869392592,0.09804400275735294,0.13061036,country
-323.77,170.53183,7.913247,25.312084,12.307323,15.15584,10.614566,5.500156,-13.112289,2.7302177,-6.060507,-3.4031117,-7.23587,129.19921875,840.4078781985091,0.03536940063854489,0.056619626,country
-226.8542,160.99747,-19.78374,28.664467,-1.6265261,14.614015,0.5960877,11.397885,-7.238148,6.85092,-3.4104855,-0.8045535,-5.693941,161.4990234375,1109.1293750101715,0.0514199460623065,0.0876672,country
-223.93501,138.15044,-11.133463,54.4127,5.4934273,15.282565,-3.3466208,12.692005,-7.3320465,9.054997,-3.0921762,5.459987,-3.881223,117.45383522727273,1267.5995219651668,0.054719245839783284,0.08320872,country
-79.79561,115.31998,-32.10345,41.166904,-19.120277,31.053205,-15.67649,15.811032,-13.524939,11.900732,-10.695778,8.804791,-7.248716,112.34714673913044,2037.5562780878324,0.10440526436726007,0.15315628,country
-187.86499,163.07397,-28.1864,23.155693,-4.628947,1.3595794,-7.147603,-6.1235147,-18.046839,2.3765304,-17.447222,-4.071359,-18.24408,143.5546875,1208.4337690861885,0.059730553405572755,0.1248236,country
-89.69839,132.10329,-28.69869,35.822968,-22.048574,14.158996,-13.335927,10.789952,-21.053604,10.561045,-13.432085,9.466141,-14.483063,151.99908088235293,1722.617337195251,0.08308868880611456,0.16206178,country
-159.4829,132.56015,-22.26107,49.854603,-3.8840356,20.052145,-9.331145,8.855402,-15.399695,8.102143,-19.344702,7.844143,-11.936817,151.99908088235293,1577.417688422766,0.07470098442337461,0.101699956,country
-203.54153,136.18446,-19.620268,29.949425,-3.983011,14.996729,-4.7274795,3.368979,-17.85795,7.9491506,-8.371527,4.7942696,-11.157141,135.99917763157896,1459.4936271679476,0.06447731230650154,0.084720455,country
-46.865433,105.768105,-19.7687,40.795994,-16.564306,35.798683,-12.450111,16.341974,-16.928778,12.895939,-12.062941,11.879314,-12.5371685,95.703125,2191.278025855247,0.11829936024574303,0.19421737,country
-169.33994,148.74023,-28.942677,51.49874,-10.213863,6.93436,0.7516558,7.059339,-15.897366,2.800334,-16.721647,2.0390193,-7.6837187,143.5546875,1459.6238725988221,0.07253773219814241,0.13550451,country
-116.58376,152.65697,-46.57339,30.450283,-19.405428,7.640389,-5.6940346,13.261784,-15.371649,16.89759,-13.218088,5.4383826,-10.554605,92.28515625,1512.3340113913862,0.08754671173568111,0.13303868,country
-350.45172,165.58789,-5.625454,35.604008,-4.7115746,17.758366,4.996514,5.790814,0.89479303,8.107397,0.20603484,7.5526586,2.4838626,161.4990234375,981.0918447496376,0.03848276049729102,0.03228376,country
-221.61447,178.66043,4.4873185,22.769257,-2.6394684,6.1464796,-2.7825158,1.2228671,-16.16273,2.8223546,-13.980701,2.442917,-14.010071,80.74951171875,990.0691943120906,0.04775330156733746,0.122408405,country
-91.537506,110.303215,-17.29069,44.97721,-7.0850124,29.09163,-7.1886973,19.645958,-22.776735,19.11693,-18.297754,12.299657,-12.704809,99.38401442307692,2098.7064734121077,0.09443480311532508,0.1584942,country
-83.16542,109.90249,-20.35054,47.88366,-4.48239,18.745178,-19.265738,16.660374,-14.390374,15.222372,-16.398062,11.000356,-10.362821,89.10290948275862,2051.3734533456673,0.09477115784636223,0.15993834,country
-73.791275,103.35467,-16.19977,49.99671,-11.56953,20.314938,-21.371012,15.917697,-19.018234,16.002525,-17.21995,11.45961,-12.879823,117.45383522727273,2194.592865111248,0.1004468604876161,0.16375594,country
-130.96524,135.47118,-19.273367,45.663696,-0.5998234,15.354276,-16.85564,13.168129,-13.671196,14.269668,-13.600264,10.056256,-6.0682654,143.5546875,1570.3701895692118,0.0664432868130805,0.1345627,country
-86.23717,107.69862,-26.76326,55.448185,-6.863484,17.286985,-18.368029,11.078432,-16.47935,9.608488,-14.979308,9.78992,-12.063453,172.265625,1977.120505671081,0.09392535797213622,0.17087987,country
-154.45422,125.87413,-17.582808,49.005253,0.78736866,23.245604,-7.73202,17.085339,-8.46188,15.37718,-8.152277,10.341153,-2.9964907,73.828125,1553.9114624754104,0.06759369557856038,0.12890595,country
-133.59636,105.332115,-11.6785145,55.94796,-4.3713007,19.247568,-13.676587,13.309658,-15.564652,12.942797,-13.589372,10.663412,-9.225824,117.45383522727273,1957.2190923883086,0.08108718919311146,0.12362163,country
-167.14868,123.9777,-18.898987,43.151188,-0.6703563,17.299017,-12.049678,10.985689,-10.899704,14.277483,-12.47143,6.083692,-7.685379,143.5546875,1610.5679425989488,0.07388768624226007,0.11179354,country
-139.01869,124.771904,-7.8619084,53.4656,-0.6104533,22.916399,-12.391334,19.757408,-11.146439,11.897236,-8.149594,10.363059,-6.482502,103.359375,1560.8093493625643,0.06103364454334365,0.14052932,country
-219.15997,145.63885,-7.19293,42.168793,8.677128,17.326729,-2.649578,15.537112,-9.310447,12.922829,-7.8552713,9.747815,-3.1968014,143.5546875,1194.952135354828,0.046296772203947366,0.10251844,country
-102.90301,113.59549,-32.94988,51.609127,-5.54532,17.600166,-16.467314,12.564934,-10.276704,17.24282,-10.151646,10.818487,-9.052411,135.99917763157896,1934.6301423539512,0.1049320941369969,0.13807727,country
-193.22127,131.00041,-19.644302,47.677853,-3.4512844,14.343664,-5.463985,10.580305,-12.670485,7.739517,-8.705376,7.2784796,-2.1700904,117.45383522727273,1511.7939128459354,0.0637804155379257,0.09059363,country
-47.567337,99.74357,-27.156174,67.348236,-15.283584,24.05512,-21.539875,12.833349,-19.878277,13.0466,-13.191447,9.951428,-11.459296,161.4990234375,2275.688272241356,0.11771962074303406,0.18301132,country
-219.7997,118.9492,-23.185242,44.56753,-12.595932,6.2239804,-10.438552,4.8827157,-18.82207,2.4703002,-12.953316,0.019528037,-10.331211,86.1328125,1532.8043348975327,0.068001856375774,0.09160359,country
-99.04205,137.61232,-20.535845,52.454212,1.6219505,19.796099,-12.990705,16.02831,-17.736145,10.064107,-10.82984,5.8864546,-6.0115895,112.34714673913044,1470.6715988266371,0.06506385448916409,0.21376824,country
-127.411934,127.962265,-23.498734,48.488087,0.8858864,17.798328,-11.560319,16.226547,-15.94734,6.905603,-9.682997,3.6478271,-2.2067626,89.10290948275862,1575.8696932535613,0.06997009844233747,0.16740651,country
-76.637024,124.12735,-30.947357,48.65015,1.6817634,24.00358,-9.203379,21.926697,-16.216698,15.195194,-13.188694,7.36435,-9.620351,117.45383522727273,1733.8072032955802,0.08936453898993808,0.20962662,country
-140.27246,134.14217,-23.431156,53.51441,10.624678,19.442389,-8.326995,16.359318,-14.263533,13.773235,-9.591589,9.557787,-2.2859797,112.34714673913044,1452.3034750467364,0.06273507038506192,0.16204233,country
-128.5524,132.48685,-22.288898,50.20645,-2.4245698,21.05832,-11.082335,11.729237,-20.198261,5.3391614,-10.065442,6.528332,-7.273484,117.45383522727273,1428.5360400309876,0.062456160506965945,0.18841243,country
-34.593163,114.03975,-28.44219,42.838448,-12.477581,18.546476,-16.313044,18.097668,-18.592491,15.61716,-15.663716,8.236378,-8.962886,143.5546875,2028.1305090876833,0.10165395825270898,0.23283759,country
-111.61994,99.878944,11.526994,15.408846,8.757628,15.936077,-0.21309678,8.025159,1.1777143,-2.4180956,-3.816341,-5.5756617,-3.7237651,117.45383522727273,2149.32983722797,0.08199496904024768,0.14362873,disco
-27.907703,49.214428,-6.685606,24.650173,8.513664,16.263391,4.543124,4.712365,1.5825387,10.854131,-2.487839,2.366073,-2.9114037,117.45383522727273,3371.5591578315352,0.198054735874613,0.17049713,disco
-59.74252,55.15197,21.945425,11.405062,18.480408,1.78687,1.7482423,1.4857148,-4.80082,3.6347778,3.8294773,-6.6885505,-3.4275954,92.28515625,3650.6888730825667,0.15164685323142416,0.15810382,disco
-58.460213,52.11506,12.142754,43.854446,14.993549,25.987371,4.711403,17.025446,2.7844481,11.388597,-1.4389938,7.8655868,-1.1876171,129.19921875,3052.4706183215294,0.136758054373065,0.19238046,disco
-82.65108,67.84321,2.78584,-1.0042163,-2.6528513,6.7595525,3.298527,3.2642117,-3.2104802,1.4366763,3.2314854,-0.21715242,3.1294727,123.046875,3210.8172857531204,0.15906782120743035,0.116487555,disco
-31.090092,78.874565,-7.626781,30.023281,7.2445335,2.6919377,10.969223,12.955057,-5.8806405,12.342159,1.7216904,1.186176,0.44196463,107.666015625,2636.109656257253,0.13241114188273995,0.2013658,disco
-7.3344364,68.62378,-20.997738,32.65559,-4.1872053,12.559878,10.207707,5.6305013,-2.2521987,11.277721,-3.2387393,3.3017247,-4.381824,123.046875,2792.0980379784664,0.16278813128869968,0.20134279,disco
-57.776836,55.57951,-5.943579,32.03186,5.0961914,17.299124,3.6681108,3.1201787,0.44086975,2.6425257,-0.2702418,0.5675316,0.8667294,129.19921875,3114.6155100363358,0.1362017463235294,0.15464519,disco
-38.52787,66.54601,-26.502846,31.80427,7.850223,11.456161,-3.2996683,11.319258,-0.89415973,3.990979,-1.5515273,-1.8909218,-2.5356925,123.046875,2758.3706768919437,0.16045632377128483,0.1888844,disco
-59.44624,59.532524,-17.939934,28.169348,6.644508,6.3766675,-5.1976457,9.523605,-0.62611234,-1.5881102,-5.970086,-3.7988288,-0.88879544,129.19921875,3089.2566474915507,0.18126647760255418,0.12343055,disco
-4.673442,62.36234,-17.454552,27.99351,6.4140415,14.789887,3.8747365,11.750148,-0.10644023,9.161312,4.62118,6.276404,-1.6803715,107.666015625,2846.586983760733,0.14938156080688855,0.23443209,disco
-45.17239,64.58908,9.81759,13.276564,4.077736,7.468869,6.275624,16.060886,1.0636516,8.943393,-4.0859413,-8.07575,-4.1846676,95.703125,3109.037609805726,0.12879891882739938,0.18556064,disco
-56.83358,68.625885,-14.946147,26.335737,14.429282,11.807011,0.5575282,12.273551,-0.29222316,13.168569,-0.4030484,2.9543262,1.5590074,112.34714673913044,2753.573805701654,0.13517907677051083,0.17327227,disco
-34.939175,55.280323,24.034903,28.761992,1.8612306,0.9745122,-1.2013224,2.6922865,3.623969,5.9742103,-0.09478183,-3.125769,-4.057177,184.5703125,3506.403785969664,0.16862785410216719,0.1753165,disco
-20.560349,59.80014,-1.5941572,24.336042,1.4414268,5.614188,3.1974556,6.176554,-0.59129614,8.870954,-5.6380477,0.15856937,-0.6332895,103.359375,3109.9809837569383,0.15918271091331268,0.17868213,disco
-43.302227,106.2957,19.753853,11.618293,5.871109,-7.510071,3.5508013,1.022969,-9.27369,1.5984622,0.44726238,-3.0400202,0.69327575,123.046875,2377.8889018789914,0.09144162393575851,0.21799909,disco
-38.254807,85.45747,-3.679785,32.275135,9.476864,4.6585774,-0.9482437,11.7692375,-2.3781931,8.264372,1.2525418,2.7711518,1.8177426,123.046875,2475.769244185273,0.11032132836687307,0.20031504,disco
-87.56413,87.045654,1.6816958,18.038958,3.906974,-3.110524,-1.7977159,-2.3471577,-9.074895,-3.8080285,-5.0874763,-4.289611,-4.0849743,123.046875,2706.7985060751557,0.13332118928986067,0.11866819,disco
-73.94326,75.721596,13.855823,2.8620265,5.282008,10.019162,4.3309884,-1.6821121,-7.6199236,9.900775,-3.6947834,2.606388,-2.12571,123.046875,2964.4227496365,0.13849349361455107,0.13836424,disco
-90.020935,106.47323,-31.786263,16.623531,18.306541,12.9623785,5.0699244,6.0632563,5.0836473,8.474113,0.6402515,0.6886541,1.5805585,117.45383522727273,2141.7816257624654,0.10567131869195047,0.14987089,disco
-94.40828,97.6356,-12.86705,35.295956,-12.349493,16.885237,-6.7130017,8.44627,-4.0369215,2.4697142,-10.561885,-1.0790421,-2.7220006,161.4990234375,2285.164258147037,0.11351027355843653,0.12277042,disco
-117.59797,66.58875,45.1909,16.744392,16.653994,7.8992357,1.9397109,7.788915,2.3322718,3.0706837,1.8710502,1.0710527,-1.6159611,107.666015625,3405.440410121083,0.12167197779605263,0.111944385,disco
-69.006256,45.59632,22.50977,29.400318,10.164629,2.841767,7.383836,0.9466128,-2.7726455,0.06686272,-0.4480134,-1.6621869,-3.773364,117.45383522727273,3780.031341857818,0.17840784031540247,0.13744967,disco
-29.08149,58.80886,1.3583856,19.302795,3.7978535,0.38431004,-2.7186255,0.35441428,-4.1413894,3.5835357,-6.8016014,-4.763549,-2.1915355,112.34714673913044,3181.9661123050782,0.15534448771284828,0.17594926,disco
-63.963963,78.31541,-16.052784,-0.48212266,5.487779,0.764999,0.66168475,4.4055805,-1.79172,4.1813335,-1.7302033,-8.347462,-6.074264,129.19921875,2748.4555954060347,0.12940360148993807,0.1439422,disco
-125.061874,91.69504,-12.0613575,12.266109,-1.0905905,-3.3481102,-0.005738793,-4.2025476,-4.494721,-0.16926174,-6.1578817,-3.3874435,-3.8451517,123.046875,2355.741691431231,0.09479836856617647,0.10723312,disco
-70.73153,66.35056,13.378478,22.641308,8.5137205,6.8742743,2.4746542,3.6203794,0.52860874,5.840801,-3.255415,0.86076164,0.35541037,117.45383522727273,3042.469799800238,0.13043307372291021,0.1426667,disco
-156.47794,58.474693,28.067715,33.359528,24.923395,17.007633,10.190107,8.246678,4.1169896,6.889872,5.8520837,3.914652,8.607453,112.34714673913044,2938.654842916423,0.10030400420859133,0.117694795,disco
-16.146473,52.466366,4.5710707,6.9274836,17.370157,9.061733,4.6082373,6.1422257,-0.86560136,2.674611,5.4929957,-0.566573,-6.932249,123.046875,3795.9641742779017,0.21074551325464397,0.1773461,disco
-57.516304,67.84501,-7.872396,3.2818024,4.8374166,2.3806221,13.650097,-1.8846277,2.0790937,4.4778104,-3.7686586,0.53720856,-2.9865558,103.359375,3120.299915871874,0.13935592226199692,0.14884658,disco
-49.515835,65.46806,5.446511,18.351414,15.9341135,9.624776,3.377986,4.2611084,-0.4820873,1.422946,3.6618154,-1.6395051,-2.5973012,135.99917763157896,3139.1158591387866,0.14892578125,0.16353749,disco
-56.851295,58.912586,-9.708308,18.883888,9.065791,13.134634,5.340287,-1.963665,1.7722516,1.8385545,-6.796281,-2.028655,-4.3814535,123.046875,3245.420407030703,0.17908432904411764,0.115704656,disco
-128.6451,86.799934,-27.829567,9.699794,10.15807,10.333122,-1.0611773,-1.6571143,-4.362406,2.281122,0.3242369,-0.61991376,-3.8511724,112.34714673913044,2410.6690783470876,0.12339078826431889,0.1048952,disco
-49.407978,84.63023,-11.861812,40.426826,0.5271269,9.310741,-1.8316212,8.618304,-1.9714549,10.262867,6.6622567,10.954234,1.1566283,129.19921875,2503.304357413509,0.1292977820239938,0.16326064,disco
-46.706295,57.299065,13.41655,9.704157,1.3578047,8.814047,0.9082034,0.15820725,-1.7254419,2.2913806,-8.46466,-3.976502,-9.08775,129.19921875,3564.466317654942,0.18226420399574303,0.13411269,disco
-53.12068,55.734177,11.354911,5.878844,10.176652,7.1491146,6.1580853,4.4088387,-5.5722313,1.2760911,3.75509,-1.4548013,-4.87968,123.046875,3619.693535512073,0.17366561653444273,0.14808333,disco
-26.915762,57.22684,6.258559,15.926595,5.2931795,10.786844,2.653995,5.2372417,3.6172562,8.11043,1.313515,1.3491226,-3.1391654,135.99917763157896,3325.262183654274,0.15935202205882354,0.17315161,disco
-28.858538,53.32955,5.1666007,12.081429,16.292433,10.592962,4.5930057,6.413486,0.5216038,-0.18244562,4.63708,1.7904198,-4.390173,129.19921875,3628.3477969734313,0.18883634868421054,0.1597156,disco
-80.190605,53.574158,-8.388808,15.15733,9.884559,2.827625,8.326355,3.540132,-8.865604,-4.9147964,-0.1438947,0.9365709,-2.0218718,123.046875,3340.4222694838927,0.17141392946981424,0.104916885,disco
-104.70817,89.01192,-4.361016,34.52172,-2.2666075,4.4209685,11.37647,6.6036873,6.7748103,7.0974627,2.057943,-3.694342,-3.005843,112.34714673913044,2350.47246674335,0.0982836082623839,0.12869193,disco
-80.41448,81.508125,-9.738309,27.752773,-3.0336235,17.034163,5.581915,1.3497134,0.5521002,6.5701923,0.9439497,1.974742,0.50727195,135.99917763157896,2569.5296333472033,0.12558956559597523,0.14125776,disco
-129.88287,120.84747,27.701796,18.636374,7.2588096,-0.11296313,-0.062163386,-2.3862565,-4.3289633,-3.8807378,-0.41081187,-3.2231944,-1.6148791,161.4990234375,1766.452888230954,0.056416892414860684,0.16049293,disco
-65.16901,91.968216,-15.082215,17.644388,-3.4755025,7.2245393,-2.7504768,9.912656,-2.9070532,2.785883,0.033925626,-2.4852734,0.8629079,103.359375,2428.256117730033,0.12069314773606811,0.13430052,disco
-64.71318,77.78583,2.6913137,28.722631,6.088971,12.655862,9.152754,-4.185741,2.485635,10.769526,3.9857578,0.111181535,3.444261,129.19921875,2846.3901765797236,0.13209368348490713,0.16797683,disco
-69.36452,100.94305,-17.258715,4.5209455,1.7657984,1.16496,2.4736652,1.0649098,-5.622207,1.524391,0.5447089,-4.8059144,-5.88755,123.046875,2285.6313521103207,0.10437351852747678,0.15179226,disco
-79.00261,105.06008,-8.943912,16.705671,3.0252116,8.565185,3.4238448,3.7974975,-3.2657535,-1.8868757,-2.5828862,-4.0432343,-1.3490335,123.046875,2289.1776768010773,0.11121021188080496,0.13470224,disco
-129.69028,104.271675,-15.747194,31.9412,-16.804737,24.796633,-6.9956613,18.30899,-13.207672,21.706678,-13.869784,12.7350445,-14.424696,123.046875,2198.0038307308027,0.10602430219620743,0.114772215,disco
-286.8259,120.32345,-35.954975,24.890991,-12.627265,-2.6473184,-15.337612,-5.7280693,-14.886184,9.173841,-21.490608,-5.7503796,-5.397859,107.666015625,1795.5329526400687,0.0936335985874613,0.041019917,disco
-109.91971,81.65159,-41.47794,54.696617,-7.876719,25.434452,-13.038878,28.935997,-13.333568,15.756955,-6.3784866,12.84515,-6.684041,99.38401442307692,2572.0441219277545,0.1507201770510836,0.11044341,disco
-48.894245,98.80765,-21.47517,40.578876,-18.582428,25.760637,-14.395934,14.402144,-15.565703,14.988922,-14.050003,7.4262304,-12.56689,123.046875,2406.1786622921595,0.13307100183823528,0.21013878,disco
-49.457806,100.306206,-28.276648,38.214935,-14.123582,32.55519,-18.423641,21.688677,-16.182798,15.689574,-15.215415,16.665121,-9.930844,112.34714673913044,2414.4566779939264,0.12966966186145512,0.15314993,disco
-81.62288,88.10218,-30.462545,42.75449,-18.695108,31.419058,-18.96821,22.003567,-16.03602,16.416094,-15.178165,17.005354,-10.287826,112.34714673913044,2692.557413896095,0.16061505297020123,0.101169586,disco
-73.61489,90.445885,-47.66308,36.821003,-18.049004,23.214127,-30.667122,25.201393,-21.048927,14.712903,-18.545546,10.009983,-13.036306,123.046875,2606.884456143561,0.16941923253676472,0.12332059,disco
-83.033966,85.01935,8.020717,43.208874,-8.799676,38.900936,-15.517847,31.241129,-22.136234,23.75319,-12.10131,18.705063,-10.509837,135.99917763157896,2813.741105465784,0.1361851175503096,0.18355715,disco
-233.14595,75.633705,11.790763,55.22753,0.18579857,10.344112,-8.540325,25.710022,-15.566966,19.09519,-19.647291,6.5469756,-10.12233,112.34714673913044,2641.3979536632523,0.11844297237809598,0.05183276,disco
-91.53934,105.46118,-38.11257,51.431755,-10.742012,31.44632,-11.032975,23.365168,-11.651313,19.218502,-9.614705,10.544535,-5.234081,129.19921875,2178.773203777047,0.12067198384287926,0.12203588,disco
-180.20117,119.80655,-7.9126573,42.412605,-8.541928,27.969608,-14.124816,20.050497,-17.899395,16.89048,-11.492051,1.4989836,-9.952803,89.10290948275862,1857.675922465967,0.08228446086493808,0.078052275,disco
-140.31001,120.83423,-24.39086,30.75961,-23.009682,22.56612,-19.564064,18.813503,-17.234093,17.631563,-15.145823,9.532699,-12.328326,117.45383522727273,1975.8060970986335,0.09463434839396284,0.07552857,disco
-118.91326,107.54871,-14.229687,46.037704,-9.442294,25.292006,-18.312826,23.89084,-17.641462,14.532224,-12.392028,8.580174,-9.268939,129.19921875,2151.5068593095275,0.10024580350232198,0.11768063,disco
-111.726974,108.34733,-19.036566,22.02275,-18.851894,20.662333,-12.845685,20.376593,-18.388905,18.03204,-10.049505,11.8672085,-6.3311424,123.046875,2259.767318045603,0.1067574799245356,0.11744539,disco
-108.45649,113.776436,-26.575272,44.206562,-6.519368,31.240421,-13.534246,21.8264,-15.930605,16.733301,-12.213823,8.122468,-8.615987,129.19921875,2059.990124534636,0.10185803865131579,0.114728995,disco
-94.166336,89.32467,-1.2311308,35.533302,-17.865587,19.781218,-15.514661,17.121243,-14.044381,16.807436,-13.543552,10.696944,-9.999646,123.046875,2498.8662368016167,0.11197060032894737,0.18484065,disco
-101.0673,81.95838,-29.980959,42.098103,-8.610332,34.38912,-9.537363,26.153833,-9.016982,18.906763,-4.5382876,7.3047223,-4.777202,107.666015625,2392.4929877697828,0.1290989925986842,0.16317584,disco
-53.993675,71.088066,-6.793239,49.284843,0.59141093,36.095215,-4.27283,25.638159,-10.1286125,21.899632,-6.806142,17.98566,-2.2887423,129.19921875,2585.8692382169615,0.10604168682275542,0.27904478,disco
-180.00845,95.35223,6.760263,40.709545,-8.859538,31.84392,-12.674598,24.055574,-7.46288,24.885546,-8.191412,17.130062,-1.9859262,123.046875,2161.1645685999397,0.06648410289280186,0.0955836,disco
-98.75859,105.48572,-6.4387546,51.571865,0.19713585,36.56105,-10.212415,23.020977,-9.197955,14.43083,-2.892248,10.963971,-1.0320814,135.99917763157896,1904.1112624487614,0.07528677075270898,0.19085118,disco
-61.678078,99.7408,-22.324049,39.589546,-17.822962,28.531002,-12.869215,24.27409,-16.623108,19.071432,-15.610462,11.679778,-10.595381,135.99917763157896,2465.667715439606,0.13472178550696595,0.16501512,disco
-125.59276,93.976974,-21.39706,39.05141,-24.18871,25.372576,-16.918674,19.298304,-15.676809,19.699701,-15.047309,12.232722,-12.987129,99.38401442307692,2514.0949818103636,0.13423048084365324,0.07950172,disco
-103.372375,77.308914,-5.4429927,44.378265,-10.79163,24.007368,-17.295744,22.721773,-16.348715,15.491526,-14.008711,15.286795,-19.4303,107.666015625,2942.985461187359,0.15892042980843654,0.10205424,disco
-101.65652,112.59904,-13.103599,39.94232,-19.197306,25.917715,-24.253065,9.128882,-12.273515,13.268456,-5.995557,13.4522,-4.100647,107.666015625,1992.9441009370116,0.09227533015673374,0.121823184,disco
-86.29083,96.192,-23.730902,40.954414,-13.545685,30.915888,-18.63106,20.611002,-16.276474,14.583017,-15.272149,15.375632,-10.109316,112.34714673913044,2483.9469004763273,0.13519570554373064,0.10624255,disco
-104.38631,81.247314,-17.147457,42.119614,-12.133011,21.371304,-20.831097,25.421207,-16.1049,22.291956,-11.286625,13.356548,-10.796259,117.45383522727273,2734.643098321082,0.149959032749613,0.097206704,disco
-111.38886,72.07936,-30.573072,48.510902,-17.425604,25.670527,-13.57281,18.799261,-12.242499,18.559248,-12.622001,18.81504,-9.195839,135.99917763157896,2844.5014161110203,0.1705749322755418,0.09768415,disco
-82.103,87.389885,-29.236008,35.656944,-20.426777,26.189175,-20.012747,24.39351,-19.654888,16.129782,-15.078688,16.738638,-11.260739,112.34714673913044,2740.3387447429336,0.1637782991486068,0.103046946,disco
-37.78808,89.62557,-31.81372,37.26899,-20.661167,20.292696,-24.941023,18.035656,-18.501812,19.63487,-16.019001,12.389333,-14.929095,112.34714673913044,2568.643443548507,0.14665973297213622,0.18017001,disco
-89.37975,86.88764,-15.893252,42.73104,-18.84618,33.919697,-17.893562,26.899672,-14.925322,18.213139,-16.153984,12.522335,-11.362817,135.99917763157896,2687.4532095502354,0.12762961372871517,0.1119453,disco
-81.94594,101.65237,-38.194157,27.839563,-25.011786,6.1045895,-27.729744,14.3664255,-22.363214,18.284895,-19.613201,10.630922,-17.165758,129.19921875,2281.278833041045,0.12343689531733747,0.13648006,disco
-63.44057,97.30116,-16.745602,42.325737,-7.165061,25.31603,-22.281834,25.180792,-9.499522,11.295307,-13.858502,10.888229,-8.05772,117.45383522727273,2290.8991625507615,0.11256545689821981,0.20706527,disco
-152.36238,103.026024,-22.27399,38.80188,-17.446144,22.082968,-16.023823,18.710577,-15.958886,18.175251,-11.258902,13.629278,-11.657392,129.19921875,2244.9462020307274,0.09765398244001548,0.07613704,disco
-148.20833,101.78933,-13.34606,40.69123,-12.531115,24.648714,-11.762057,25.02807,-15.15795,21.959309,-10.336843,5.3977737,-10.783737,123.046875,2272.6814302866674,0.10186862059791021,0.08198673,disco
-216.41249,93.017876,10.368479,51.950916,-6.778828,14.896773,-16.171515,21.386072,-21.882126,13.8338,-15.438238,6.4781137,-15.988582,99.38401442307692,2198.860863834112,0.09053308823529412,0.059356924,disco
-149.14285,92.870415,-25.01087,43.439476,-4.684279,21.502642,-8.465758,17.242321,-21.07876,9.334297,-18.714775,13.951552,-13.096905,129.19921875,2313.1220942132613,0.11502878289473684,0.09117916,disco
-71.37999,98.476364,-12.95402,32.43173,-9.384051,24.478903,-17.6224,24.241758,-10.649414,11.428338,-9.48787,9.583942,-4.0065827,123.046875,2471.4799774842686,0.12978228400735295,0.17868745,disco
-170.1817,116.182495,-4.142029,38.358112,-7.9639626,27.378044,-14.116301,17.771633,-15.7062025,14.622026,-13.839048,9.287585,-10.459323,117.45383522727273,1881.6126068566937,0.08366616074883901,0.0881678,disco
-176.96645,88.30417,-37.696053,50.087643,-10.654336,26.214197,-8.567475,13.16561,-10.440399,12.328133,-13.264235,10.649321,-3.153959,112.34714673913044,2425.2778332227754,0.158220509626548,0.0682781,disco
-163.11098,71.440125,15.665414,37.908627,-10.887124,28.433754,-20.103758,27.26404,-16.19633,20.432636,-9.092099,13.573948,-7.0018044,123.046875,2992.8267948163025,0.15825830229295665,0.090850115,disco
-98.1238,116.63845,-29.838413,52.729675,-12.15775,28.94576,-7.2724504,11.850715,-8.116282,11.519471,-19.852245,5.451513,-11.5999365,123.046875,1948.880475098442,0.10037958954140867,0.16275294,disco
-96.78978,107.32418,-22.94094,39.68951,-11.387938,31.022032,-17.505543,21.311893,-19.272526,18.1168,-16.529518,8.820512,-13.655567,107.666015625,2217.9950421959907,0.10010521478328173,0.11864677,disco
-104.605515,105.15487,-39.407833,50.19,-10.755504,22.69677,-14.054467,16.134518,-9.442948,15.59616,-7.289025,11.140018,-5.733345,123.046875,2142.982930070376,0.12303931646671827,0.11934871,disco
-103.1052,110.811874,-33.30068,41.094055,-12.176176,27.7324,-15.863596,21.2513,-17.215416,17.783241,-15.1750765,9.598028,-10.802514,129.19921875,2200.0633891379784,0.12118974337267802,0.10165381,disco
-137.58495,83.43891,-10.755152,45.23759,-9.246526,32.095882,-20.442322,20.069036,-15.614279,14.756343,-10.279936,14.390831,-8.414139,129.19921875,2685.899297544805,0.1529514560758514,0.08102733,disco
-136.57892,103.75514,-14.989539,48.194702,5.5152283,24.289036,-2.820399,13.777054,-4.0010567,7.280488,-8.628147,4.212795,-3.5317807,99.38401442307692,1901.3651122157357,0.07807889294698142,0.15398657,disco
-118.894844,88.210075,-3.5153332,51.413223,-16.532194,27.469107,-12.605265,19.105501,-14.32528,18.96652,-14.296839,13.195521,-6.800015,117.45383522727273,2501.665920598855,0.12497581269349846,0.10946913,disco
-106.83325,90.86095,-15.845383,51.66624,-0.20108372,21.63322,-0.3946877,23.35755,-20.458841,10.856588,-21.088789,13.060146,-11.942642,107.666015625,2379.8489898806533,0.12671956632159442,0.14227673,disco
-137.62695,110.99374,-3.4521878,46.611767,-16.841658,31.720715,-16.483942,25.280846,-11.539876,12.547631,-12.5550585,8.2141285,-5.5027657,135.99917763157896,2060.8743400784833,0.08358150517608359,0.10052274,disco
-152.05646,84.91115,-17.051777,54.092346,-3.847283,21.989754,-9.028296,23.988026,-4.9648447,18.14417,-16.000269,10.526278,-13.847822,123.046875,2469.423294482139,0.11306356424148607,0.098688364,disco
-125.65239,87.185844,-24.990406,61.639004,-25.498735,31.222853,-14.810629,22.687344,-11.189156,16.304363,-8.0146475,12.948549,-5.9626822,103.359375,2613.992511647949,0.14364161063273995,0.096944526,disco
-117.73382,76.74892,-4.008573,37.333733,-5.755125,30.760427,-11.784845,23.029512,-11.304424,14.869316,-13.1008005,13.9035225,-13.355281,129.19921875,2801.080805115542,0.11636513157894737,0.10785578,disco
-92.38866,98.3205,-8.270222,40.510883,-17.16148,23.079489,-22.821896,15.801646,-26.764828,18.281393,-13.030098,15.322826,-15.462821,123.046875,2455.2811970878984,0.11306658765479877,0.119633086,disco
-92.38866,98.3205,-8.270222,40.510883,-17.16148,23.079489,-22.821896,15.801646,-26.764828,18.281393,-13.030098,15.322826,-15.462821,123.046875,2455.2811970878984,0.11306658765479877,0.119633086,disco
-84.41343,82.46969,-24.695848,32.880424,-18.005512,28.641272,-18.360603,23.112244,-12.969863,19.238659,-13.92297,10.438062,-12.256203,117.45383522727273,2749.3737706854176,0.14960075827205882,0.120155774,hiphop
-80.30531,47.285145,-13.515372,59.03717,10.926538,27.123903,-9.2494755,29.871538,-9.034651,19.986427,-3.3935335,11.981036,3.332407,92.28515625,2841.4826573723517,0.09721029653637771,0.2860864,hiphop
-195.33995,134.35013,13.220507,44.372883,-11.150505,17.477987,-12.804589,14.127673,-17.434645,10.117595,-14.513581,7.028603,-3.724475,99.38401442307692,1491.1097423080678,0.0587214892124613,0.09611602,hiphop
-48.7156,80.69906,-18.747772,38.44131,-9.82378,30.599155,-3.6392674,31.288292,-1.6887381,18.990164,-3.3017812,8.319883,-6.1471186,92.28515625,2479.6854215987155,0.09152098853521672,0.2654317,hiphop
-139.30501,73.591606,-2.0725687,36.130165,3.8075604,33.088875,-5.3980165,19.53121,-2.2103822,16.25017,-2.6368465,10.473592,-0.2631709,95.703125,2415.918931623125,0.09724582164280186,0.19561566,hiphop
-7.5185947,81.98632,-10.017504,55.507244,-14.175521,33.583557,-20.38407,21.62861,-15.634479,13.987522,-11.983497,14.594929,-7.528408,143.5546875,2685.0737187981294,0.12171203802244582,0.2698759,hiphop
-48.57634,66.19723,2.7628424,44.505417,-1.4621108,28.034739,-12.833552,25.037,-6.480251,15.513714,-7.684573,13.363768,-7.4352474,99.38401442307692,2876.217304663685,0.12970821038119196,0.27922884,hiphop
-59.557724,103.23791,-4.798916,45.756058,-9.493613,12.348951,-14.538569,20.813787,-13.394348,16.779058,-3.656423,15.915323,-0.7107039,123.046875,2045.521197923278,0.07855432469040248,0.2641566,hiphop
-103.18993,55.213264,-13.312612,55.682404,-17.605835,28.383986,-18.757368,16.15704,-13.587035,15.948273,-11.605329,11.164037,-10.820529,172.265625,3011.5139984565485,0.16146009699109906,0.16384281,hiphop
-85.17865,108.57833,3.134651,49.850292,-2.8666186,35.58232,-5.757986,21.427206,-9.096397,16.12799,-4.1651077,11.989047,-1.0518458,103.359375,1900.448569083662,0.06966019857778638,0.25281414,hiphop
-67.38145,92.29371,-41.591633,42.565094,-17.101734,36.607082,-11.441218,16.579622,-10.6612625,17.779556,-7.5551367,9.063955,-8.268009,95.703125,2372.723358963301,0.13995833736455107,0.16865046,hiphop
-74.94504,97.38672,-8.268867,51.627213,-9.429569,20.168686,-18.163685,18.172476,-13.776651,18.59179,-16.28569,4.501823,-15.404656,135.99917763157896,2237.8975753422383,0.10472272276509288,0.20257975,hiphop
-70.77039,115.565475,-23.44619,43.298035,-19.772688,23.347237,-12.919707,19.442749,-9.690324,20.584558,-6.590029,15.708119,-9.439863,129.19921875,1906.5839448374259,0.08176594548181114,0.19755545,hiphop
-153.97855,159.32245,-54.56459,22.784258,-3.4302847,-3.5949457,-8.666923,9.694868,-6.877103,3.7859242,-7.344999,7.790884,-4.379247,103.359375,1625.2765127635407,0.09981723466524768,0.1417313,hiphop
-53.96402,88.41237,-35.130985,69.984665,-14.085405,23.416166,-15.393257,23.868248,-15.628008,10.352276,-13.347336,5.963943,-15.264537,135.99917763157896,2482.5088618927393,0.138859326625387,0.17909531,hiphop
-82.00655,93.46449,-13.573543,35.025806,-14.459129,33.301502,-19.810734,19.418446,-15.559401,17.246098,-5.326274,13.574902,-8.796105,198.76802884615384,2428.236726436798,0.12190402476780186,0.14630862,hiphop
-88.635506,77.247795,-15.9324255,51.99657,-10.338177,22.155506,-6.9990234,17.61076,-7.9680095,14.120081,-3.490757,8.238629,-11.938514,99.38401442307692,2493.8666730839327,0.11435909684597523,0.2038839,hiphop
-70.23235,98.481,-6.5481257,49.801052,-11.79201,29.797625,-10.807119,17.788406,-12.465075,19.418774,-9.661774,12.019511,-10.975604,99.38401442307692,2174.5456537839905,0.0870758151122291,0.19530603,hiphop
-107.39653,59.766956,-22.952297,58.431374,-5.9725556,29.451607,-12.522663,21.377842,-11.259213,15.898527,-11.667654,14.480502,-13.155335,143.5546875,2863.0456050388184,0.17041242380998453,0.1626804,hiphop
-57.092094,89.7017,-7.951167,42.313457,-2.0914767,23.944738,-4.2933598,17.356512,-6.3006854,13.865289,-6.0948534,2.7816868,-9.826671,135.99917763157896,2431.7459810355876,0.0864288046633127,0.24039145,hiphop
-125.356735,50.302765,-25.166021,63.99625,-9.610874,32.15771,-9.023188,19.937582,-9.436035,20.154804,-7.084816,13.028375,-3.4781687,117.45383522727273,2758.999949141993,0.11797812258126934,0.1657122,hiphop
-22.056952,97.25957,-18.697414,52.1633,-14.019844,24.157082,-16.972042,25.48095,-14.396595,17.524693,-9.381312,14.967045,-10.001237,103.359375,2389.733482333484,0.11884659805534056,0.24642122,hiphop
-104.53501,113.159035,4.757005,34.72942,-13.594681,22.51094,-17.412697,13.894056,-14.168106,15.12748,-7.326282,12.240134,-8.591701,99.38401442307692,1984.8163755542244,0.07310915731424149,0.1794272,hiphop
-49.87254,104.71864,-28.9046,51.408947,-14.905473,27.695711,-11.33067,19.607555,-16.666515,11.454489,-9.38566,8.756483,-14.435045,95.703125,2151.0791863787226,0.10144231932082043,0.18721044,hiphop
-59.85949,86.70505,-38.751995,40.218914,-17.957552,22.074673,-11.972545,14.143061,-12.133929,18.048197,-4.0471873,9.502553,-6.6857185,103.359375,2531.3187223121536,0.14413442700270898,0.17870441,hiphop
-41.382423,91.42714,-21.551302,50.342735,-12.9653015,36.769554,-6.521708,27.863895,-12.158188,21.316359,-5.558939,11.797619,-11.650057,107.666015625,2340.172227969834,0.10968565571787926,0.25678292,hiphop
-97.62729,32.14316,16.230162,43.567635,7.742941,7.878506,-2.7590823,14.3651495,-1.2176228,4.843855,-1.7703431,6.295484,-3.5855467,103.359375,3415.563516118129,0.18389760303792568,0.15989678,hiphop
-108.49809,74.894554,2.2470272,18.097351,1.8148097,9.424005,-8.736552,5.727334,-4.7995257,3.9234872,-2.2629788,1.2021226,1.7576437,92.28515625,2677.5992121713684,0.10767055074496903,0.13424754,hiphop
-72.48942,68.70428,-4.0610857,26.707672,12.942847,3.0271776,6.1046667,8.41513,-7.2732,9.793359,-1.5914326,4.670727,2.540296,92.28515625,2785.5781601118374,0.12138173011803406,0.15532677,hiphop
-67.81727,57.370983,6.92706,24.456364,6.471557,13.308509,7.4258914,11.303357,3.4002244,10.895511,-0.28374058,7.621738,1.2430855,123.046875,3153.0894725407306,0.10944378265286378,0.17266522,hiphop
-23.174713,44.773136,30.653135,25.507517,3.1385894,21.272049,2.8374958,7.7270117,-0.8596272,5.1989384,0.64388925,2.560416,-4.392316,89.10290948275862,3712.067847541351,0.17045777500967493,0.19440816,hiphop
-25.1573,61.08128,-2.484228,9.901988,4.367876,6.43658,18.311296,1.9757764,6.044178,9.808399,0.37609476,3.768481,1.9940996,99.38401442307692,3151.1394071245923,0.14027957502902477,0.21134146,hiphop
-141.78343,100.52017,-1.8387003,26.320396,17.71333,14.969734,4.7994437,15.169517,2.3084304,10.664922,7.975629,5.1917777,0.49779072,99.38401442307692,1970.1744243909768,0.07134811046511629,0.1381281,hiphop
-20.266212,61.63613,-9.65294,42.343212,8.396246,9.914574,-1.9820105,13.555005,5.007109,8.171833,-1.103181,3.6600175,1.6071651,95.703125,2918.2039667039867,0.14958337364551083,0.2309092,hiphop
9.087633,55.476963,-6.4797726,29.064646,-1.2918553,16.11555,1.7196132,7.849399,7.550365,9.495097,4.3044753,8.6490965,0.47737542,99.38401442307692,3143.308056266272,0.16295593072755418,0.239666,hiphop
-97.287155,64.76686,11.800129,26.7991,11.0084305,12.578608,2.9122512,20.469175,0.79241616,12.355735,-2.4606798,6.6166177,4.403724,112.34714673913044,2787.883315189486,0.10304472837654799,0.19503058,hiphop
-185.68315,37.305424,-10.812884,34.624813,16.403522,15.80947,7.955515,10.674205,6.048507,12.14734,5.932225,8.777978,9.433151,117.45383522727273,3107.6131379932835,0.12145882715750773,0.10696797,hiphop
-92.68208,25.817307,14.565352,13.688927,-11.272659,0.3812185,-2.3054492,-9.488736,-5.0979433,-1.0684743,-4.2907486,-2.0486526,-3.9931955,143.5546875,4046.2238404452455,0.23013239526896284,0.16520241,hiphop
-10.792336,79.90885,-19.766008,31.475203,5.0446634,-0.036750346,4.323526,8.967159,-3.9882178,6.2442527,0.038833525,-0.29805234,-0.3730406,184.5703125,2374.9902813258436,0.10852088573916409,0.31442073,hiphop
-104.33997,81.514175,27.41586,10.842703,4.161864,3.1177988,5.468023,-0.17895555,2.7762516,2.8771625,2.0632193,1.7023755,-1.3820232,95.703125,2531.34512568495,0.09240911619582043,0.19966088,hiphop
-182.12288,99.32142,50.644646,15.523476,4.962029,-3.1225283,2.4932194,-8.50372,-2.5074103,5.5120726,-1.4858078,8.046337,6.253569,161.4990234375,2384.3863694301804,0.08651799535603716,0.13476712,hiphop
-53.22964,63.01305,0.9707235,36.22183,5.8361106,8.432723,5.2624865,7.145496,10.050737,3.7877095,4.91725,4.825513,2.2414646,92.28515625,2776.3206595037645,0.1196145450367647,0.21096079,hiphop
-67.97454,48.57705,3.9260745,30.525282,13.28124,14.879142,9.268485,11.365911,3.6226788,15.239766,11.129389,5.7954245,2.9788852,92.28515625,2924.297027414297,0.1042283946884675,0.24863228,hiphop
-155.9576,111.8547,-0.23313908,23.969648,15.906756,10.576298,10.33021,13.809419,10.125246,12.02071,8.385698,12.664593,9.187488,89.10290948275862,1767.0904064263536,0.05072834026702786,0.15669048,hiphop
-240.03493,81.26819,-22.224754,17.798065,2.3329246,-9.655581,2.6239164,-8.955276,-9.545618,10.8183,-3.9042542,-10.265695,-1.7734885,117.45383522727273,2588.139559085904,0.14104374274380804,0.03092275,hiphop
-104.33997,81.514175,27.41586,10.842703,4.161864,3.1177988,5.468023,-0.17895555,2.7762516,2.8771625,2.0632193,1.7023755,-1.3820232,95.703125,2531.34512568495,0.09240911619582043,0.19966088,hiphop
-77.650955,89.165695,8.425366,25.723358,10.189851,9.680462,-0.54022497,6.802856,0.1641637,-0.016559944,1.304744,5.3137445,0.7873966,95.703125,2359.018714426192,0.10365923713235294,0.21209426,hiphop
-78.399994,52.568855,32.381783,25.239197,16.074596,10.8525095,5.4163,5.5086746,2.9782662,-2.3919992,2.5483093,3.6484544,-0.45281613,95.703125,3250.6349490684147,0.11262063419117647,0.23682657,hiphop
-66.5215,75.19189,25.754826,42.416054,9.459814,17.852371,2.665066,7.041745,0.8760975,2.0232604,-1.8861332,-0.31754625,-2.7234104,95.703125,2503.3756469618284,0.0857530717879257,0.2417936,hiphop
-42.759407,41.11473,28.125828,50.784008,11.969181,13.046937,6.800221,8.889628,8.86257,2.4014575,1.3682649,4.0733905,4.8484077,135.99917763157896,3090.5091880951777,0.11080129523026316,0.28921732,hiphop
-116.709656,111.56876,16.60229,37.88059,28.38784,1.2935901,16.308796,0.95587856,7.044272,-3.368273,8.130885,-0.20221217,1.3678095,99.38401442307692,1672.2817172621303,0.04178961880804954,0.26971295,hiphop
-79.87886,66.6279,20.732494,51.808884,3.5885842,18.749874,2.5777438,9.029486,1.043374,3.9437792,-2.0181427,1.2345164,-3.4104393,103.359375,2646.8992756733883,0.108267674874226,0.23518403,hiphop
-135.58226,80.74774,26.92821,22.163666,7.1640716,15.042645,7.039615,9.488702,4.679355,5.078392,1.477813,2.650453,3.8123283,103.359375,2622.8075926190795,0.08662532652863777,0.109513536,hiphop
-142.55994,64.31784,42.10733,20.520775,7.5111594,9.070937,11.097243,6.0812173,3.29794,5.9398017,4.5999093,3.2945704,3.68748,107.666015625,3169.698687346147,0.11683300478908669,0.10765328,hiphop
-107.58044,62.306973,28.573391,8.468184,15.0661745,14.027528,9.207834,5.2762594,5.708828,4.886963,5.1834207,4.166299,3.5499067,112.34714673913044,3318.4212340225263,0.13272028589396284,0.12286122,hiphop
-156.50717,107.10869,-14.340219,40.529686,13.629873,14.733352,6.759103,8.827432,8.0096,6.545303,2.4455562,4.667425,-3.6658342,107.666015625,1708.8762034243211,0.0716836179373065,0.13415949,hiphop
-101.72107,71.16708,-2.02093,47.357315,7.368318,23.431316,2.6303744,13.703259,5.517911,14.526682,5.431468,10.211952,3.01649,99.38401442307692,2368.98901445623,0.0700199847619969,0.16659965,hiphop
-108.71416,85.64104,-2.284279,52.73377,19.217813,18.954906,16.352352,14.090515,7.003356,8.943962,7.5512137,3.686566,-0.13197799,89.10290948275862,1862.830297444805,0.05387420181888545,0.22502403,hiphop
-113.716576,66.78815,-16.585714,42.852383,5.0311785,22.857752,9.267944,10.779784,1.101344,4.8396645,-1.5403119,-0.9974501,-2.131626,172.265625,2554.4846363295724,0.1269017269736842,0.13032204,hiphop
-132.35301,95.681816,-4.338734,48.053288,12.004385,16.363337,11.175647,9.7770605,7.067903,10.652111,2.7022808,4.8619094,0.43811843,92.28515625,1926.8788377361493,0.06225434766834365,0.14845683,hiphop
-156.32845,90.33878,-14.449865,56.89328,7.4149394,18.40879,11.544469,10.316473,7.7517505,12.7169285,4.75669,6.484012,2.1162648,172.265625,1763.173471842983,0.057940692724458204,0.17135304,hiphop
-122.837875,96.85972,-13.691892,37.506413,19.719292,22.3171,7.984531,10.389601,9.08708,7.0045185,6.591031,3.886452,2.4943428,184.5703125,1795.9038708417852,0.0658098817240712,0.15766998,hiphop
-142.31158,76.34418,7.3360133,23.186993,11.9960375,14.2449875,9.598511,6.400765,-0.4296155,0.41279927,1.542948,2.7635195,0.112985194,92.28515625,2407.173161449391,0.10787160773026316,0.20634763,hiphop
-91.83666,76.086754,-10.651482,35.055294,6.972017,-1.1381513,-9.373107,-7.576977,-7.356257,-6.42617,-3.1480143,-2.7741795,-1.2578202,95.703125,2578.667956436273,0.11398419359520123,0.19505338,hiphop
-78.2387,69.992966,13.153113,51.996902,6.5577545,14.26407,-1.1988025,6.191436,-0.74543357,-2.4954095,-2.7460992,1.2652377,-2.7233636,86.1328125,2408.266742084598,0.07202375193498452,0.24850549,hiphop
-145.57416,78.808174,45.40167,28.826067,10.45909,11.676365,5.0760713,9.550117,-0.16387114,0.7819297,5.501274,5.28269,-1.8715103,95.703125,2452.740006074766,0.08805388931888544,0.19812588,hiphop
-92.78201,90.250946,18.764164,35.15508,-4.3680787,2.6269383,2.021618,7.826822,-1.0133574,4.957349,-0.17148073,-0.12391559,-2.1892173,92.28515625,2251.7765651853983,0.07232155814628483,0.21598041,hiphop
-72.16309,59.24476,12.217695,23.326372,14.976337,5.5809884,2.366065,5.3694096,3.7783134,0.19164078,0.8739468,3.6251576,4.2599926,95.703125,3001.916252225054,0.11643618179179567,0.22659731,hiphop
-53.48644,73.118484,18.904417,39.3304,7.068518,13.99962,-0.8196986,6.263784,1.1529866,0.48360157,-2.348338,1.4725335,-1.7696356,184.5703125,2589.3902969745236,0.09922842492260062,0.23772512,hiphop
-62.338985,34.329987,36.12876,47.61472,9.49876,14.22956,7.49854,1.4667757,2.7818623,0.19577423,1.100618,2.069781,2.2140272,129.19921875,3381.76731278982,0.12875356762770898,0.25443703,hiphop
-82.72509,79.55154,56.0907,26.838078,14.761616,19.829058,7.718499,6.356896,-0.16981894,1.000294,0.39622036,1.1602541,-0.29320315,95.703125,2540.2771209208427,0.06917645244775542,0.27731422,hiphop
-68.53517,50.839283,42.879337,30.215939,21.424473,7.978646,8.368471,7.244642,-4.8094826,3.6479454,4.197981,4.8277736,3.7629788,95.703125,3210.1448594638846,0.10582702447755418,0.25808337,hiphop
-107.325874,108.90344,23.011646,36.356834,23.074617,6.4979,14.454107,-3.4439101,5.356978,-1.9644946,8.063635,0.90313685,-4.104278,99.38401442307692,1742.1099035337472,0.04641770873645511,0.26327452,hiphop
-72.321075,76.14166,44.952766,42.128998,14.847405,12.063478,-0.5616423,-1.1316767,0.72393423,-0.3399941,1.3021718,-0.61561733,-1.2460752,92.28515625,2385.9929205597055,0.0693359375,0.3062008,hiphop
-71.222595,59.84289,25.430489,53.569576,0.49968377,12.910226,-4.9115834,12.386193,0.5535236,8.85071,-1.8522123,3.4920905,1.5598733,99.38401442307692,2836.4178900696156,0.11368336397058823,0.20667222,hiphop
-97.05268,47.928974,16.305964,26.843409,3.3025277,4.527328,-3.2216456,3.1462822,9.942439,4.709408,-0.61145407,4.845546,3.8465633,92.28515625,3248.65054228842,0.15767251596362228,0.18433976,hiphop
-105.050476,90.14766,3.2370365,14.900832,9.257614,-9.313154,1.6297692,0.5301528,-4.6381164,3.2784035,-1.3627628,1.0461003,2.9643664,99.38401442307692,2326.281251361884,0.09697749371130031,0.23457429,hiphop
-25.412868,77.925186,8.299378,16.979254,-6.4764886,-1.1630969,-0.73262453,-4.6673408,-2.767362,-3.6367922,0.26737025,0.06490239,-2.1600635,161.4990234375,2788.164047165945,0.12688056308049536,0.24653271,hiphop
-105.050476,90.14766,3.2370365,14.900832,9.257614,-9.313154,1.6297692,0.5301528,-4.6381164,3.2784035,-1.3627628,1.0461003,2.9643664,99.38401442307692,2326.281251361884,0.09697749371130031,0.23457429,hiphop
-77.22033,63.721035,-4.876413,18.304735,11.761947,-14.722135,5.3763022,0.554253,-6.008726,0.8785843,-4.145887,1.5856138,3.85066,103.359375,3161.97626814956,0.16142986285797215,0.15192087,hiphop
-62.653553,52.453487,4.008043,30.627134,5.960312,-0.8527114,2.447345,4.3744664,-0.88020444,-1.2322656,-0.91448295,-5.2738543,2.4220536,95.703125,3274.8305705393427,0.15708748548761609,0.14375108,hiphop
-211.73788,125.539955,1.8473704,38.149242,8.857632,26.36603,-4.015811,16.880127,-6.974984,13.670802,-4.4861507,9.776907,-4.1750054,198.76802884615384,1440.280854510357,0.049162212171052634,0.08752241,hiphop
-122.67316,95.672676,-28.61013,45.561924,-16.779835,27.290436,-11.76717,20.676407,-4.8266973,15.942225,-6.598211,16.050858,-6.3786793,107.666015625,2280.1121938481406,0.11098799100232198,0.10370506,hiphop
-128.51274,87.08925,-23.108135,42.8641,-4.529307,28.450579,-17.43087,20.691534,-10.620642,20.801863,-8.038918,18.12543,-8.99653,103.359375,2407.778198290259,0.11504163240131579,0.103695475,hiphop
-199.647,81.77795,-35.03856,56.97129,-13.709351,17.868795,-19.591265,14.74283,-12.565616,10.122401,-9.014923,7.3516836,0.85912395,112.34714673913044,2343.320057935675,0.12367045399574303,0.066990405,hiphop
-117.950775,80.45778,-18.444416,50.788,-12.63539,30.276896,-19.805012,17.936478,-18.138521,17.469635,-11.21517,15.91553,-4.1736794,73.828125,2609.382137786863,0.12740059017027863,0.10335385,hiphop
-208.75508,92.562805,-20.274607,39.70054,2.8126588,34.579914,-7.231013,27.60347,-1.0336474,15.220579,-2.5485735,15.32781,-3.0439112,99.38401442307692,2034.1175333793958,0.07481587412925697,0.07746886,hiphop
-165.8587,71.74335,-4.811385,54.9966,-12.198462,30.006512,-1.8115231,28.763945,-8.790143,18.919006,-6.6416078,14.153243,-3.4504097,103.359375,2466.1172268449113,0.08767369509481424,0.10776247,hiphop
-92.8256,80.59691,-23.20576,46.656273,-12.074339,30.736177,-21.883604,25.846464,-12.300048,18.381893,-16.542309,12.982541,-9.435108,117.45383522727273,2690.406124420762,0.14647001378676472,0.11871211,hiphop
-104.52602,75.8965,-18.875513,51.402454,-7.4945397,33.72558,-16.0508,18.927723,-8.637992,21.929577,-7.577134,18.062454,-0.22062662,123.046875,2639.978713176631,0.11183983770317338,0.12504658,hiphop
-113.25339,97.62114,-21.24038,37.8561,-1.0872563,28.9547,-15.044695,23.924225,-7.9160037,19.636538,-12.11968,16.458239,-3.6298442,112.34714673913044,2250.622071613496,0.1028852433243034,0.10654792,hiphop
-101.55781,75.78923,-23.88159,55.92359,-7.2476826,30.772144,-14.090327,26.970446,-8.821529,20.024061,-9.060585,14.429343,-7.028934,103.359375,2645.8999681345617,0.13707324521091332,0.11675232,hiphop
-142.49286,83.25499,9.237755,44.595016,6.613351,34.79012,-15.357355,26.8218,-10.024966,24.867174,-8.443034,19.435068,-4.8789597,112.34714673913044,2345.2822788588905,0.07404112446787926,0.1242898,hiphop
-201.81212,35.754524,4.418097,63.731556,-7.9942346,41.576733,-11.668998,21.922329,-6.069102,15.870523,-3.7303252,16.666464,-11.493037,117.45383522727273,3314.0347437053565,0.17022043706462847,0.061696965,hiphop
-166.98425,92.75882,-11.634941,41.784103,7.232254,25.481354,-12.778064,26.300829,-5.4419208,20.109959,-3.8958344,18.897047,5.861277,151.99908088235293,2008.7020551934986,0.055842443885448914,0.11374168,hiphop
-96.767456,78.37032,-35.608505,52.390697,-14.095269,35.64605,-11.676422,28.184963,-13.134297,19.577366,-7.041231,13.936026,-6.778208,112.34714673913044,2725.3185741257676,0.15543972523219815,0.097537,hiphop
-130.40514,124.47886,-38.022614,42.970978,-10.455206,20.838623,-8.91691,18.775179,-6.702882,13.118234,-6.1792407,12.835255,-4.4068637,107.666015625,1753.9266129675805,0.08234795254450464,0.1079102,hiphop
-115.35152,84.9359,0.5244657,48.96516,-11.23922,37.417767,-14.207394,20.574194,-12.71627,20.36335,-9.727523,20.09238,-8.292577,151.99908088235293,2413.2600597510764,0.09202892197174922,0.12687236,hiphop
-130.71773,71.686745,-22.647533,63.18997,-7.7182565,34.237457,-12.49248,31.280087,-7.448475,20.389153,-6.5963707,15.11626,-3.0021846,107.666015625,2559.0275143225413,0.10199333639705882,0.11781155,hiphop
-148.36325,93.76193,-35.015034,30.944626,-1.0702121,13.986289,-15.459095,16.203838,-12.008963,7.978739,-5.1208086,3.6018822,-7.894194,107.666015625,1982.4576418982774,0.10198426615712074,0.15383464,hiphop
-184.36487,135.86836,-18.730698,11.288532,-1.151934,-0.4238404,-7.488332,-4.508311,-5.6450796,-2.2114496,-4.4096346,-5.002489,-3.1800532,123.046875,1662.8980818569541,0.08538345951044891,0.07070174,jazz
-343.59616,135.35281,-2.9709387,23.009724,6.013824,9.695431,1.1042267,1.3831229,-4.7063327,-0.9215752,-0.30290973,0.51914626,-2.473972,135.99917763157896,1385.9609138988799,0.06300566587654799,0.02357893,jazz
-274.5373,168.31935,-34.650085,25.772043,-6.1608624,0.90173584,-10.556785,-7.772183,-5.6890697,-9.050076,-23.613808,-6.045103,-6.8266664,151.99908088235293,1097.4560329057117,0.06446219523993808,0.074889466,jazz
-272.57425,204.5355,-8.867727,-3.131365,5.9511046,5.4289575,-9.392826,1.6393074,-5.075291,-5.4338884,-10.196725,1.0495673,-2.786682,92.28515625,825.396472052583,0.05089160458591331,0.07092672,jazz
-267.92938,142.20584,10.196729,44.79356,-3.950685,10.485708,-8.693941,7.23891,-5.280425,4.648843,-7.450852,-2.6863234,-5.9945965,64.599609375,935.951068193787,0.03868532918924149,0.11852234,jazz
-279.2471,116.81134,-0.7751612,31.351406,2.4103353,23.49242,2.9745352,7.90581,2.4611192,-0.016700957,-5.0272756,-0.09006786,1.4585962,107.666015625,1159.653169930018,0.05672150130611455,0.09947344,jazz
-227.37971,136.73466,-20.090153,54.364834,-7.883994,11.206499,-6.328184,13.553944,-15.597759,-2.4978223,-7.0942593,6.395681,-3.2506852,135.99917763157896,1326.1899081389013,0.05421206825657895,0.09742704,jazz
-298.92593,137.48515,9.483281,36.506115,-12.568155,13.040233,-8.986558,-3.4619284,-6.3775897,-2.1749458,1.3613375,13.833972,10.786102,61.5234375,1159.929776817645,0.05867991727941176,0.09047411,jazz
-189.63855,138.47714,-29.704721,46.15126,9.60743,20.581886,-3.158117,14.647591,-10.983475,11.466076,-7.693335,-0.9870105,-3.857613,107.666015625,1246.6125268605151,0.039367864744582044,0.11898435,jazz
-301.4828,174.84743,16.100412,21.20809,0.8660388,16.086714,-1.5276427,10.508192,-7.4372416,5.6737504,-7.3566713,0.37437558,-10.961555,56.17357336956522,710.6671879766798,0.03225150565982972,0.09191639,jazz
-327.1787,164.59879,-13.178411,40.515324,30.1904,16.214956,-0.8542555,6.5580626,-8.611107,-3.8473313,2.2579134,1.0718707,-1.5415715,117.45383522727273,814.5411364964614,0.03359465702399381,0.061740827,jazz
-197.55038,112.11254,-7.7132473,39.717728,-9.981401,18.10344,-20.11247,12.748473,-16.391571,11.415718,-11.145652,14.845455,-7.192094,66.25600961538461,1853.1688230817347,0.07879468604876161,0.07057807,jazz
-251.05621,122.415634,-6.3729653,39.533634,-6.956589,17.666683,-16.151695,15.638695,-15.424894,9.7356415,-14.444486,7.132601,-8.872108,112.34714673913044,1660.7855312377262,0.06426642922794118,0.037750885,jazz
-218.7157,114.1083,11.264431,39.61609,-11.493658,18.29513,-11.7671385,22.974232,-18.14613,17.545742,-11.979687,8.226677,-8.411442,151.99908088235293,1778.4984513747095,0.06008807202979876,0.05555627,jazz
-366.27448,144.56468,-7.92319,22.530298,4.118397,-6.3180504,-12.608189,-5.162031,-10.092855,-7.2238936,-4.7375436,-1.9877272,-9.317886,129.19921875,1044.8930319840601,0.051570360874613,0.03694324,jazz
-203.16374,117.23336,-11.937895,38.04643,-6.2637634,16.719046,-17.03317,13.985572,-17.920307,13.114811,-10.097286,11.963147,-7.221265,117.45383522727273,1785.2381738489505,0.07421875,0.059269436,jazz
-248.76207,118.18675,-10.092943,42.191555,-2.2142956,17.20229,-15.489829,6.0752025,-15.924869,4.167311,-11.854702,6.819056,-7.99439,143.5546875,1541.8385368113206,0.07878259239551083,0.07070926,jazz
-237.65105,100.0141,-1.3252736,37.7351,-9.6701355,15.269847,-16.095116,6.8984876,-19.206415,6.8727264,-10.681478,5.7473392,-7.9617887,135.99917763157896,2126.6944125341424,0.09748769470781733,0.044755924,jazz
-195.13853,104.20501,-23.615244,39.023693,-6.5393586,27.418682,-9.360768,19.828398,-13.493836,16.081985,-12.896894,8.496999,-6.565578,103.359375,2022.8180279240569,0.08845297987616099,0.05058702,jazz
-258.3796,130.69774,-21.32686,39.72995,-3.3076048,21.058119,-8.79247,10.061372,-9.404489,12.829009,-2.8211515,15.125284,-0.96803594,198.76802884615384,1347.9520134879888,0.05856427172020124,0.05561627,jazz
-374.35785,118.33935,-0.6327069,49.190197,12.264734,21.717009,-0.48717365,8.52222,-0.45583,2.9951541,-0.7256169,0.77742743,0.41725054,107.666015625,1207.4819111752706,0.031257558533281736,0.02641644,jazz
-180.007,81.84534,-14.175437,51.816986,-28.457848,23.496353,-21.063343,17.854382,-23.814472,19.605341,-14.114496,11.807238,-8.154871,123.046875,2760.3126800540904,0.16954319248258515,0.048881195,jazz
-295.37222,106.92405,5.92519,28.890446,-7.3066072,16.411871,-12.336669,12.41409,-10.754689,14.861334,-3.013106,5.2764463,-2.0216346,129.19921875,1484.8628357127448,0.05310852239744582,0.06072159,jazz
-178.84267,103.37275,-14.871532,46.698326,-20.4017,19.59315,-14.473981,13.738857,-16.141546,14.954866,-1.4070457,16.857243,5.8126216,83.35433467741936,1923.7395158285144,0.07755130732391641,0.092896976,jazz
-202.17825,109.7247,-20.960459,40.99239,-13.6838,25.206244,-16.247814,15.095729,-14.374047,12.349011,-9.696477,10.1046295,-0.94755065,71.77734375,2003.502316799064,0.09705307904411764,0.060927,jazz
-242.86082,109.93777,8.111676,39.651405,-12.588924,20.53897,-10.185693,14.808733,-12.246092,15.557708,-9.575355,9.373985,-6.158646,103.359375,1716.3927609755185,0.06011225933630031,0.06123926,jazz
-415.9548,109.447395,-4.7380342,40.074474,4.491028,27.513378,-4.237348,12.454203,3.3706546,9.634915,-5.629357,2.1431706,1.4777224,151.99908088235293,1164.4325357766443,0.04046385207043344,0.035432283,jazz
-270.43112,111.21104,-1.6401027,54.50581,-9.948361,20.047056,-5.4642544,18.394676,-16.919605,16.700594,-10.2764225,11.56397,-2.6749861,143.5546875,1718.4558303123895,0.058586191466718264,0.039116602,jazz
-237.05965,107.236465,-9.376677,40.556442,-11.0571575,16.457123,-15.478182,10.893682,-19.180573,9.801727,-9.981774,8.471434,-12.636915,99.38401442307692,1874.494284512429,0.07601616921439629,0.049695432,jazz
-232.60173,96.23364,-15.732869,49.49605,-14.165889,13.891783,-11.4997,13.530658,-25.082047,17.248655,-13.273699,8.761359,-5.807421,112.34714673913044,2197.156380027464,0.09805458470394737,0.036579173,jazz
-306.6175,124.33586,-17.78621,53.978813,-12.43074,17.798792,-5.477154,1.5722604,-20.788733,14.483885,-8.632712,9.534715,-6.2744374,215.33203125,1616.898271535212,0.08882334800696594,0.032291565,jazz
-239.2352,117.03287,-15.601369,47.769146,-13.155529,18.078793,-14.422945,15.240067,-17.977793,13.38575,-5.7702365,8.585678,-7.342209,112.34714673913044,1727.7718918241883,0.07085369098297213,0.04454011,jazz
-318.7194,111.80367,4.6241865,39.491276,-8.147517,16.558554,-9.59831,10.690801,-9.846335,3.4629326,-13.5201435,-0.659731,-9.568336,129.19921875,1675.4297745671324,0.06348638859326626,0.032831304,jazz
-252.71161,138.28365,-21.885504,50.775124,-9.068573,20.14819,-0.35853633,6.5456777,-9.629047,0.27354905,-2.2026587,-2.5936785,4.662333,95.703125,1228.7313473155457,0.04670568885448916,0.075857535,jazz
-149.54947,125.348175,-35.817184,56.93137,-14.413215,34.364193,-4.8144403,15.56692,-13.539833,7.3785458,-11.699098,-1.2948276,-5.285279,95.703125,1626.5079967378817,0.06692476538312693,0.12587743,jazz
-262.9295,180.0377,-15.42551,48.811092,-2.4802477,6.719919,4.271937,-9.318799,-10.973682,-2.3522925,-5.1165338,-2.503973,-2.359231,123.046875,860.2030128263708,0.03824920181888545,0.09293056,jazz
-192.51921,165.57405,-44.668354,34.112663,-7.3992968,0.8382866,-10.587457,1.1701876,-12.441242,-0.60346675,-9.447923,-9.149505,-5.9725337,123.046875,1325.3304460367772,0.08455277670278638,0.08611457,jazz
-204.2224,136.8442,-15.955928,35.072083,-7.5557413,16.149433,-2.0006135,8.508707,-7.730275,5.6833835,-6.15744,4.8606153,-2.9106188,95.703125,1309.6111160762343,0.05182659515286378,0.10136999,jazz
-177.56093,123.82036,-34.79365,52.246773,-10.825647,20.764864,-9.944796,16.883589,-13.293831,9.954014,-15.318852,3.6603527,-14.341203,151.99908088235293,1595.0308578291028,0.06593913264318886,0.09744317,jazz
-250.52171,150.32718,-22.65942,62.15695,-5.8061314,3.4717176,-1.6274883,0.7688221,4.866197,1.8510842,6.1856613,1.6108111,4.1133184,99.38401442307692,1250.5958139146926,0.07788841790828173,0.07493202,jazz
-180.45811,150.08578,-19.115576,59.358902,-23.196207,1.927998,-3.7374709,-9.086945,-6.787111,-2.5864704,-9.181952,0.6523447,-6.8748503,99.38401442307692,1268.7977780413614,0.053626281927244585,0.13854225,jazz
-211.29726,134.07547,-38.46007,63.194866,-15.484013,10.564298,0.54288507,11.430915,-7.2345896,-0.59853464,-0.76869017,6.376551,-6.293635,92.28515625,1655.4251784455419,0.10241888182082043,0.07853392,jazz
-202.36865,142.71144,-17.500032,51.77692,-25.767288,13.496081,-13.892185,-18.151186,-11.032955,-1.3654126,-8.352785,-1.1088036,-10.648162,129.19921875,1362.2547332876777,0.061858280524380804,0.10437932,jazz
-194.90622,113.727745,-30.315456,43.29948,-10.206291,23.337246,-6.4065585,18.293503,-1.6251013,13.51747,-10.3585205,5.4035816,-11.117748,151.99908088235293,1705.5026113352474,0.08435398727747678,0.10326357,jazz
-243.99875,168.64708,-23.313677,21.269806,-1.6736864,14.886755,-1.7015016,3.3140876,-3.585827,4.865412,-1.2457938,5.954614,1.1026573,103.359375,1008.3331429711362,0.05155448795472136,0.08582231,jazz
-231.9876,170.29008,-18.69648,50.569267,0.31994063,8.378158,-0.3607566,-4.6708684,-14.771221,-1.9033793,-5.743492,-1.0369903,-2.0823908,71.77734375,948.9174533477817,0.04326050938467492,0.10797204,jazz
-218.36954,146.45122,-19.60486,49.349613,-13.905658,-0.10120668,-8.850114,-10.294731,-3.2151594,-2.9194937,-1.9773902,3.4732587,4.6302915,107.666015625,1246.416969960072,0.05388780717879257,0.11584689,jazz
-199.10284,109.03966,-13.144507,46.68562,-11.20602,19.081066,-11.165651,19.325008,-18.43617,11.552766,-11.497965,6.7544537,-11.382338,103.359375,1923.798328175877,0.08608262383900929,0.056563072,jazz
-206.6242,120.036354,-21.469358,45.32831,-11.864794,21.497763,-11.934412,11.308515,-21.44574,9.701702,-13.207137,7.726276,-11.24708,129.19921875,1721.2856521431445,0.0790335357004644,0.0596603,jazz
-157.2087,93.73848,18.006716,26.752909,-4.856124,-4.071714,-12.999448,-7.4677143,-19.353174,-1.0670902,-11.782721,-8.544837,-6.970738,123.046875,1877.7227283689624,0.06170408644543344,0.20777105,jazz
-51.99164,76.204094,5.5472817,32.08194,12.139618,11.634983,8.595321,13.476638,-3.0045915,4.1083355,0.8583218,7.9288197,-0.649398,151.99908088235293,2506.532220577519,0.08228521671826626,0.18957123,jazz
-251.60016,136.96324,-20.784985,49.729435,-8.192164,19.451414,0.14586736,6.2644973,-9.628514,0.48551515,-2.5967848,-2.0511284,4.0295053,95.703125,1252.9792161103308,0.04674272566756966,0.07585912,jazz
-94.40873,76.98584,15.4738865,36.47646,2.8767998,11.351575,7.941057,9.59481,-2.6886237,3.6396594,-0.35823295,1.8656751,-0.24668181,107.666015625,2450.5477864143504,0.07422479682662539,0.17276143,jazz
-144.99867,118.98742,-29.678762,51.14919,-9.105663,29.631107,-0.73193794,12.184791,-10.881637,5.441655,-10.457885,-1.8868848,-5.277995,95.703125,1662.8392497892992,0.06697918682275542,0.12588179,jazz
-261.28864,177.92233,-13.671756,47.303326,-1.1656861,5.650699,5.015212,-9.738275,-10.830445,-2.2241464,-5.484831,-1.9470593,-3.0398452,123.046875,887.5497710888534,0.03827868009868421,0.09293006,jazz
-37.892147,60.970345,14.546219,18.686508,7.9439883,6.2442813,3.0502734,7.2836156,-3.0953293,6.5132484,3.6403563,3.5443995,1.4976215,123.046875,3078.024943158352,0.11670148630998452,0.2021216,jazz
-267.75992,122.35299,-10.595621,33.00683,1.3375447,-0.7339804,1.9513217,0.2957033,6.201169,-2.0537307,-5.276211,-5.663702,-4.134492,95.703125,1409.6030017172882,0.06552870428599071,0.0649578,jazz
-186.58875,157.30785,-36.727673,26.651827,-0.5277464,-5.356208,-5.1651697,-3.4188957,-8.702525,-3.4930348,-7.387193,-10.454091,-5.3325825,123.046875,1381.438024239895,0.08467824835526316,0.08611643,jazz
-186.45636,110.30336,33.917973,38.24706,12.261081,11.086679,4.4956613,11.517912,2.0114605,5.676791,1.2995781,2.0080338,-6.454676,103.359375,1481.5162370353526,0.034182710913312694,0.1692962,jazz
-195.37776,124.56845,-4.2931,24.223848,2.3621395,7.2511907,5.8354635,1.7140878,-1.9546666,0.9115832,-2.367088,1.9984498,-0.92326313,95.703125,1471.871162219163,0.052731351586687306,0.10138599,jazz
-23.72464,85.45441,1.4004014,28.855711,7.3815804,8.177144,-1.2003269,5.5614705,-3.6975858,5.2919645,-0.50277144,4.2639923,-0.3136186,172.265625,2410.9367976925837,0.09422618759674922,0.22715811,jazz
-164.51846,105.51646,-16.901138,34.978844,5.6092844,5.33106,4.341346,3.844131,-1.580802,-0.4132274,-6.306015,-4.0305395,-7.9314003,151.99908088235293,1754.730793353172,0.0671303574883901,0.09745975,jazz
-51.922928,85.068886,-0.057558987,23.057331,-1.4089843,5.92151,2.677895,3.4356315,-2.0134158,4.6079683,1.6101713,1.7154166,0.2624965,117.45383522727273,2449.3834015120824,0.09669631627321981,0.1651389,jazz
-64.23603,129.0732,-9.6972685,31.232557,8.74728,5.0646043,-4.383259,4.9889336,-10.135908,9.329344,-9.222564,3.56449,-5.606455,198.76802884615384,1541.4127927181462,0.0565355613873839,0.21730769,jazz
-249.0119,148.36488,-20.931084,60.54742,-4.3949337,2.306707,-0.68029606,0.10251195,5.2305026,1.7709216,6.006559,1.9917678,3.5821397,99.38401442307692,1278.838751019764,0.0778695215750774,0.074932426,jazz
-109.44107,126.65856,-14.666932,27.483765,5.6670604,9.42869,-5.5445175,0.6562549,-8.486289,-4.814911,-4.326593,0.7026811,-4.3903027,129.19921875,1532.4662557416495,0.0854862555630805,0.1774247,jazz
-178.10428,146.86542,-16.118088,56.631363,-20.825594,-0.012356927,-2.2841566,-10.041662,-6.320842,-2.5771043,-9.62512,1.4557776,-7.9906425,99.38401442307692,1303.4665203307825,0.0536995997000774,0.13854614,jazz
-199.58836,138.91252,-13.958122,48.49721,-22.8196,10.984716,-11.880705,-19.636663,-10.060322,-1.8527089,-8.330868,-0.7064812,-11.395516,129.19921875,1399.844959052763,0.06189380563080495,0.10438057,jazz
-180.78786,93.95372,-11.066362,24.811672,7.304734,6.97672,8.6753025,4.561788,10.70119,2.6036603,-0.8337123,-2.771729,-4.249398,151.99908088235293,1986.67125776375,0.0861332660119969,0.10329453,jazz
-235.08965,156.67554,-12.854009,12.472936,5.7376127,8.59053,3.6241753,-1.1676303,0.17080745,1.7734889,1.2097477,4.0846868,2.4157684,103.359375,1114.4663583099682,0.05189764536571207,0.08582611,jazz
-228.74425,165.90004,-14.6301365,46.770004,3.770896,5.35272,2.1763747,-6.66693,-13.284418,-2.8861024,-5.304468,-1.0226886,-2.4791095,123.046875,984.237339427863,0.04316527186532508,0.10797287,jazz
-217.0312,144.71692,-18.088354,47.961246,-12.709879,-1.063539,-8.12862,-10.7478285,-3.0379078,-2.8606508,-2.229398,3.9049687,4.060552,107.666015625,1290.2807418196508,0.05395356641834365,0.11584665,jazz
-81.543236,63.60587,4.6992507,23.882988,5.154294,-0.31980637,-0.20726675,-2.384935,-3.9894347,-2.5304902,0.7787665,2.8598478,2.130783,112.34714673913044,2932.8234253893165,0.12671805461493807,0.1377008,jazz
-157.995,79.47649,4.4358044,26.489908,1.1128565,1.2381959,-3.3865895,0.92137897,-5.131304,1.3507875,2.0526,0.5229596,2.668683,83.35433467741936,2435.8681531398665,0.09445747871517028,0.109796055,jazz
-76.72201,60.54834,2.353964,21.527084,6.181486,-2.907312,-0.86090523,-1.161627,-5.6364474,-2.3600943,2.1449986,-2.1783817,0.8659977,103.359375,3017.823490287501,0.13320781129063466,0.13605657,jazz
-141.29509,107.33213,-27.11697,23.714783,4.9303484,2.0864427,-4.0645137,-1.7614826,-9.094736,-9.420397,-4.097327,-5.329698,1.2091827,99.38401442307692,1784.7983978262077,0.07498065015479877,0.1320544,jazz
-78.18254,69.08307,-4.529495,31.926184,6.440023,-4.0326886,-3.7323742,1.6009614,-7.057953,-0.6091403,1.7511368,-3.2943528,-0.9256388,103.359375,2724.7380490983214,0.12107258610681114,0.12963763,jazz
-133.85944,71.65204,-4.4839897,31.534132,-1.1971816,-13.58484,-1.3037349,-1.8142574,-9.921654,-1.8840797,3.7415345,-3.5343852,-0.5485134,80.74951171875,2477.099431450773,0.09136755030959752,0.13300024,jazz
-167.45122,64.80719,7.122007,42.7633,7.095396,5.175344,9.269272,2.2159593,0.27346584,4.878134,12.32331,4.2584476,4.192398,107.666015625,2704.267016944371,0.11053296729876161,0.065813966,jazz
-116.12601,56.076614,-3.2368734,33.74648,2.0292358,4.574251,11.284746,6.0396996,-0.3488398,0.8970235,0.83161646,-1.6603681,2.585811,135.99917763157896,3039.300138505447,0.14192053260448917,0.07458964,jazz
-226.81247,67.455505,40.26236,19.929455,16.500967,8.7063875,10.150175,6.527145,0.70534873,1.0539454,4.0901732,3.9822328,0.9494211,117.45383522727273,3101.861849612785,0.10358289594620743,0.04274308,jazz
-148.6343,47.043526,21.785793,16.196442,13.086984,6.954931,6.333597,-0.7694735,0.2759516,-2.398377,2.2250242,3.239398,-1.5360285,95.703125,4051.4274348719887,0.22145595491486067,0.04942321,jazz
-133.12045,58.661705,25.531178,22.819042,0.2516109,6.7789755,-0.54049444,-0.6691933,-3.5021837,-0.984272,3.6485848,0.69705755,1.5560149,107.666015625,3347.5936559243155,0.14184116800503097,0.07280223,jazz
-166.5876,65.55849,-6.0256968,34.995316,4.394327,7.133368,-2.1696463,0.47218895,1.266929,-0.532988,4.484398,3.1837487,0.87027013,123.046875,2744.7306385647853,0.12108090049342106,0.056284927,jazz
-145.1438,64.59278,-11.2860985,36.602478,-0.3625767,-2.0400407,-3.9643135,-2.7911952,-3.02616,4.262279,6.976591,2.139104,-2.449886,80.74951171875,2794.3217663143664,0.1366786897736068,0.06268916,jazz
-154.74152,24.660444,17.901863,23.682426,12.979454,5.2372,5.1308293,2.3765829,3.1905277,0.4084831,3.1799877,-7.691077,1.651877,135.99917763157896,4163.2641325271325,0.25743381748258515,0.0561545,jazz
-334.99667,96.61786,44.35755,27.298616,13.765604,7.953914,4.309569,-1.8210174,5.560035,6.475188,4.241292,1.9787003,9.81913,135.99917763157896,1789.2526774213684,0.04216074279218266,0.044278778,jazz
-195.14735,82.96786,27.389105,21.18122,16.19555,3.3428445,4.8137107,-1.2283074,2.6666105,6.3497763,4.7625694,0.018385565,5.388669,129.19921875,2356.7033883175,0.06521729271478328,0.087947525,jazz
-322.9828,92.54249,21.782572,43.807053,22.221247,5.049273,4.348687,10.582225,2.9213672,1.8702819,-1.4344865,4.101292,14.323519,117.45383522727273,1541.2010264687717,0.043477439289860684,0.05254251,jazz
-216.38591,107.04138,18.323185,28.069355,8.61371,-1.0116905,5.0114374,-2.6492815,-13.464215,-12.834187,-6.373809,-8.369915,0.5822876,135.99917763157896,1817.1520122979077,0.05323323819659443,0.06547417,jazz
-293.35394,68.456314,33.1698,25.632444,4.4763975,-3.6370518,-0.6032129,2.539067,-9.538678,-8.960694,1.2780106,-3.6047513,2.0983686,117.45383522727273,2754.7966212201864,0.12336357754450464,0.042114794,jazz
-307.84338,88.51217,41.91336,32.827755,17.975965,5.0548577,9.436079,6.4994345,-2.381362,-3.9340322,3.1338758,3.7557068,5.843736,117.45383522727273,2050.3217076011665,0.06206387262964396,0.046881046,jazz
-209.92679,104.52939,14.712945,11.478414,13.892483,2.31957,2.5185895,-4.0133576,-4.035077,-0.9359588,-3.8673701,-3.5126276,-0.5690368,83.35433467741936,2100.3623898021674,0.07965635884287926,0.04609288,jazz
-363.8492,133.47974,18.118116,37.32903,2.6575878,16.860018,-9.181669,2.5573478,-12.022168,-0.14667277,-2.6178534,4.151699,-0.7601783,123.046875,1117.8681878633108,0.048668639947755415,0.040504493,jazz
-212.44688,103.024765,0.7029729,43.26034,-3.2599168,24.959074,-12.649724,22.735653,-16.13131,14.823472,-9.155556,7.7596884,-7.7383327,117.45383522727273,1811.6385969300675,0.0564561967879257,0.076674774,jazz
-280.19086,91.32567,-4.657707,54.45048,-0.8362945,26.442053,-8.302925,24.108065,-13.17589,13.418586,-6.72749,5.599191,-6.297735,135.99917763157896,1984.0974668522322,0.08050442627708979,0.04457211,jazz
-421.7348,123.8936,34.58939,47.37431,12.860377,18.505424,-4.35369,6.590324,-9.799333,-0.6794834,-5.882522,-1.372161,-6.331467,86.1328125,1078.6819181508101,0.031775318063080496,0.021769224,jazz
-228.73537,105.645706,-0.58745414,44.1857,-6.2660227,25.991144,-13.143769,24.59674,-8.574521,8.442887,-9.074206,4.979299,-8.145386,161.4990234375,1801.7035936696232,0.05173816031346749,0.058593206,jazz
-313.20773,111.88501,8.312942,38.914543,4.5693607,19.880177,-7.527894,16.255209,-13.306391,10.28569,-5.734867,2.4657712,-5.182301,135.99917763157896,1558.000775690991,0.045744243421052634,0.03666561,jazz
-50.17412,49.71329,-8.039711,43.37588,7.838004,9.954081,6.7888093,8.31412,4.600887,5.6546974,-3.602889,10.031492,-2.540256,92.28515625,3334.1520772602003,0.1833155959752322,0.11689494,metal
-85.95358,62.776245,-12.587055,48.032295,9.836297,21.942457,-3.1166768,20.534792,-9.077268,11.5140705,-4.8900485,12.122875,-11.065956,151.99908088235293,2973.3286570333676,0.15250928187886997,0.09265886,metal
-58.26912,119.23159,-48.865402,53.4811,-27.147343,20.09856,-21.211481,19.815332,-7.1323175,20.254894,-9.174496,9.057921,-13.717404,112.34714673913044,2139.236502534086,0.12603249564628483,0.13671653,metal
-39.23296,73.573,-52.655586,53.104748,-11.004921,38.63775,-8.055197,25.74206,-15.060802,23.413677,-5.7825007,16.272385,-13.574027,99.38401442307692,2760.096819918199,0.1708470394736842,0.15630239,metal
-109.25058,45.661854,-6.235003,37.451782,9.044618,9.678202,2.1863108,20.817858,0.8842986,11.322152,1.7216893,10.739974,-1.3994514,135.99917763157896,3464.185024369603,0.19167457793150156,0.06408715,metal
-74.650116,92.83916,-29.757969,64.75426,-19.746729,24.84344,-11.998414,12.975278,-18.694345,17.58589,-9.858844,9.334353,-17.269623,103.359375,2484.948036680184,0.13690771333204335,0.12524064,metal
-137.70764,56.439545,-12.965662,44.267033,-11.286484,10.492594,-2.5822082,22.095821,-10.27435,14.832107,-6.0643744,8.438151,-7.0495415,123.046875,3248.2080940432493,0.19731929058630032,0.050480455,metal
-106.19976,63.914112,-22.621172,47.522804,1.5796497,8.298671,-1.5193307,22.144016,-9.557744,8.661729,-8.384158,12.778176,-9.640973,151.99908088235293,2969.190327853398,0.17509569103134676,0.06784794,metal
-156.54477,69.08015,-4.3002973,33.472897,5.2455916,14.945019,8.504881,9.261761,3.6089752,11.868901,1.2196192,8.495646,-2.2192023,117.45383522727273,2949.0337325568735,0.13554490978134676,0.057362642,metal
9.6107235,108.29371,-1.662609,50.908306,-30.614962,31.401781,-13.946703,21.495182,-8.125782,16.271276,-15.159048,15.195808,-13.314039,112.34714673913044,2209.7502960076267,0.09211130998452012,0.32234603,metal
-61.51941,70.618324,-21.106543,76.208694,-27.968992,24.43922,-17.52455,19.62885,-17.675295,15.310743,-14.686172,15.309219,-18.570663,95.703125,3036.259966648574,0.19973424196981424,0.117259756,metal
6.0321674,86.431694,-28.780445,66.31919,-17.110573,16.696863,-12.454445,28.817688,-24.726934,16.511486,-10.833143,12.206691,-13.951027,112.34714673913044,2630.0139064864234,0.1604344040247678,0.23178282,metal
-62.440693,79.8114,-46.196224,64.87918,-16.01981,21.03952,-15.024505,38.58644,-10.7052965,20.713917,-9.054684,18.894258,-11.386778,172.265625,2726.13272105427,0.16870570699496903,0.115426436,metal
-88.21465,64.027756,-35.32343,65.45367,-13.701976,23.947027,-15.460917,37.161358,-14.162838,21.646519,-10.006121,19.835745,-10.11845,135.99917763157896,3067.80019204219,0.20254526049729102,0.08582737,metal
-136.84576,66.21867,-54.33523,81.36368,-12.516648,28.316122,-13.317422,29.831839,-10.877385,21.11326,-8.751746,10.48696,-14.823517,143.5546875,2821.3895734147904,0.17495056719233745,0.07266006,metal
-74.61091,66.9327,-7.7370834,74.96888,-17.378246,24.811377,-19.26084,20.367321,-21.92277,14.767617,-16.337893,12.440109,-18.344494,172.265625,3021.7156326030536,0.168701171875,0.112420596,metal
27.587337,82.77199,-49.725243,55.133785,-14.047849,24.513943,-18.065239,30.698856,-14.838898,16.704323,-12.170113,10.4817095,-12.808186,92.28515625,2697.5497062650843,0.17086064483359134,0.27867717,metal
-68.481,80.13339,-24.180746,67.23815,-13.20114,26.044699,-19.590666,27.184065,-16.594933,21.286331,-13.082117,15.318653,-14.371584,107.666015625,2757.5127699056693,0.17361346265479877,0.11323602,metal
-80.29648,131.08255,-93.22693,77.16294,-18.78258,21.80899,-11.118813,13.547942,-4.1958504,10.110982,-1.7999698,5.4410896,-0.8868032,99.38401442307692,2187.5998152164993,0.16993548035990713,0.11962539,metal
-68.62965,83.15111,-24.004444,65.43705,-13.688353,24.026531,-18.458525,27.62148,-16.653227,21.895985,-14.294177,13.187081,-14.863245,112.34714673913044,2709.3760350761804,0.16330437911184212,0.11139419,metal
-70.28249,85.04578,-22.599941,67.01014,-10.469515,22.955074,-19.983725,23.575151,-13.1661625,23.240936,-11.040252,13.844174,-15.143443,123.046875,2583.5057921320513,0.1469325960236068,0.11954468,metal
-75.04313,57.983963,-36.544384,62.9055,-15.411943,35.682613,-12.472857,31.970211,-13.386365,22.382242,-7.5480146,18.560692,-11.569086,107.666015625,3139.0519582821053,0.20131095201238391,0.10739973,metal
-44.371445,109.72117,-12.295017,65.39677,-30.750414,8.418328,-24.730444,21.64855,-18.10986,10.165554,-14.901285,19.744537,-14.803944,135.99917763157896,2186.342002701031,0.10730396188080496,0.20458932,metal
-39.09459,84.74297,-26.12762,69.36686,-22.57424,30.313313,0.21708202,29.988907,-4.262016,20.216957,-7.9587812,21.002144,-5.965904,143.5546875,2548.15382061862,0.12354573819659442,0.2004879,metal
-13.800285,90.67757,-36.348476,68.54997,-9.357234,33.423607,-12.014179,27.423,-15.280485,18.594316,-8.7961445,16.926764,-8.250116,112.34714673913044,2470.9994866709258,0.14042998984133126,0.23045704,metal
-111.16297,82.996735,-39.04205,73.04779,-5.546344,25.009212,-11.432613,25.726515,-16.678495,13.711034,-12.078375,13.764672,-11.06753,135.99917763157896,2569.7656347688526,0.1399205446981424,0.10023184,metal
-55.881264,73.01707,-47.81468,78.59843,-20.77164,34.999443,-14.123292,27.923315,-7.9266844,13.636359,-3.121483,12.047129,-14.92235,129.19921875,2896.871532547503,0.21171905234133126,0.14131828,metal
-26.386667,94.57687,-38.766476,53.845383,-10.585021,27.28529,-13.87305,28.875315,-14.028372,19.199627,-16.312086,15.0629835,-12.228339,129.19921875,2433.3708983988345,0.13589335816563466,0.17302345,metal
-28.258003,82.53317,-40.83532,47.969135,-23.676517,20.356674,-25.966124,24.948408,-12.733197,24.325691,-17.189428,17.69945,-15.35863,135.99917763157896,2833.341562879643,0.18054766108746131,0.14261056,metal
-107.110756,74.517235,-15.393845,51.463585,-25.060425,32.925644,-14.567068,25.283216,-20.575632,18.231937,-13.90113,9.710894,-17.141657,123.046875,2949.088606239703,0.15976925309597523,0.08746356,metal
-79.169586,130.26318,-23.482105,61.736465,0.818578,30.79728,-8.224268,19.624086,-1.7614731,12.359301,-3.5543342,9.31946,-9.62185,129.19921875,1532.7504210567797,0.05024157072368421,0.22251056,metal
-13.162236,91.43583,-23.770243,51.159492,-12.488907,31.132658,-14.263648,22.646723,-13.863385,22.265326,-18.296427,12.156524,-16.613173,135.99917763157896,2553.075287543082,0.12404006627321981,0.21909478,metal
-69.58025,94.033966,-40.640648,57.42445,-18.149614,21.991714,-8.23735,18.02679,-17.989925,17.368082,-13.095615,13.113221,-13.209704,172.265625,2467.396617145802,0.14435060105456657,0.13367513,metal
-45.353287,126.79097,-47.57987,79.5595,-13.176419,22.121868,4.058209,15.568359,1.1643134,11.040931,-12.130568,17.339529,-13.104474,123.046875,1873.9345015256547,0.08970920810758513,0.26040348,metal
-121.8124,79.20222,-35.176105,40.301598,-33.19033,25.196547,-27.915586,17.979168,-13.256663,14.967801,-15.611739,9.66601,-12.319934,103.359375,2880.383725462559,0.17547890866873064,0.08452917,metal
28.76311,72.62898,-25.75309,52.248608,-10.872022,36.779724,-21.23153,30.35013,-15.169938,15.956434,-11.475656,18.92853,-8.227049,117.45383522727273,2996.0441396379993,0.17627633392995357,0.2863495,metal
-70.71075,82.31455,-30.765135,56.851048,-10.889697,28.01673,-15.487648,25.986624,-15.397273,18.000208,-12.768899,15.162415,-14.242782,143.5546875,2682.7038818067817,0.15848808170472137,0.115720674,metal
-80.76967,106.25006,-39.41483,39.52234,-27.043547,31.523483,-14.032136,31.115421,-11.070264,14.560123,-14.725394,16.4518,-3.6123822,135.99917763157896,2296.2073844215815,0.12292593846749227,0.1111775,metal
-93.63635,57.081776,-33.76363,78.00288,4.1748567,26.269665,-12.968526,27.371487,-13.929579,8.762735,-8.073951,8.175207,-15.233619,95.703125,2853.353088820433,0.15329914860681115,0.16667293,metal
-78.28663,91.85556,-21.572798,69.794044,-9.850281,36.09447,-11.781513,16.000002,-1.444118,14.40866,-12.58005,12.3924,-6.011388,60.09265988372093,2234.869151372187,0.09031842589009288,0.17978837,metal
-72.968956,76.18007,-46.359375,49.418186,-10.047577,33.997116,-7.5672016,26.756191,-19.118116,20.94168,-11.504956,14.150182,-15.639558,107.666015625,2779.9724764117873,0.17112141423181115,0.10209526,metal
-100.94959,107.15693,-60.793774,56.106567,-5.2935257,21.723322,-4.1415167,25.075558,-19.596859,17.119108,-13.3314295,10.219066,-15.334057,117.45383522727273,2243.0144586164943,0.13794776751160992,0.09585508,metal
-93.256195,89.1716,-54.358334,51.235886,-6.2334414,28.49824,-12.83314,29.641968,-15.9967375,23.204601,-12.177223,10.3046255,-19.568195,129.19921875,2489.8930019000363,0.15253800430534056,0.09357176,metal
-102.51439,87.730515,-51.675636,57.77628,-4.740392,19.50098,-12.739474,20.466719,-15.873086,18.220316,-17.426594,13.128496,-17.16619,95.703125,2595.443613805191,0.17393923543924147,0.09339782,metal
-91.92351,76.21631,-42.069695,54.937656,-7.0431433,29.227287,-7.100093,26.541784,-13.262835,18.560905,-17.751274,10.170446,-18.939692,117.45383522727273,2767.099657117503,0.17195663215944273,0.09067651,metal
-155.2827,91.5124,-38.502098,55.85422,-7.9498153,20.5901,-6.229123,22.396729,-18.285473,15.262015,-16.356548,10.652716,-17.779488,61.5234375,2394.3328522857105,0.14294093459752322,0.08499188,metal
-1.5642997,82.75827,-32.03611,62.36229,-17.416006,26.459553,-21.339703,21.836796,-12.707729,16.645922,-13.284224,18.954649,-10.132519,117.45383522727273,2729.737120983649,0.15682747194272445,0.21526897,metal
-4.37113,72.59887,-32.94061,64.250885,-19.159472,26.331875,-14.221095,18.266642,-12.305725,19.76811,-14.516845,19.80935,-11.390203,103.359375,2915.0874262337425,0.17755750532120743,0.21322381,metal
8.84415,74.03298,-30.560535,58.25704,-19.384182,28.768068,-18.738922,17.990942,-13.99994,21.1185,-15.494529,18.022017,-13.930788,107.666015625,2928.3986529742538,0.18041765431501547,0.22613965,metal
9.073898,72.94556,-31.683805,64.42332,-23.155416,29.901583,-13.883799,20.69418,-11.828833,18.629616,-14.974147,18.78564,-12.15913,99.38401442307692,3007.7336647049897,0.19858610076431887,0.21446653,metal
19.19472,67.888916,-21.004414,59.39141,-18.059313,27.319931,-12.357745,16.59828,-8.358031,17.291414,-13.104647,18.821007,-9.878606,112.34714673913044,3067.9092715822126,0.18408581051664086,0.25286984,metal
10.553815,54.170944,-19.16384,59.98367,-20.664558,32.144947,-14.94401,20.498728,-7.577907,18.588976,-12.059798,18.408426,-10.173342,107.666015625,3424.8876637638577,0.232064356375774,0.22915715,metal
-4.4663296,85.49646,-36.012722,65.374084,-14.5214815,22.923532,-9.401996,15.885443,-7.405897,14.9583645,-11.145149,13.385518,-7.376825,151.99908088235293,2670.072408421848,0.1548478920762384,0.23063381,metal
8.615897,77.76881,-28.300158,56.02204,-22.692291,25.940336,-13.813223,17.61265,-10.850623,19.655249,-12.655082,18.49509,-9.73616,123.046875,2846.1479313237314,0.16620685589202785,0.23956728,metal
-0.6302613,64.298584,-21.474466,62.75559,-18.860771,30.392765,-17.419874,21.355326,-11.418835,18.76235,-13.508939,20.21234,-11.302418,123.046875,3186.494563262971,0.20345681961106812,0.20101622,metal
11.086438,65.20273,-30.105923,64.683266,-21.099527,28.980036,-15.199971,21.040937,-10.695577,19.916817,-13.013382,18.77463,-11.526913,172.265625,3079.855058983207,0.19872820119001547,0.23300204,metal
15.036964,71.37975,-23.978537,60.633186,-20.656837,24.810158,-15.973445,15.383841,-10.815024,18.290506,-13.264429,16.845554,-11.481973,107.666015625,2974.3869921805967,0.1812029859229876,0.24282998,metal
-20.800251,78.94253,-31.035053,68.10737,-8.087533,25.539322,-11.9825325,20.607857,-13.651884,19.528343,-14.426596,14.416215,-5.6053333,129.19921875,2710.568105582898,0.145150293875774,0.21255565,metal
-17.351591,97.35477,-35.562206,48.74013,-19.00563,26.142433,-18.913683,27.317528,-18.530262,21.202066,-13.254943,12.472874,-15.495314,143.5546875,2505.780921800112,0.14711173326238391,0.17987105,metal
-11.327325,97.39271,-46.399178,55.595673,-17.411184,24.813011,-19.322926,28.31594,-15.655234,18.327631,-15.865546,9.066034,-15.79291,99.38401442307692,2473.209313089766,0.15458561097136223,0.18536812,metal
-52.803467,102.83381,-46.91264,58.008827,-19.873787,27.687101,-17.861893,20.474518,-15.300609,13.896232,-16.54082,8.84299,-16.450481,89.10290948275862,2390.7949302398692,0.15140573601973684,0.1259702,metal
-72.968956,76.18007,-46.359375,49.418186,-10.047577,33.997116,-7.5672016,26.756191,-19.118116,20.94168,-11.504956,14.150182,-15.639558,107.666015625,2779.9724764117873,0.17112141423181115,0.10209526,metal
-100.94959,107.15693,-60.793774,56.106567,-5.2935257,21.723322,-4.1415167,25.075558,-19.596859,17.119108,-13.3314295,10.219066,-15.334057,117.45383522727273,2243.0144586164943,0.13794776751160992,0.09585508,metal
-93.256195,89.1716,-54.358334,51.235886,-6.2334414,28.49824,-12.83314,29.641968,-15.9967375,23.204601,-12.177223,10.3046255,-19.568195,129.19921875,2489.8930019000363,0.15253800430534056,0.09357176,metal
-102.51439,87.730515,-51.675636,57.77628,-4.740392,19.50098,-12.739474,20.466719,-15.873086,18.220316,-17.426594,13.128496,-17.16619,95.703125,2595.443613805191,0.17393923543924147,0.09339782,metal
-91.92351,76.21631,-42.069695,54.937656,-7.0431433,29.227287,-7.100093,26.541784,-13.262835,18.560905,-17.751274,10.170446,-18.939692,117.45383522727273,2767.099657117503,0.17195663215944273,0.09067651,metal
-155.2827,91.5124,-38.502098,55.85422,-7.9498153,20.5901,-6.229123,22.396729,-18.285473,15.262015,-16.356548,10.652716,-17.779488,61.5234375,2394.3328522857105,0.14294093459752322,0.08499188,metal
-79.247505,95.99765,-36.317112,70.85255,-4.1668773,17.28772,-9.919491,16.454586,-18.566483,12.966298,-8.259662,14.636191,-13.937347,135.99917763157896,2304.4314905219194,0.12605668295278638,0.13575312,metal
-88.90759,113.13017,-41.626663,54.62039,-25.347212,22.559116,-11.938971,21.989462,-12.498804,12.176575,-16.56714,15.588317,-11.378628,161.4990234375,2213.543323174028,0.12526379281153252,0.10432041,metal
-106.97937,114.334,-15.83497,68.411865,-4.4578967,29.18997,-9.757375,20.704252,-6.7594686,19.417238,-8.528548,15.663027,-11.160371,161.4990234375,1735.3783176790032,0.057114545036764705,0.171746,metal
-215.85458,75.11415,-8.683512,54.608917,-5.897988,17.516518,-18.555872,9.544895,-14.502499,16.69061,-17.2444,12.785489,-9.934402,117.45383522727273,2665.7135145623156,0.13357817942143962,0.046318162,metal
-80.09146,78.85999,-24.587477,48.895905,-24.479462,28.224258,-17.320055,23.307007,-14.304512,21.14215,-10.919094,16.91685,-9.407743,83.35433467741936,2839.450802662329,0.15415326286764705,0.1164301,metal
-32.166306,93.27935,-36.129906,62.23451,-11.648241,27.25531,-10.581378,24.48239,-13.177401,13.918811,-12.990567,13.069006,-13.160596,123.046875,2363.028670991183,0.11966065208978328,0.19462657,metal
2.474496,79.12096,-16.702003,57.884983,-0.81161433,30.525572,-9.113326,27.599905,-13.892726,17.589863,-7.9411955,13.296173,-8.897426,143.5546875,2603.9236610317603,0.1179425974748452,0.2965248,metal
-195.20963,74.01369,-12.64907,64.272545,-12.378797,37.912357,-13.020608,24.227938,-13.801047,17.116299,-11.2419,15.40209,-12.2550955,123.046875,2803.0305404810274,0.13561973926083593,0.04032264,metal
-39.89602,109.111755,-14.187637,55.880695,-1.2654413,19.809208,-11.785959,20.472425,-10.473416,13.715761,-6.9492836,13.120673,-9.663053,112.34714673913044,1972.1857690053318,0.08137139004450464,0.25295648,metal
-84.88114,72.851395,-23.18982,69.42123,-14.193243,24.795614,-13.318099,25.754826,-11.624203,21.719969,-12.989483,12.313771,-20.935324,143.5546875,2856.873071560268,0.16498917618034056,0.1095522,metal
-40.45714,89.84878,-26.389534,60.948395,-31.531637,34.982185,-17.54875,22.221804,-15.782341,19.246353,-10.664302,15.571072,-9.744342,151.99908088235293,2685.979531486822,0.149544825125774,0.15577106,metal
1.0484785,71.16091,-15.952314,55.541004,-1.6297104,33.478836,-8.206994,33.73052,-9.824552,20.773113,-8.45524,13.254994,-9.574598,99.38401442307692,2881.957460131414,0.14228787732198142,0.26818705,metal
-72.75186,80.63192,-40.686226,54.580925,-9.075989,36.183674,-15.226539,21.239552,-17.633993,16.76877,-11.765007,16.219805,-11.9741125,123.046875,2674.53972104802,0.14030300648219815,0.1302659,metal
-68.45204,76.74866,-17.935604,56.053818,-9.495407,36.631218,-18.292374,27.395868,-12.1647625,21.556501,-10.714568,13.5091505,-8.325153,161.4990234375,2815.600668815355,0.14219868662925697,0.14286178,metal
-14.187446,119.290596,-55.597168,42.9868,-22.668894,29.346151,-14.772339,28.62665,-18.287611,21.013342,-10.5994215,9.791507,-4.246825,151.99908088235293,2158.017737653288,0.12620256264512383,0.19617939,metal
-63.015503,101.96552,-41.841835,57.308674,-22.113426,28.29701,-11.6836815,16.792105,-16.082685,10.4962435,-12.077547,8.138918,-13.490105,123.046875,2350.2830824240887,0.13776711856617646,0.12831591,metal
-29.991934,101.66081,-28.816545,71.32899,-16.240572,19.823914,-18.616434,19.267342,-18.394045,15.233305,-8.523071,2.1664984,-14.830246,117.45383522727273,2343.9116334534046,0.12343613946400929,0.20714258,metal
6.76687,91.78985,-31.010214,43.133587,-15.27517,23.746254,-13.37121,17.06617,-6.8819494,17.69797,-12.949603,13.730296,-7.935494,151.99908088235293,2555.3779346730303,0.13855698529411764,0.24321137,metal
-36.211304,88.50077,-31.120798,48.769947,-18.097479,29.644077,-25.084702,15.497261,-11.750335,11.287788,-18.825066,12.447617,-13.570576,103.359375,2643.8114628779203,0.15445258078560373,0.1629907,metal
-100.14387,92.83297,-31.403248,54.762245,-22.604048,27.23518,-17.59376,20.63865,-18.6238,22.712704,-8.768478,14.369908,-10.17141,123.046875,2579.63099047568,0.15687811411571206,0.08707812,metal
21.866018,62.906178,-8.948119,54.6319,-13.911843,28.013676,-14.496088,29.349125,-17.83188,20.865952,-9.62289,17.56533,-7.786704,95.703125,3275.39255539454,0.18140026364164086,0.2655063,metal
-164.0756,106.26879,-15.410428,70.55367,7.604127,22.019417,-5.326412,19.902054,-9.674706,13.849685,-0.2586879,5.9065146,-2.4518952,117.45383522727273,1829.388726203709,0.0735347027380031,0.12825322,metal
-87.5942,126.38426,-35.833004,75.39494,3.2902923,28.545279,-1.320681,18.727703,6.315772,13.283466,2.162686,6.149743,-7.053311,151.99908088235293,1479.8258494099573,0.046768424680727554,0.26437053,metal
-92.65607,98.12393,-24.943048,55.11109,-7.9286,39.65115,-8.6469,28.148268,-14.020993,12.558659,-12.015898,25.087385,-11.063909,89.10290948275862,2217.8644607228166,0.09259354440789473,0.14488998,metal
-101.34951,100.20033,-13.689316,48.0907,-27.726583,27.46693,-17.50465,20.813099,-19.242203,5.9579763,-15.462981,15.243237,-15.678543,143.5546875,2335.683751398617,0.11887834389512383,0.11415189,metal
-71.69813,108.059395,-34.998817,55.372517,-19.759653,19.000454,-19.14482,10.1298,-20.207167,11.297539,-13.643149,6.6624737,-14.837452,117.45383522727273,2082.531950648934,0.09277948432662539,0.16929545,metal
-105.95067,82.7025,-27.33322,66.88021,-19.817106,30.255993,-9.013941,22.250753,-11.937324,14.298786,-14.6349,10.402351,-15.355277,172.265625,2608.8456373169333,0.136287157749613,0.09110274,metal
-121.8124,79.20222,-35.176105,40.301598,-33.19033,25.196547,-27.915586,17.979168,-13.256663,14.967801,-15.611739,9.66601,-12.319934,103.359375,2880.383725462559,0.17547890866873064,0.08452917,metal
-35.959225,95.8831,-26.711233,40.4253,-18.913954,30.230597,-4.780603,28.178091,-14.299283,12.517303,-10.093013,15.209994,-8.542212,151.99908088235293,2440.35378834388,0.12308315595975232,0.1757572,metal
-37.63927,90.07848,-30.456701,52.460545,-15.855668,24.1144,-11.785463,23.021536,-11.448976,13.714058,-8.13937,14.350919,-10.848566,161.4990234375,2454.5605520047316,0.1317338973006966,0.19425388,metal
-46.812958,95.296165,-28.817575,66.45465,0.530655,28.517082,-6.6316986,26.123379,-12.204393,14.4016485,-8.505694,11.599902,-9.478049,112.34714673913044,2190.3341310630967,0.099853515625,0.20873787,metal
-71.17125,91.988075,-37.574474,54.759235,-6.006401,23.804605,-9.084929,21.5934,-10.718326,14.044647,-9.546273,12.891586,-10.644053,151.99908088235293,2366.7910401106337,0.1282985439241486,0.14513022,metal
-60.53224,88.49827,-26.701576,55.64506,-8.864266,28.392843,-6.8894744,26.832823,-7.6261783,13.562866,-6.495366,15.275078,-8.290139,143.5546875,2369.6412765039877,0.10364109665247678,0.17794831,metal
-104.484184,51.52009,28.028316,28.927958,21.82281,2.4051683,14.361228,2.4466412,7.6728725,-3.1766853,-4.8929048,3.8482125,-4.7049375,135.99917763157896,3491.9963495938327,0.13293343653250775,0.17424794,pop
-61.881603,46.866432,32.246902,18.092655,13.519577,1.5619658,5.1335216,10.40092,5.1104956,6.5957055,-1.0823123,1.4375441,-1.8980968,107.666015625,3539.7928981115283,0.14043679252128483,0.25227988,pop
-56.54488,62.367695,27.758871,14.537386,9.683754,9.005876,10.971507,4.77795,5.298868,6.8835526,1.3863989,3.6360786,3.4082553,129.19921875,3277.774904437999,0.12713301809210525,0.21160352,pop
-137.45639,134.80771,-27.708231,40.003582,21.075062,0.49212268,15.331169,-2.6925728,6.0900817,9.012471,-7.4589996,5.5963697,-7.716886,92.28515625,1650.2287573936621,0.07856037151702787,0.12482808,pop
-8.745917,82.8578,0.93990165,14.323895,8.835363,-2.4246101,2.793405,5.714961,9.553037,6.051471,-3.222203,-0.88297313,-4.4985995,80.74951171875,2777.06067955399,0.12509221410603716,0.22451529,pop
-48.198772,88.36731,-19.011068,23.88505,1.3919337,5.215369,2.3953643,10.668953,3.4421191,0.9354169,-5.272688,-1.5815243,-4.27996,112.34714673913044,2423.8053073407877,0.12367801252902477,0.16959038,pop
-192.74405,96.49684,31.270864,34.1607,10.465556,19.814291,4.1221933,11.617349,9.838599,4.067484,-0.81382173,3.0305083,-4.2333264,92.28515625,1962.0497233999306,0.0563367719620743,0.0824024,pop
-226.65906,103.44798,6.510246,-0.39640218,8.73363,-12.318654,13.226808,5.3829865,7.4819093,10.863231,-12.410252,-0.47819325,12.75002,129.19921875,2038.2299261423218,0.07313258876741487,0.092107706,pop
-47.0378,71.96124,10.768256,24.589275,22.318441,0.07246324,7.5846667,4.56907,8.116009,8.184473,-2.7625523,-1.5296842,-4.5063453,172.265625,3030.7245135639305,0.13563485632739938,0.19531071,pop
-28.667849,65.127495,11.6064205,31.989336,-1.738635,-3.6550906,-1.3758008,5.037413,8.377853,0.46597275,-10.839427,-0.4493841,2.8748715,107.666015625,3154.6093717355343,0.16785763956075853,0.15639403,pop
-124.37657,99.72646,12.701735,35.68046,24.083263,21.159184,8.199869,7.3966255,8.051802,1.8828754,0.8878145,4.0881596,3.2398195,107.666015625,1902.1261890658889,0.06210015358939629,0.17024489,pop
-239.54436,93.61746,-0.3250274,-0.23617497,-12.5384245,-16.150349,0.93972087,-19.025928,-7.8063345,-7.195196,-13.022985,-4.795201,-7.955243,123.046875,2243.049864206825,0.09301908983165634,0.056487847,pop
-55.87771,81.18556,-8.587156,21.01154,10.434196,6.2622337,5.9663672,5.1126065,-2.9400265,5.2233667,-6.644583,0.8376696,-1.0548995,99.38401442307692,2655.350096934031,0.12384883538119196,0.16089393,pop
-174.35092,86.65243,58.12495,35.40068,28.30551,11.110911,5.7562895,10.546397,3.859855,10.585917,-0.09966361,5.602997,3.9400904,143.5546875,2052.200312016928,0.04839804445626935,0.16923651,pop
-137.11285,105.15274,-14.53393,19.353014,9.53244,15.253268,1.7159885,12.831886,2.390981,-0.016519364,-8.66636,6.2987494,2.9362996,117.45383522727273,2053.179464631477,0.09427985318304953,0.07573304,pop
-50.728413,67.761925,19.153784,12.226896,5.5891466,4.6369987,7.6810207,3.0282488,7.9712415,3.8313086,3.6145005,1.7969317,2.7702851,103.359375,3233.751460003973,0.140023340750774,0.19520654,pop
-88.96761,54.267105,18.35541,16.36538,6.606009,6.6528955,5.15613,2.3784046,6.013105,2.078524,-0.82906777,-0.7011436,0.6410401,112.34714673913044,3417.725275781095,0.14243904798761609,0.15840475,pop
-52.98577,80.32473,4.377003,21.492964,2.9428356,3.1798186,-5.7392244,7.0752764,-0.33834606,9.937251,-6.699322,-2.9107502,1.1919571,107.666015625,2753.2602626028342,0.12304536329334366,0.14518775,pop
-49.153564,59.830933,31.895523,13.97671,17.961466,9.391251,9.774148,6.744526,6.669157,6.910501,-4.541953,0.033467297,-0.76367724,123.046875,3490.2041652200096,0.13248445965557276,0.20518884,pop
-26.049809,70.643555,2.0243843,9.869861,1.2354774,0.8822012,1.3934371,-7.387677,0.57789576,-3.217771,-6.50748,0.49872744,-1.6050831,92.28515625,3146.403423470372,0.16481381820820434,0.20766167,pop
10.627666,58.329197,-4.5130935,4.2336307,6.0379515,-0.8654035,4.289293,1.4120772,3.6195068,3.4189022,-0.8785215,1.6805342,0.75512785,107.666015625,3446.973556338521,0.17738139149574303,0.23976725,pop
-22.693575,57.232864,0.40532464,13.961194,3.918116,6.7584624,5.2372723,5.374684,4.0741167,3.506478,1.520316,2.1045969,4.3833475,99.38401442307692,3450.69302700467,0.18415761658281735,0.19530322,pop
-50.549427,67.601105,19.163727,12.247829,5.6137066,4.6674914,7.5945616,3.0088775,7.9329877,3.8446987,3.6211576,1.7874048,2.790533,103.359375,3238.301482883972,0.14035667206849844,0.19512103,pop
-51.440613,51.80323,31.452253,12.533875,11.150771,7.9574966,9.72702,-0.022182878,3.762225,4.792114,-1.8040669,0.9829893,-1.7502615,103.359375,3780.6495991913594,0.17544489526896284,0.20404437,pop
-44.34095,62.14321,9.557203,9.9145975,8.334787,5.998167,9.122717,2.536683,8.170899,6.183435,-0.16604066,-1.0294708,-0.3907935,117.45383522727273,3295.9570134059436,0.14405657410990713,0.19903588,pop
-98.6209,80.565186,48.8542,13.986287,12.011902,8.061455,8.634143,-2.6934264,-3.403984,2.831011,-5.067843,-1.7596939,-2.6970282,151.99908088235293,2918.093835878044,0.10463655548568111,0.19420615,pop
-66.54153,102.88862,17.036335,-0.75156784,8.297921,7.860487,2.693674,-3.492353,1.0250578,4.684751,-4.065711,-3.7760248,-0.18283421,75.99954044117646,2342.868467659404,0.08935093363003097,0.20482029,pop
-92.74763,87.78287,18.075457,15.382187,15.96094,9.781684,7.5182676,1.5772432,6.6684904,4.2604575,-1.4488555,-5.2318993,-1.7154182,83.35433467741936,2547.952831223832,0.0870871529121517,0.15629819,pop
-50.073906,75.56826,19.680553,13.868055,9.226896,9.722449,5.798269,4.5955787,2.6145897,0.40743235,0.07034387,0.9048806,-0.42038554,99.38401442307692,2981.7423835144377,0.12212397808630031,0.18332995,pop
-40.16465,71.704216,25.52289,11.982409,14.718903,8.9988785,5.3909464,10.137413,1.4845865,4.8103466,-2.0667713,1.3797438,2.6228583,161.4990234375,3077.0108557868925,0.11238254039280186,0.2273763,pop
-11.3711405,72.46573,-8.034266,-2.281981,-0.11349499,1.0577002,-1.0212691,0.28778332,0.8089898,1.2364842,-0.8576199,-2.035866,1.6034151,95.703125,3052.19936119995,0.15591893624226005,0.207681,pop
-12.1715765,71.35514,-6.931886,-3.3214653,-1.0733587,1.1396339,-0.70161384,-0.04220222,0.7235164,2.0852065,-1.1478823,-2.240791,1.5365435,95.703125,3094.7471499203734,0.1605591198239164,0.20251857,pop
-112.00664,43.18019,22.355465,7.231737,17.490356,1.5678662,2.728566,-0.6051723,3.9707682,1.5088166,2.7279437,2.4279692,3.8697543,95.703125,4257.573582977988,0.22848539086687306,0.10013451,pop
-111.300064,75.483864,-17.965029,6.8157034,-3.2617648,8.442148,0.61975247,-5.0881987,0.86454624,1.2218531,-3.8805766,-5.3454914,-0.8587924,103.359375,2763.174839255739,0.1371556332236842,0.12463454,pop
-72.46527,76.67065,29.28688,0.773223,6.9874,3.5187073,0.27219677,-0.14278713,5.713409,2.0705554,-3.5517688,-4.57576,-2.4591298,95.703125,3199.2935823427943,0.13722063660990713,0.17465274,pop
37.007584,67.95768,-3.594179,-0.31286764,6.965933,2.3080385,2.652518,4.1956987,6.0971813,3.1227803,-0.8659963,-0.12583947,1.5349185,107.666015625,3265.32163295484,0.16730889004450464,0.296838,pop
-40.730724,77.989136,23.794447,17.822968,22.397089,3.3885226,6.8090835,-0.25267586,5.7272086,6.020127,0.68293434,2.571103,3.7951849,99.38401442307692,2909.4579592112595,0.11185571062306501,0.26399148,pop
8.053339,68.8298,-10.414404,9.01741,2.5854867,7.162758,2.7900157,-0.49818313,6.8584113,4.788588,2.4318125,0.5921558,3.467187,103.359375,3061.707357700515,0.160417775251548,0.24401471,pop
-17.22601,59.22217,-2.7977083,12.631098,8.70186,3.4190538,2.3956668,5.607474,5.4214554,2.6984372,3.4544563,2.148898,1.5570413,92.28515625,3269.368607125379,0.14923341355456657,0.22132103,pop
-14.315384,54.132835,37.836185,13.562386,11.983399,1.9275095,16.447338,-1.503435,6.534229,11.850875,0.30832505,5.9775352,0.8880381,83.35433467741936,3934.8663992389074,0.18475020559210525,0.27538612,pop
-45.885544,112.57752,-12.805693,20.036888,16.261932,-5.112712,4.076735,1.9176006,2.9152262,-1.6662201,-4.6945877,3.6413808,2.8909817,129.19921875,2011.7165597869107,0.10474237495162539,0.22279777,pop
-201.8767,103.02762,28.726486,10.674107,8.349086,4.9795074,-8.798654,8.54172,-11.729982,-2.568355,5.272256,-10.496912,-4.903549,107.666015625,1999.8460880213377,0.06936919504643962,0.08820894,pop
-39.49171,67.49882,11.355887,24.791609,15.039321,1.8835242,11.070181,3.2178483,4.0038085,4.1622705,-2.6857224,1.7659156,-1.3443911,92.28515625,3018.85268993895,0.142015770123839,0.22052073,pop
-59.584282,68.79086,13.596476,39.786736,9.193944,21.760769,11.531748,12.719102,2.5568497,9.703159,4.6958547,2.5479722,2.7459464,135.99917763157896,2614.6498112327918,0.0944680606617647,0.25611705,pop
-54.51295,53.83352,-0.80453616,19.945148,10.363015,5.1151094,15.049252,-0.94943094,6.5842896,6.888027,1.3160326,0.17845395,1.8309927,117.45383522727273,3197.00186460051,0.13879961421246131,0.21547607,pop
-71.65955,86.97985,19.100601,5.947653,12.350466,-0.62163997,12.235974,-1.3117795,1.4479235,1.1714315,-5.4558024,-1.8400804,-1.1249796,89.10290948275862,2777.047584281914,0.11966443135642414,0.2048576,pop
-72.329384,87.5217,19.394554,5.524526,12.436653,-0.7999084,12.653458,-1.263136,1.5997314,1.2038435,-5.9117985,-1.785626,-1.1726142,89.10290948275862,2758.8326103904956,0.11647850957817338,0.20627198,pop
-47.906242,80.899185,13.87331,3.0651789,9.217154,8.478588,12.317327,-1.2731398,9.798476,2.7301466,3.91242,-1.8650929,2.4567385,107.666015625,2910.245291802953,0.11476121081656347,0.21855593,pop
-53.968346,48.788147,13.284402,1.3789185,13.327759,8.493554,14.022921,1.4545618,9.021096,6.2276154,-0.7042642,2.7620928,7.971309,129.19921875,4043.267481956249,0.21379009046052633,0.15470918,pop
-176.05734,107.15083,36.92563,17.362926,12.140699,-4.8521156,9.703794,-0.8746644,-0.40583637,2.374402,-10.152907,-3.3376102,0.068977475,117.45383522727273,1990.7826871180737,0.05443050986842105,0.1423331,pop
-72.73902,68.267334,24.148607,26.0374,13.544199,2.0739152,16.972431,-0.23263606,3.3767173,3.90651,2.2972252,5.929197,1.41697,143.5546875,3011.9999764522913,0.113468701625387,0.21129936,pop
-12.780893,43.934097,12.469888,10.652418,13.4152775,6.890572,11.877798,-1.2601521,9.929883,2.6960998,7.2546206,-1.1519477,2.723632,112.34714673913044,4156.406708961104,0.23511573626160992,0.2139311,pop
-45.036686,33.5042,9.01457,15.699554,14.732969,10.782498,24.192223,8.86326,15.346621,16.379017,0.5510257,2.4610913,-1.4724638,103.359375,3694.3423880471664,0.16582892922794118,0.31897318,pop
-170.48244,51.196354,-33.269295,-18.801851,-15.523129,-26.25601,2.7861385,-24.119913,-10.653355,-6.6965084,-27.17821,-13.232721,-13.984173,161.4990234375,2701.2777862659987,0.11252464081849846,0.16402307,pop
-49.762135,55.944576,25.321808,19.698164,8.027243,-1.5104425,9.976532,-0.0021099646,8.047035,6.766981,-0.59588253,2.208524,-2.3412662,129.19921875,3472.5469879471034,0.14034231085526316,0.26674762,pop
-56.877296,37.76026,14.282157,-6.376337,3.161843,5.9475794,4.8680196,5.623432,7.8252983,6.2794576,2.252526,5.450965,1.2191632,103.359375,3904.900402228753,0.15593480916215172,0.24414426,pop
-74.428474,37.678104,19.975092,26.0498,19.721079,4.728595,14.13297,3.7157938,7.2796535,5.800382,5.264233,5.2094297,3.78638,89.10290948275862,3705.72113215435,0.14879123935758515,0.24845164,pop
-44.813793,31.868912,9.8858795,17.352533,14.303783,11.469462,23.556705,8.898462,16.12304,15.294552,1.326676,1.7112811,-0.9722852,103.359375,3702.245519201541,0.1637956837751548,0.3271658,pop
-77.89979,63.6763,-16.050295,14.670439,-0.065290466,0.80780125,4.833136,-1.5018433,-0.77279854,1.193341,-6.1723065,-4.575876,-2.0206585,78.30255681818181,2953.737799260572,0.15214420472136223,0.17154065,pop
-72.19905,34.118214,19.694408,27.38407,18.460775,5.4785295,14.084054,3.6419315,7.3679547,5.707812,5.233467,5.207792,3.9679782,89.10290948275862,3754.202568098049,0.14850401509287925,0.24975279,pop
-49.762135,55.944576,25.321808,19.698164,8.027243,-1.5104425,9.976532,-0.0021099646,8.047035,6.766981,-0.59588253,2.208524,-2.3412662,129.19921875,3472.5469879471034,0.14034231085526316,0.26674762,pop
-66.14762,65.36928,6.129013,31.937004,16.040316,-7.025764,15.189879,-0.9489877,8.480364,7.388622,-7.435854,-4.3258753,-3.2568865,95.703125,2968.126059553872,0.11160401146478328,0.222295,pop
-8.891481,65.98561,4.7466607,27.564144,1.4851061,12.063214,-0.9732396,4.974248,1.6779191,13.823705,-9.659532,0.78081375,-6.972044,161.4990234375,2526.8542632859217,0.10139092129450464,0.39386705,pop
-127.216354,118.83195,0.9214814,12.003105,6.9953475,-0.15649754,-5.0885186,5.567086,4.521148,4.724099,-0.67632234,1.4573271,-3.489066,123.046875,1792.4703949715397,0.07052489478521672,0.12341266,pop
-89.52207,36.677258,-14.96147,1.7927424,-5.528006,-0.25787768,2.044696,4.4346037,-9.366719,10.113786,-7.1425962,-7.954706,-4.2696095,129.19921875,3619.75298988663,0.21478328173374614,0.14767864,pop
-111.833275,80.021996,0.16455409,17.637316,0.30836254,4.181691,-8.430989,-4.030908,1.4862113,1.6453706,-8.495618,-6.0987077,1.0760347,117.45383522727273,2579.155195106248,0.10361010666602168,0.12815033,pop
-82.24121,81.55938,43.006477,18.444715,15.965516,13.157917,15.146356,3.5492551,7.3803787,11.124115,-0.8165314,2.222414,4.7164793,80.74951171875,2664.861696269609,0.0923191696497678,0.22944568,pop
-54.509445,38.0968,13.086539,17.904228,15.630974,5.6922197,6.3507257,3.0129354,-1.1338189,2.7094214,-4.321811,0.26906338,-1.4751418,112.34714673913044,3864.8268095956446,0.19152794238583593,0.18503594,pop
-27.037134,52.129436,-4.08338,13.932596,-0.32256022,0.39461306,4.9949613,-3.6259592,-1.2635556,2.6485996,-6.852052,-5.7572155,-3.3837504,129.19921875,3250.0555081424186,0.15506482198142416,0.25555223,pop
-30.21104,88.361755,-5.75048,32.832623,8.204287,8.434019,0.98807055,6.8210607,3.4199936,2.2959177,1.5635306,3.733357,1.9626458,103.359375,2329.03343973636,0.09614076407701239,0.21841955,pop
-68.87565,53.739338,12.870211,14.76034,-0.43262702,-4.437279,0.06151191,0.22578704,-5.0135245,-2.9016626,-3.5673614,-3.7116673,1.7233816,123.046875,3333.4968700440427,0.14308454672987617,0.17268682,pop
-54.509445,38.0968,13.086539,17.904228,15.630974,5.6922197,6.3507257,3.0129354,-1.1338189,2.7094214,-4.321811,0.26906338,-1.4751418,112.34714673913044,3864.8268095956446,0.19152794238583593,0.18503594,pop
2.5548036,88.957535,-17.388515,7.521572,-2.7079275,-0.52046716,-0.82321405,0.8594454,-2.4076707,-0.5827082,-5.6270213,-3.541762,-1.6115069,117.45383522727273,2578.3277554821066,0.13288506191950464,0.22844179,pop
-9.646404,52.548042,20.749125,11.771286,8.896983,6.7141395,11.368844,5.111224,1.0006241,4.898149,-3.7161775,0.64255595,-2.8306751,129.19921875,3745.0196557831287,0.171630859375,0.2523789,pop
-100.952614,52.785973,34.27674,13.45199,12.349726,-8.360846,1.9231014,-7.518798,1.7563771,4.964863,-2.8167913,1.3645083,-4.747189,83.35433467741936,3624.1391838644954,0.14045720056114552,0.19778688,pop
-68.15326,38.941715,26.652948,37.249252,13.767817,1.9675305,15.271112,4.2304206,2.675672,10.307195,-3.038835,4.4381304,-1.8295636,92.28515625,3681.6559431291294,0.16048126693111456,0.19176552,pop
-28.607344,49.696712,21.672152,21.706488,18.103231,9.716072,13.263122,3.8753939,7.259554,10.001835,5.2802544,1.6408039,1.8611238,54.978390957446805,3591.325462469612,0.14403011924342105,0.25712946,pop
-30.568808,41.23788,17.656012,14.416229,13.518645,7.9629874,18.698366,2.9896631,4.906971,6.5728817,-1.380776,3.5165071,3.4982781,112.34714673913044,3968.5297564368007,0.20674856085526316,0.24193348,pop
-42.653328,62.22089,-1.8803431,22.429874,6.112201,-3.7554305,9.719324,-4.246474,1.8022164,6.451416,-6.1864743,2.8223994,-1.4932566,103.359375,3080.366863660145,0.14830069054760062,0.21637431,pop
-290.0274,109.0946,4.5480814,31.34941,12.344799,6.132034,2.7844427,0.8263924,-3.0937629,1.7739707,-5.9033566,-1.6923819,-4.3547225,112.34714673913044,1815.699070576869,0.057085066756965945,0.034474585,pop
-48.680153,80.916176,14.043346,3.1847744,9.257956,8.524293,12.239575,-1.2168847,9.781308,2.7483974,3.9181721,-1.7274878,2.4505184,112.34714673913044,2907.23158733861,0.11423362519349846,0.21802925,pop
-145.06146,101.196686,15.149795,15.680604,1.4510643,-2.5901957,-3.0540197,-1.5323954,-7.053109,-3.3851047,2.1930063,-7.3072557,-3.3900032,73.828125,2209.157783842775,0.08333812040441177,0.09132965,pop
-60.50308,61.8073,29.993717,23.107164,15.641795,7.809333,8.532411,7.0871463,7.365689,2.9863162,1.1029516,2.856251,1.9750124,129.19921875,3230.42870674465,0.10660555340557276,0.20846283,pop
-103.32048,84.554825,33.37119,28.756737,9.888695,6.763735,6.5717063,-1.6725771,6.6527934,7.0391273,0.45341724,3.1916044,1.7733523,123.046875,2524.425313586065,0.08109550357972137,0.1468452,pop
-109.63244,62.746742,13.835403,19.376213,14.123373,-3.3545897,6.4361243,-8.139833,1.3262497,-1.2366407,-1.0052238,0.201964,1.4591206,99.38401442307692,3153.490249228736,0.12439002636416409,0.17880292,pop
-60.768806,71.298996,-8.090743,25.285877,12.854772,1.5781214,9.662286,1.4735868,12.100137,2.6606374,0.14333774,4.2407646,3.2700028,117.45383522727273,2711.1623447500924,0.12959105311532507,0.19930775,pop
-46.925877,55.169975,13.000318,9.604795,-2.8969624,2.8633187,4.3446774,-0.2575763,3.82936,3.6976223,-2.566862,3.5145898,-2.6995914,129.19921875,3643.1204614385433,0.1852974434017028,0.13633907,pop
-52.33205,52.792328,32.151127,22.246641,16.09008,1.698962,6.543418,3.0185978,3.6395102,0.89726883,-0.8256248,-3.439745,-7.998265,103.359375,3683.001220241848,0.15411773776122292,0.18905562,pop
-32.254147,61.01977,18.554544,16.889536,6.9058056,3.4770772,13.242178,1.2894399,7.455383,1.8713906,-3.8708897,-1.2102354,-4.5896335,99.38401442307692,3425.3256667809064,0.16117665199303405,0.24341378,pop
-47.591206,55.32327,19.845924,24.105099,1.8480729,2.1767688,7.94971,-1.3424593,2.5804906,1.7466928,-2.2083733,1.2652025,-4.520025,99.38401442307692,3384.7861860731628,0.16143137456462847,0.2232708,pop
-50.16959,52.0454,31.69803,22.611385,15.642956,1.84549,6.2227736,2.8176172,4.1085157,0.6108009,-0.90546054,-4.096613,-8.314964,103.359375,3696.5222285520904,0.15490684863583593,0.1921708,pop
-17.998539,40.346287,10.945085,18.448236,16.702,10.945183,7.158336,-1.2974701,5.725958,3.2754765,-0.931672,-0.43904838,-2.1793747,117.45383522727273,3700.765817996664,0.15802927873452013,0.25940868,pop
2.846987,54.33541,10.332208,15.669118,4.4729,13.140819,1.6109571,6.481077,6.543289,5.967,1.080992,8.191895,4.176469,107.666015625,3473.0354148064034,0.16129985608552633,0.2483298,pop
-18.663862,53.062115,20.906063,22.435034,10.285333,14.633942,3.3641927,3.609289,0.8614883,1.9630544,-5.015669,-4.227757,-4.179193,135.99917763157896,3388.6207221056084,0.13656757933436534,0.24810678,pop
-47.30969,94.60351,-2.112547,19.419577,13.649063,2.452966,12.385121,0.14756718,9.032813,-1.5016264,-5.521551,-0.6883145,-2.7500076,99.38401442307692,2510.7899521782697,0.11017696038119196,0.21228991,pop
-47.451393,71.6015,42.55436,23.147463,14.459376,0.74056214,11.475475,-1.327931,6.7831073,2.8225784,-4.285114,-1.3292587,-5.126652,103.359375,3053.329567358417,0.10303490228328173,0.29409796,pop
-51.402542,54.189327,28.870514,22.030397,11.704287,5.8886666,12.642537,6.8585224,14.31862,4.6264653,-0.55278254,-3.054627,-7.741363,92.28515625,3327.6102208740267,0.11292524308243033,0.2589263,pop
-126.13321,53.969704,45.212097,19.499523,18.723417,6.420646,10.519981,1.8947119,0.97035503,8.090893,-4.687138,1.370362,-0.047661845,99.38401442307692,3408.535970322045,0.11514896357391641,0.20069243,pop
-41.35293,35.93168,12.123212,13.367414,8.036201,12.677842,6.3271065,2.60863,2.1593156,8.696061,-1.5284182,2.050556,2.5457456,112.34714673913044,3863.161187590686,0.19861482319078946,0.1968142,pop
-112.136765,85.952705,32.62043,9.345639,18.200708,-1.1791922,8.208278,-8.73859,2.2165103,7.3318996,-8.632556,0.084475964,-4.5039525,161.4990234375,2846.2698249524046,0.10501297044311146,0.13717039,pop
-170.43822,107.27068,-7.6611648,35.049522,-4.2271423,28.38004,-21.017563,24.393234,-15.007235,18.454601,-6.490285,9.351376,-10.741672,123.046875,2072.012709719699,0.09417932469040248,0.09030335,reggae
-206.5388,127.46955,2.4666517,29.34175,-11.150934,24.924175,-7.9017677,8.324812,-13.78749,12.613775,-9.711861,1.8814139,-14.284905,151.99908088235293,1615.6200462274703,0.06038965750773994,0.07700929,reggae
-202.63402,110.03069,5.3940663,47.27582,-5.952674,21.196638,-9.666407,16.284294,-13.272727,7.3887234,-10.21072,7.1741605,-11.039105,103.359375,1793.5976426188938,0.07425427510642414,0.08675092,reggae
-210.48145,105.575516,-12.331375,27.449915,16.069883,32.989685,-8.791099,17.314814,-3.4397411,16.17602,-11.801148,11.739938,-5.763678,151.99908088235293,1883.9287635872922,0.0831438660990712,0.0902355,reggae
-165.39719,100.966805,-13.986155,30.788385,-10.156018,25.473375,-11.661429,18.959517,-10.678351,12.803782,-9.0016165,13.197305,-7.169625,123.046875,2118.7375282980306,0.08938192361648607,0.10231604,reggae
-185.60089,117.084656,-19.560469,40.042496,-5.5269547,28.303602,-9.11413,18.11974,-11.297085,11.876792,-10.712394,10.01626,-4.619897,151.99908088235293,1801.5495142503112,0.07069118251741487,0.095075674,reggae
-199.98544,137.19261,-11.768101,36.048412,6.736718,25.606405,-4.841519,17.869875,-8.168607,4.813236,-4.541057,8.210987,-6.7782645,75.99954044117646,1431.6364765682208,0.061398721700851394,0.11149026,reggae
-194.30457,115.66731,-10.379024,31.841368,0.810195,21.264805,-16.020977,19.604568,-12.0273075,12.120997,-7.8614235,3.5617661,-2.7989104,151.99908088235293,1772.0222799094718,0.07689825004837461,0.09010766,reggae
-215.8431,125.96439,-3.091055,39.1987,-2.8734074,26.749054,-6.6964273,11.2492075,-2.869884,14.541031,-3.5219984,6.6506824,-5.131474,95.703125,1549.6225161632656,0.06136773171439629,0.09761805,reggae
-231.77388,134.522,1.2367939,16.872293,10.2869005,24.218544,-10.268266,17.99534,-15.8192,16.258242,-8.110011,8.912681,-3.4937673,161.4990234375,1562.9272281857561,0.05820524138931889,0.08925613,reggae
-227.86078,87.57848,-25.998549,52.4598,-10.894777,25.065033,-19.482449,1.2733024,-8.723993,0.48929375,-15.732076,-4.1503844,-9.696171,112.34714673913044,2142.14587597563,0.10321630708204334,0.066373974,reggae
-200.25644,105.234726,-10.898351,28.884663,-5.215896,19.744144,-3.3669465,26.122044,-12.879771,18.658659,-6.4338665,14.358976,-3.42928,123.046875,1920.4219520756824,0.0666473672116873,0.07962829,reggae
-179.43475,99.568474,-14.904442,31.710907,2.7332633,32.221745,-8.156044,23.861689,-8.228234,17.988781,-6.496025,14.519552,-7.2161164,129.19921875,2220.013871042265,0.10692150009674922,0.08409671,reggae
-194.71759,121.77456,-1.770086,29.561832,7.5171313,28.287998,-11.625488,11.646281,-8.829908,11.579011,-8.016803,7.979297,-11.017834,123.046875,1663.9544037672592,0.07273500991679567,0.1174629,reggae
-206.90948,108.04514,2.1700199,35.40014,14.944162,24.993244,-5.064538,18.792288,-6.340581,10.191106,-0.57453567,9.679852,-4.6764345,129.19921875,1668.9497368351924,0.0618726417376161,0.11496987,reggae
-152.13521,109.11741,8.104069,41.521168,3.6779215,26.480034,-14.313463,22.204573,-16.285906,14.281098,-11.965954,11.246324,-11.237084,129.19921875,1966.6300811847893,0.07109254063467492,0.13346347,reggae
-69.543274,99.5295,-17.26871,45.419952,-11.6005335,30.815672,-8.528126,22.944977,-17.389404,16.681185,-9.441205,11.639137,-8.085343,143.5546875,2172.1929133594886,0.0846971446884675,0.18435572,reggae
-151.49014,107.68946,-16.509016,40.359455,0.855942,31.163834,-10.87809,19.041233,-10.267237,11.469625,-6.381328,9.462481,-7.852167,129.19921875,1836.6592734957899,0.07662992211687307,0.14111654,reggae
-170.1581,106.80882,-1.593809,49.155876,2.1192043,25.000818,-12.00346,16.652815,-11.099942,9.571011,-8.726081,6.411364,-5.979275,151.99908088235293,1919.974590192579,0.08059815208978328,0.10479668,reggae
-183.76485,103.33834,4.159491,38.881916,8.25357,30.95315,-3.4996724,19.649769,-3.0728638,16.684435,-6.4519157,13.589947,-1.3345011,143.5546875,1838.780971312824,0.07572440982972137,0.13550228,reggae
-179.07402,111.88891,3.5579329,36.405876,3.2474327,35.402992,-10.855566,16.378819,-8.462852,13.815853,-3.1272125,14.666406,-6.802807,129.19921875,1655.9401865492405,0.05265425454721362,0.13987522,reggae
-97.34231,110.94703,-23.561491,42.9255,-7.1927643,22.090103,-13.787352,16.325815,-7.0296493,15.443974,-9.770066,10.180502,-13.294888,151.99908088235293,1949.521250566138,0.08516275033862229,0.14879891,reggae
-90.00187,98.208984,-23.73946,47.675846,-7.4769497,30.33513,-9.192786,26.201075,-10.0467825,20.368036,-7.761672,13.205897,-7.477313,151.99908088235293,2071.858607746724,0.07193153782894737,0.18280709,reggae
-186.74084,59.444942,-12.100158,59.839783,15.907596,31.604635,-11.416848,23.135618,-16.398712,17.015635,-13.962736,12.510711,-10.083135,129.19921875,2723.2561641662705,0.15290988414280185,0.08470923,reggae
-162.13857,115.0182,-10.08749,44.030506,-0.85400146,25.36414,-16.100721,12.480639,-13.558512,6.7362237,-8.615777,11.416501,-6.945979,135.99917763157896,1753.6820076315228,0.06696331390286378,0.12885411,reggae
-183.19954,107.61557,-11.417843,39.24629,0.942123,25.973877,-4.7362065,18.33352,-3.0306356,13.401168,-2.8166924,8.554917,-7.29577,123.046875,1758.853377255778,0.07647119291795666,0.1225744,reggae
-169.94682,99.63827,-11.110985,50.75502,-0.5689496,31.182348,-7.402238,16.919989,-2.7074375,13.240839,-4.1334877,13.161278,-4.107879,135.99917763157896,1851.3239140406852,0.07552939967105263,0.13325492,reggae
-173.77255,89.22409,5.217249,40.960255,-0.2278517,23.057928,-10.611433,11.992885,-9.624122,18.019567,-6.378578,6.4041157,-10.514046,135.99917763157896,2107.9415308410403,0.08660265092879257,0.1260124,reggae
-240.38013,110.223236,-9.59546,55.430088,5.7491007,26.883326,4.30052,15.505643,-2.393688,14.646977,-4.0783978,10.998825,-3.1324363,151.99908088235293,1602.2291159292033,0.06573278468459752,0.07485377,reggae
-205.17604,112.72189,6.1322675,48.623966,2.4749453,30.104912,-3.5685472,24.03015,-4.6586003,11.050448,-4.6518283,9.96088,-3.853121,151.99908088235293,1557.5111941692385,0.04237313757739938,0.100982964,reggae
-244.5325,93.34873,21.894464,56.325466,4.0113506,31.878613,-0.9024111,17.199173,-7.653272,16.81508,1.9938097,16.308872,3.9087715,75.99954044117646,1867.2169189663632,0.07312805364744582,0.08078507,reggae
-230.689,101.46447,6.402401,44.429333,10.913997,37.265137,9.427175,23.134727,-3.3309855,14.739694,-4.211146,10.687624,0.56778586,161.4990234375,1577.8991523825584,0.05473436290634675,0.09252258,reggae
-246.52744,120.64662,-11.616869,36.73844,9.224382,27.868837,4.187492,19.894815,0.596179,11.173745,-2.0562093,8.818419,-3.287417,151.99908088235293,1498.062562403325,0.06256197997291021,0.07043988,reggae
-250.15277,110.58519,8.880005,41.30886,-3.3383472,34.34058,-0.30203435,21.871702,-10.784975,9.961873,-3.7747526,8.554243,-1.8462363,89.10290948275862,1628.3862020852673,0.06083561097136223,0.07253244,reggae
-246.44928,131.80754,0.7459986,39.570786,2.321549,19.403824,9.892147,20.136671,0.0152079575,11.28537,-0.7999623,11.025903,3.1189935,184.5703125,1306.2802172366557,0.045611213235294115,0.08098623,reggae
-230.21436,115.854515,-3.9203222,37.35816,-3.8914123,24.919502,1.7592229,17.513609,-0.8236967,11.8090725,-2.697573,5.5928364,-5.993844,161.4990234375,1665.7575210456598,0.05853781685371517,0.072238185,reggae
-246.92105,83.8921,1.5937365,43.997326,1.7837389,35.465755,11.800754,20.510359,-6.3574266,10.401475,-4.1452827,8.467499,1.3048823,86.1328125,1925.5263121621617,0.06087264778444272,0.077711314,reggae
-229.78758,100.8291,-9.485018,46.66672,0.46223673,27.314423,6.9270887,24.419287,3.4703577,12.124549,-0.475917,11.576454,2.114084,151.99908088235293,1778.671501268995,0.0696707805243808,0.08547542,reggae
-237.91953,112.89249,-5.6178617,33.60622,-8.486505,17.441118,-5.4045296,13.406637,-3.406979,15.576613,-3.9040442,6.006038,-5.6315117,95.703125,1636.3368375104867,0.0606292630127709,0.0780308,reggae
-278.59146,104.93593,45.200924,39.372047,14.520063,25.523262,-6.8327956,23.271032,1.1619601,25.763836,8.244084,21.899784,2.488448,151.99908088235293,1308.3712370134854,0.025928792569659444,0.11456991,reggae
-269.10498,104.68194,-34.743668,37.289032,-17.59479,5.2733197,-19.889463,-4.7295313,-25.179707,-7.9278536,-19.090511,1.1004354,-15.052796,92.28515625,1991.5161218728813,0.10073484060565016,0.044359233,reggae
-170.7368,90.13552,8.36937,64.94544,-2.5705106,15.080677,7.995147,15.908143,-0.009396674,1.7677218,3.2134817,0.046606954,4.019968,143.5546875,1964.3535229179388,0.06636770148026316,0.12229805,reggae
-174.27898,73.417435,-21.833588,18.528952,26.149714,14.88853,6.5267057,5.2653913,4.129956,4.2903557,1.7590629,2.8119085,-0.1505074,123.046875,2618.0282680537302,0.10849972184597523,0.072193146,reggae
-166.48244,143.5356,-40.789944,41.90404,18.140701,-4.8799214,7.9177947,5.792359,1.0212309,-10.668614,-2.1766434,-0.27476847,-3.6818538,151.99908088235293,1465.4075776591512,0.07362994025735294,0.11000505,reggae
-103.11988,83.847694,17.087349,28.943983,12.034105,8.631151,5.4927897,5.1489143,2.747548,1.9696381,2.0532756,0.21674816,2.5754898,172.265625,2447.689665074864,0.08965176325464397,0.1494044,reggae
-128.35718,18.350641,28.611485,37.29449,9.222753,12.494888,3.3532474,4.644127,4.557493,2.026569,1.808513,2.536196,1.9045172,161.4990234375,4278.623975889461,0.21983767293924147,0.087352045,reggae
-168.86595,79.19069,18.73565,43.836597,7.918612,17.252739,-5.6202593,-0.11134357,-0.62040704,-1.8812333,-0.17198998,-1.1801443,-3.307211,172.265625,2318.3142406417683,0.0795815293633901,0.09798818,reggae
-137.0614,62.822186,-11.564287,54.92334,7.137946,3.9086366,-6.620641,2.7844756,-6.782468,-3.982703,-3.7456615,-5.424032,-6.5059533,143.5546875,2555.2113662247048,0.11556543875773993,0.113128476,reggae
-126.852844,66.59018,6.155035,50.066135,8.428388,26.082987,-4.0344996,12.408661,-3.0073707,6.4437714,-3.5619059,7.003565,-1.4051422,172.265625,2657.491309722098,0.10996229803599071,0.11651855,reggae
-124.71778,89.19451,25.258408,33.29108,7.6553392,-2.68816,7.002242,2.199517,-3.025097,-3.4231765,-0.97822917,-5.51886,-6.3048944,95.703125,2295.2480359169194,0.0769640092879257,0.13403413,reggae
-106.75194,65.692276,-2.713703,23.973389,8.402569,8.360405,2.032072,5.582463,1.3700503,2.6409984,3.5575438,4.7215824,4.7911177,95.703125,2966.798642557942,0.12739529919698142,0.13285,reggae
-152.10248,-5.4940166,22.255333,31.463331,2.7277844,28.731005,15.939357,12.239757,7.6268563,5.8271236,9.496639,11.042551,1.8889844,86.1328125,4368.0267387608,0.2888720249613003,0.1150111,reggae
-86.43121,61.694157,35.383617,19.106718,18.635208,6.741388,9.351226,13.137282,0.8974209,-0.5174848,7.181708,3.7845757,5.276617,99.38401442307692,3296.1217395363624,0.13213223200464397,0.190503,reggae
-246.34781,103.74758,-5.1386065,34.56136,15.619125,7.1325865,9.950788,5.7860417,0.51714534,8.149471,1.1928184,10.52048,-1.2766755,75.99954044117646,2015.1321882243926,0.09190647373258513,0.063581906,reggae
-191.51143,84.952896,7.8194532,9.650616,31.360495,19.121511,4.9673657,7.0368447,7.835926,8.114087,-2.9258368,5.6663165,0.81115544,151.99908088235293,2508.576281707978,0.10028284031540248,0.09301423,reggae
-145.19038,84.189255,37.930744,29.578539,10.640794,13.40697,1.0149701,2.3001807,1.1126366,-1.814252,2.2760015,2.6897058,3.9974945,129.19921875,2451.5670399569117,0.07418020148026316,0.112267435,reggae
-169.32239,97.79009,1.0203811,20.870901,12.028641,12.790157,6.145671,6.580388,1.3896277,3.3574624,-1.0159097,3.5983937,2.2324646,161.4990234375,2183.7786895930335,0.0813245271381579,0.09561544,reggae
-198.42932,106.208374,16.896627,20.279562,14.464185,12.687922,6.7174973,2.0095532,7.0158863,7.1713557,4.1512113,1.6587905,1.1433525,95.703125,1981.6694157540837,0.06851356907894737,0.10093967,reggae
-161.25989,81.39955,12.800451,12.023049,19.184801,8.178956,-0.52713156,-0.5653921,0.6706619,0.92380226,-0.31758708,0.7821935,-5.198947,123.046875,2734.4096900815284,0.11821999564628483,0.09481907,reggae
-97.85136,79.28611,-0.8522663,17.739918,6.5087156,8.853052,-1.654138,3.2569788,-3.2950175,-0.16708969,-2.1722443,-3.5661387,2.3595147,151.99908088235293,2674.7318750509858,0.11968635110294118,0.12508686,reggae
-295.17163,77.31908,-17.699152,40.40899,-0.57455784,17.786549,-8.825136,-4.1073055,1.2416402,-2.1820192,-7.1216826,-4.2866764,-2.456322,112.34714673913044,2375.0546971516233,0.12011491994001548,0.028068613,reggae
-72.731064,67.35721,11.817865,29.27897,10.407497,-0.23673156,0.08531241,1.1445744,-2.6339636,1.7209666,3.6386104,-0.53356016,0.819242,92.28515625,2955.491901138885,0.11931220370549536,0.18553717,reggae
-259.3712,84.70454,9.693733,36.295162,28.420877,10.610261,14.152698,13.719298,5.050358,5.401955,8.575699,6.4694,2.5468128,151.99908088235293,2073.389621426971,0.05905859979682663,0.057630096,reggae
-162.52934,108.604996,-24.178562,37.824497,5.267452,-0.07292171,7.1305723,2.7398112,-2.969128,0.36113858,1.6552564,0.6649215,6.0854053,184.5703125,1958.1815733812064,0.09181350377321981,0.099760756,reggae
-73.55951,51.62993,18.053907,20.224087,27.205519,15.448832,1.8426653,10.626357,7.1429076,-0.7582269,2.8868253,6.604036,1.7554522,172.265625,3137.456220519567,0.10127603158862229,0.27231666,reggae
-68.61968,99.983795,-20.268745,27.835213,13.912303,5.012401,8.981859,10.377629,-1.0673486,8.270552,11.772765,7.5753965,3.7055612,89.10290948275862,2055.8099046364514,0.08222626015866873,0.29350904,reggae
-150.02783,124.065834,-21.344118,36.6154,4.5592537,15.658359,-0.0049449815,16.852295,2.1046813,5.029697,1.0372845,3.909702,4.601427,80.74951171875,1597.3312731327437,0.0661878083881579,0.12646963,reggae
-132.92484,117.83569,-3.9264226,24.425873,27.737522,0.8722381,13.002425,2.4800608,4.1407657,0.19388498,0.34007782,5.4924297,-0.16636135,83.35433467741936,1691.6502187477026,0.058200706269349846,0.14323507,reggae
-194.5946,81.879265,-5.2403755,33.141212,4.27893,24.09096,6.0806704,14.301271,9.961927,11.68875,7.528086,7.971901,0.30542213,135.99917763157896,2101.1575569067136,0.07705849095394737,0.09550579,reggae
-132.64847,84.66902,19.357782,33.430412,2.2675238,3.2431188,0.9078008,21.521255,-6.9628696,-0.38830018,17.01285,-12.099364,12.15006,143.5546875,2464.3334095361915,0.0881430800116099,0.13265061,reggae
-159.19615,78.00083,-6.342797,29.324648,0.17573088,15.043841,6.6725636,3.210163,-0.90838057,11.262733,4.819271,1.9396644,4.229265,172.265625,2104.16918327106,0.05700192289086687,0.1431356,reggae
-148.24599,43.778347,21.516674,45.251026,23.885485,13.589838,4.2896867,14.533862,-1.3562347,6.227887,6.600078,0.6324368,2.8119957,143.5546875,3069.9132721645674,0.12225549656540248,0.14954636,reggae
-89.680664,68.0675,-0.7456155,3.4557214,9.123988,-3.6973155,-4.211769,0.73418176,-7.0073166,1.4317306,2.1419938,-4.0354805,-4.450441,112.34714673913044,3104.0869419295045,0.14053354174729102,0.14182349,reggae
-111.78094,84.99001,24.050468,33.86422,14.127274,18.31725,2.6202934,7.4200163,5.0788083,8.746094,5.7048044,10.626036,6.068899,83.35433467741936,2214.444021753351,0.05097777186532508,0.18723702,reggae
-111.74552,85.34208,23.899336,33.77426,14.026331,18.206314,2.6938107,7.4370766,5.1403136,8.689543,5.6332383,10.545549,6.07262,172.265625,2205.198275330936,0.050901430679179564,0.1872347,reggae
-59.867634,84.92178,-26.43978,16.727694,-4.489062,5.806463,1.680635,9.901517,-4.4674025,1.624804,3.392901,-1.5437812,11.449974,143.5546875,2515.472551668274,0.1359576056985294,0.1793815,reggae
-116.92572,79.131454,20.82872,37.730797,4.5190787,10.530183,-0.23883066,7.056992,8.071025,10.722294,2.4025383,-2.2214713,-2.1980588,161.4990234375,2353.069213156862,0.08184984520123839,0.2142349,reggae
-158.44836,109.36271,-5.092454,49.059357,13.132541,13.695413,10.036092,3.859382,6.2647896,1.8159733,-1.3961712,-0.31723514,-0.97562045,151.99908088235293,1700.1054532590715,0.05642596265479876,0.11684783,reggae
-166.92563,78.87726,-5.013319,52.274666,13.949141,24.407864,4.6481614,7.5968246,6.805392,11.370213,-2.9655583,2.7014666,1.4495016,161.4990234375,2335.637604190265,0.09631687790247678,0.0968199,reggae
-156.15938,58.26577,-31.006615,38.09765,-9.666729,29.660069,6.152773,5.610744,5.577789,2.470616,0.8953825,1.6722839,0.5867592,151.99908088235293,2958.0905729481065,0.18155370186726005,0.08267696,reggae
-111.79778,68.98905,8.065083,32.30598,0.98133373,8.601126,15.664111,14.9974985,2.9022198,16.16262,7.061438,4.6032033,9.882285,99.38401442307692,2463.461124279689,0.08960112108165634,0.19955845,reggae
-125.14863,67.856384,7.947493,31.66959,0.044287525,9.454407,15.147993,15.597981,2.182499,16.439238,6.2892985,4.480774,9.322007,99.38401442307692,2530.9716713746266,0.09827680558243033,0.17713763,reggae
-125.14863,67.856384,7.947493,31.66959,0.044287525,9.454407,15.147993,15.597981,2.182499,16.439238,6.2892985,4.480774,9.322007,99.38401442307692,2530.9716713746266,0.09827680558243033,0.17713763,reggae
-277.92923,145.34871,20.477402,36.91485,-8.916494,11.130846,10.763393,-3.7096708,-2.5084305,5.2542667,4.5866456,-2.6773796,-5.0590463,112.34714673913044,1282.5173796207378,0.06771841137770898,0.06081367,reggae
-156.02591,115.13984,1.666575,44.0496,-4.1147943,14.923435,3.5842059,-0.55275714,-4.716459,3.1450958,-2.093077,-5.726771,0.8964587,198.76802884615384,1704.040039685898,0.07088619267608359,0.111379355,reggae
-162.18478,115.79371,-56.06835,63.61941,0.21012212,0.9568599,14.726118,-4.185526,1.1592072,4.662796,-3.7262466,7.782449,0.3225671,172.265625,1898.5109361034454,0.1067348043246904,0.12283559,reggae
104.908936,2.6181455,3.2931986,0.46004593,0.6815787,0.7865597,-1.954686,1.4945111,3.3400414,-1.0748913,-0.85377675,-1.1828861,2.8562527,129.19921875,5414.043008874513,0.322396387625774,0.41539687,reggae
-100.30391,49.998825,29.41244,16.502153,-1.3944898,2.4742217,-3.103744,-8.021595,-1.851151,-0.038581967,-1.5845685,-0.7294759,-0.021920975,83.35433467741936,3336.0659423362804,0.12613377999226005,0.20594086,reggae
-79.53272,45.468647,11.412481,0.7952078,0.08115831,-6.5776467,-0.96485776,0.38333282,-2.6003065,-0.01755441,-1.9489756,-1.8618652,0.57645595,107.666015625,3866.8935279594193,0.1771039933243034,0.12147084,reggae
-190.39604,146.62955,-15.537938,48.122116,2.6199286,17.102886,2.8130045,6.4277472,2.9240553,1.0865281,3.1711864,1.0301826,-0.16567275,151.99908088235293,1144.859808886436,0.04268530500193499,0.15093471,reggae
-123.23677,68.27974,0.18795672,28.91156,19.139957,15.845425,-7.606206,17.167091,5.76712,3.8516865,5.504322,-0.03167422,6.1485033,151.99908088235293,2832.7905297044576,0.12922295254450464,0.14573655,reggae
-154.72395,89.142876,-27.242672,30.38251,-7.8583107,13.939417,1.729072,12.945592,-1.883594,2.405919,3.0471416,1.302905,9.70511,143.5546875,2360.5735472429765,0.12645048253676472,0.07292829,reggae
-132.7669,97.85425,-34.036243,35.348648,-10.886108,16.202856,0.61365485,13.695736,-1.9937136,2.195046,3.4613476,0.9443435,10.36819,143.5546875,2213.5466527242284,0.12268406540247678,0.09769145,reggae
-125.12893,113.2433,-12.556959,11.318173,19.547483,-12.041597,14.734481,-3.3161106,-4.225038,14.49915,-4.0378146,0.6453515,2.4350643,92.28515625,2120.26422426194,0.09524583373645511,0.1166443,reggae
-97.62343,107.22392,-23.591105,22.946327,12.336566,7.2616916,-3.8681836,2.9785182,0.3774826,4.5306726,-9.992257,4.2807384,2.7206078,129.19921875,2020.4466117927664,0.09412036813080496,0.13636483,reggae
-69.57328,79.94947,12.437905,29.133036,0.72769827,4.3441715,-0.7651519,-0.013007905,3.2800298,-0.5237554,-2.5318735,-0.51733977,-3.263257,123.046875,2593.2617919586733,0.10183914231811146,0.16252479,reggae
-168.38657,117.07943,-44.01664,71.08064,2.7560558,15.819847,12.221006,3.9907668,5.1321936,4.3279057,6.8852086,7.587477,3.7169275,89.10290948275862,1612.4449394644794,0.0794394289376935,0.16085352,reggae
-142.18883,100.90416,-19.890373,34.56118,-14.371055,4.7397876,-1.4892406,-4.3761325,-5.3758006,-8.107101,-7.757979,-1.084404,-5.9070034,161.4990234375,2038.7691339160187,0.09564945941369969,0.11282268,reggae
-136.99637,93.40217,9.933254,33.664284,3.1154785,15.971005,4.5837245,8.823759,-1.6712754,2.5739546,5.9644847,13.19335,4.0750513,123.046875,2032.6673540049305,0.06399281032314241,0.13390173,reggae
-69.76415,81.140114,-39.43817,58.986237,-12.922004,33.09982,-8.421903,15.184371,-0.7396672,7.611341,-0.69394165,5.410777,-5.6679735,117.45383522727273,2458.734043010167,0.13293419238583593,0.17760561,reggae
-123.0148,114.99337,-23.074768,40.015736,-13.880749,19.580896,-14.871314,14.555655,-15.08509,13.339408,-10.058661,8.762026,-11.252416,117.45383522727273,1896.948854975106,0.08407658910603716,0.12230159,rock
-90.26994,144.8362,-22.765081,38.756115,-1.3171958,30.499142,-7.7396984,15.860189,-17.31202,10.839139,-4.976343,11.727795,-4.462422,151.99908088235293,1384.255336627117,0.0486436967879257,0.21348199,rock
-125.11682,114.48708,-22.193956,46.3494,-2.5872617,28.110113,-12.267979,16.319977,-10.233366,11.694542,-7.8518877,15.526515,-1.3237594,107.666015625,1870.1594128629904,0.07003963694852941,0.14259885,rock
-136.61789,127.51121,-7.4455557,37.801735,-3.850892,33.18653,-2.3166435,18.964373,-12.713399,13.873745,-3.138763,13.312083,-4.8933725,95.703125,1525.2163942631923,0.047377642463235295,0.1589403,rock
-122.70672,127.0468,-0.14343499,57.605415,0.12943345,38.798893,-14.400826,16.700521,-8.490291,6.1343675,-6.252311,12.321656,-9.843241,78.30255681818181,1435.730991652079,0.043278649864551086,0.21364185,rock
-69.87886,157.83907,-56.810772,31.553963,-6.484924,17.356104,-20.589096,16.869907,-11.417271,2.8853283,-7.711458,6.022447,-3.118624,99.38401442307692,1502.28692431602,0.07525653661958204,0.19118065,rock
-107.04939,136.11821,-50.71203,50.689472,-12.718097,9.837054,-14.412202,15.69616,-9.5317335,3.4605837,-13.26691,1.7933698,-12.38465,117.45383522727273,1652.2172358506255,0.08805464517221362,0.17786917,rock
-123.86645,151.94118,-12.060738,39.969154,2.0408459,20.336697,-13.240635,17.256895,-13.272053,9.572486,-9.961553,4.181267,-8.8569565,89.10290948275862,1237.0344251281062,0.04331341911764706,0.18713842,rock
-19.993896,138.23436,-42.970467,21.711433,-19.239475,31.796373,-22.377117,14.933839,-18.865005,14.06333,-7.568018,10.439954,-5.726886,89.10290948275862,1707.129135708213,0.08569713864164087,0.26950568,rock
-184.06512,152.62071,-0.99035513,23.516844,-1.6914101,24.039747,-0.9941219,11.710317,-4.372064,7.870589,-1.7196642,5.604735,-3.5101938,151.99908088235293,1172.439447764349,0.0390511622000774,0.12875073,rock
-108.410385,114.3417,-5.95815,44.955326,-8.972002,21.282644,-17.073574,23.899212,-8.086472,13.607204,-18.137276,8.642079,-12.548942,161.4990234375,1854.6837518677114,0.0711386476876935,0.15355062,rock
-156.11847,116.909325,6.6866307,51.89755,2.123163,25.224216,-6.820586,26.006826,-11.798212,14.798575,-15.175978,7.339774,-14.269307,117.45383522727273,1636.423642133423,0.05846147566756966,0.12778874,rock
-215.26851,109.77039,-9.103852,44.80941,4.7800565,26.178696,-5.8495793,19.759302,-4.772879,7.9552593,-8.534485,4.236391,-6.2389746,112.34714673913044,1758.2699481322086,0.06423543924148607,0.072982885,rock
-198.07332,97.29823,36.34747,65.64885,4.7177925,30.806105,-5.869426,23.998165,-2.4763894,17.465187,-12.810801,9.446427,-11.030473,92.28515625,1647.4989392726989,0.046878779266640865,0.13569935,rock
-221.07803,112.36247,-15.535406,50.717415,-8.7441,18.755037,-8.911061,16.07307,-8.791075,7.363821,-13.976591,9.288837,-8.86713,117.45383522727273,1868.0466183844378,0.07472063660990712,0.060445603,rock
-170.7487,86.99682,-20.141405,44.280735,-10.356411,9.791814,-12.409968,13.386096,-10.5721445,3.9893236,-14.4397135,6.8316154,-9.590825,135.99917763157896,2416.1641098609853,0.12234468725812693,0.08081885,rock
-17.351591,97.35477,-35.562206,48.74013,-19.00563,26.142433,-18.913683,27.317528,-18.530262,21.202066,-13.254943,12.472874,-15.495314,143.5546875,2505.780921800112,0.14711173326238391,0.17987105,rock
-50.050293,105.50363,-41.173557,55.81594,-16.823013,24.114231,-18.046322,21.016191,-17.407763,17.258171,-15.279318,11.525147,-13.627611,123.046875,2299.8346650164895,0.14012462509674922,0.15669064,rock
-71.21336,111.34479,-32.89197,45.557304,-12.593094,27.479525,-16.372076,22.952108,-14.915788,19.06531,-10.746925,11.818995,-8.994579,117.45383522727273,2155.837850067281,0.10938709365325078,0.13739043,rock
-73.8101,100.893,-43.543995,48.81561,-18.156837,24.293509,-20.327675,19.330708,-21.00917,11.913817,-17.73163,7.8433537,-16.336864,123.046875,2386.671195079889,0.13905584849071206,0.11285435,rock
-54.369305,116.83405,-32.034286,38.731285,-23.811192,21.498537,-19.99213,15.83888,-25.319902,19.174677,-16.922438,6.663834,-10.712173,99.38401442307692,2169.9455353071044,0.11681335260255418,0.15670983,rock
-55.502087,113.96766,-31.322386,38.103367,-22.824463,20.370155,-21.06952,14.8046055,-26.919245,17.513342,-13.805586,6.8700705,-9.062811,95.703125,2183.065656914931,0.12103554929373066,0.15900947,rock
-28.627102,112.549866,-40.846245,33.98759,-27.469627,21.583187,-22.891962,14.0114765,-29.637,17.028513,-18.900242,7.0459704,-14.13612,99.38401442307692,2263.8656477391964,0.12939831051664086,0.18089707,rock
-65.809685,101.44181,-23.615921,40.758358,-20.690022,24.521805,-21.711094,18.312992,-29.141024,17.60914,-19.065298,9.136873,-14.42215,73.828125,2383.232712821801,0.11593051591524768,0.15042268,rock
-39.910976,104.698906,-41.358494,51.303326,-17.431665,25.10111,-18.03257,16.028784,-24.019852,16.200504,-17.94757,7.167695,-11.984109,73.828125,2281.154830150292,0.135197217250387,0.17138912,rock
-44.100494,94.40912,-44.77932,54.135376,-20.692291,21.175793,-18.792978,21.037962,-20.185005,23.76279,-19.548416,9.834262,-12.814143,103.359375,2529.4888678706925,0.15965436339009287,0.15672544,rock
-55.9903,102.99051,-35.94844,50.299755,-18.308552,26.220583,-15.118136,23.579779,-21.565115,20.892076,-15.320216,9.561598,-11.891873,112.34714673913044,2332.229345804493,0.13236201141640866,0.15720905,rock
-105.84627,67.92679,-15.358001,32.921875,2.384515,18.248034,-7.485402,6.5046053,-9.217112,11.188487,0.4416913,3.456568,-0.061149478,151.99908088235293,2832.441934436394,0.14577689628482973,0.08287893,rock
-69.7741,89.19088,-29.898676,44.959927,10.570194,21.265005,10.287568,8.376033,1.0333284,7.329718,-8.070418,-3.1518555,-3.0860853,135.99917763157896,2272.048212011403,0.11687986769543343,0.14926516,rock
-35.334824,84.15222,-13.508551,39.97513,-0.1727584,16.25329,-5.3009696,5.819911,-5.5190187,4.6809564,-3.4631064,-0.91744125,-2.0471547,129.19921875,2488.833153770989,0.12364777839589783,0.17954525,rock
-126.393845,67.248276,30.44319,34.182056,-4.9020696,19.932013,-6.490078,9.107726,-7.8028355,3.036274,-4.071193,-3.4870481,-6.2622824,117.45383522727273,3004.3371645403295,0.12582614768769348,0.09307664,rock
-88.17916,73.33001,-11.493452,20.8166,-7.42303,-0.25723672,2.645502,-5.2057986,-9.380522,-1.9392045,-4.8434415,-1.6996863,-5.1436357,117.45383522727273,2833.9874699657717,0.14674741195820434,0.12196857,rock
-22.017315,87.14614,-18.624727,33.09926,6.384572,11.122793,1.429974,3.8174825,-1.3466672,1.8223883,1.6767049,4.0607624,-0.8825425,92.28515625,2329.3242880263056,0.11491691660216719,0.22352569,rock
-110.4948,134.16882,-17.58299,30.23319,0.68888205,8.863957,-7.137503,6.448498,1.0539105,-4.916392,-7.923955,-2.31094,-5.168314,117.45383522727273,1627.2345841126855,0.07425805437306501,0.13712567,rock
-27.832521,64.202156,-6.361381,35.998383,12.12846,13.726816,-0.5311509,9.070431,0.59294915,12.139923,-1.6839902,2.3729138,-2.6202872,135.99917763157896,2789.0676295365906,0.132437596749226,0.19878037,rock
-127.97716,107.38962,5.889181,33.455696,13.7344475,11.2123995,12.533526,12.191078,1.8485944,5.6789875,10.785537,3.6353235,3.9974806,129.19921875,1897.6317892582106,0.05565121299342105,0.11747679,rock
-2.9280746,74.42638,-13.623236,24.310389,10.792715,10.237352,-4.5874767,14.170741,-0.7400918,10.040518,1.0274081,4.923893,-2.9543262,135.99917763157896,2768.290367261876,0.13934685202205882,0.21420942,rock
-69.30251,81.69848,-21.661873,29.734808,6.814404,4.3896184,3.5906808,6.680083,-5.6182632,3.0035744,-0.18702017,-0.042302653,-2.154961,129.19921875,2583.5425089603664,0.14268696787925697,0.1140669,rock
-14.87058,66.33544,-17.59201,17.287697,6.822835,12.151831,5.604203,9.60156,-0.7998761,5.6810365,1.3205969,2.2197995,-1.1330086,135.99917763157896,2804.35885477669,0.137677927873452,0.22510633,rock
-53.40515,87.75221,-12.607435,14.195606,22.590721,5.406718,1.9092546,2.778939,3.7524853,-2.2550159,-1.2924223,-0.8691426,-4.9078603,143.5546875,2500.616671400678,0.11160401146478328,0.14556198,rock
-64.68669,61.587,0.15969244,37.071167,10.201512,6.420308,2.801403,4.5516477,5.809551,2.9749813,1.442906,0.08737641,-6.442965,112.34714673913044,2985.311843630157,0.136513913748065,0.14579305,rock
-36.265213,72.26219,-19.014894,15.458292,16.50331,9.347058,9.125256,3.2222893,3.91536,1.3023521,1.0555605,-0.84654844,-2.9400375,117.45383522727273,2832.8605457691624,0.14448363124032507,0.15788294,rock
-61.21344,75.33526,-7.9581575,22.031616,6.5569286,7.128002,6.4315667,1.2337438,3.6234763,-0.3031057,0.02688438,-0.5241001,-3.2647603,161.4990234375,2876.3855729739143,0.14739744582043343,0.12548867,rock
-60.008152,73.08032,-27.4298,16.291588,2.8259282,4.783401,11.60503,0.041703675,8.171919,5.3044395,-0.55545545,2.6586883,-0.78693306,89.10290948275862,2800.1023548593303,0.15044429058630032,0.1473811,rock
-99.553154,124.24204,-7.748509,13.507684,-0.07211445,12.03358,5.4553947,3.9181023,2.4157116,-0.24194506,-4.0746455,-3.715332,-0.40156993,92.28515625,1759.243527128857,0.07725728037925697,0.14453562,rock
-155.97299,142.70158,-61.04517,79.166855,-3.4906833,6.2446623,-0.6731982,-12.449414,-0.7839514,-10.584335,-7.947766,-11.952624,-5.032597,151.99908088235293,1616.6257882855007,0.08356487640286378,0.10319596,rock
-101.8749,91.74675,-14.272703,15.122418,11.62298,2.1071286,-12.537424,-9.175012,-3.987603,5.559454,3.5612612,1.5134608,-3.113196,103.359375,2408.640349942305,0.11033946884674922,0.106588714,rock
-58.808853,57.05713,-10.591108,31.663475,8.301931,3.9066396,2.367513,-0.61282885,-4.0143046,1.469137,-0.7609363,-1.8831687,1.008602,107.666015625,3169.2048666506103,0.17635872194272445,0.13533747,rock
-92.28084,135.94711,-45.304653,37.06695,-10.005174,13.248395,-5.3693256,5.386992,-5.7028937,-2.612809,-2.4844701,-11.253263,-3.468429,129.19921875,1672.5527725317718,0.08882939483359133,0.14512916,rock
-142.65762,111.07492,7.8371224,31.766088,12.233356,3.407952,0.7951411,10.461912,6.748251,-0.85033196,5.614678,2.4712956,2.1263065,112.34714673913044,2237.1137103529245,0.09196694199883901,0.09762389,rock
-161.81723,123.834,22.089302,28.937046,1.7178329,9.118091,12.008498,5.5739245,-1.104201,2.6303885,3.4137504,3.5513148,5.6793747,123.046875,1591.4755000855196,0.04667243130804954,0.12842827,rock
-75.50814,68.23757,29.99272,29.204819,6.9956264,10.667597,1.3043838,-0.02289541,-1.6270684,-0.3742295,2.1473072,5.418776,-2.0913951,172.265625,2954.886088568338,0.10947628434597523,0.15950888,rock
-224.52142,108.80164,16.791056,22.395746,13.897107,3.7128325,0.8224894,-5.38328,-6.2188225,-1.7160387,-5.006744,-8.858415,-6.0980105,95.703125,1998.154797698334,0.07217341089396284,0.09914684,rock
-2.2064104,53.09461,-8.879333,20.053122,11.581964,7.454883,4.208729,4.2488184,1.3799926,5.6189394,3.6543803,1.7931176,-0.87294626,117.45383522727273,3358.864421099187,0.18617196570239938,0.18020077,rock
-156.47398,78.49891,-16.023901,17.208933,5.6445117,6.7103024,-2.1457245,-2.8102026,-4.8557763,-6.811003,-4.4265366,-3.7611938,-4.654407,107.666015625,2573.8585789974954,0.12693725208010836,0.066798314,rock
-89.47268,129.69162,1.3493826,10.9021225,2.4843698,-1.5099261,-1.5350527,-0.9225515,-4.724104,-4.097539,-1.7090219,-1.463257,0.71672934,129.19921875,1714.9865566507412,0.06754305340557276,0.14604646,rock
-2.8049645,57.377625,2.0645356,28.111927,6.4743843,10.997915,0.040725376,6.467775,-1.9466045,2.747017,4.916297,-0.88623047,0.49072042,135.99917763157896,3360.5863070586383,0.18402685395704335,0.1798536,rock
-60.023735,64.96455,16.354555,5.9391546,7.8527803,10.47256,2.4797533,4.637598,-1.4943978,-2.3726377,2.3805058,-0.95165753,-0.39787132,123.046875,3475.4898672420873,0.17006548713235295,0.1230629,rock
-146.88289,98.12804,26.24454,12.892191,6.338498,5.221926,1.8727655,-0.2509055,-6.31319,0.7035955,-3.3629045,-2.6080873,-4.20478,135.99917763157896,2429.664729997372,0.09773485874613003,0.084059924,rock
-225.16064,94.5604,45.19764,17.289999,7.8260427,11.335588,7.6415935,2.0965805,-0.3416581,-0.47639772,-1.8738995,4.5463448,-0.7359708,117.45383522727273,2388.8761624987224,0.08105317579334366,0.048770167,rock
-88.41919,85.2042,1.629804,8.910468,9.255498,6.477309,4.7648096,-0.18598281,-1.3845103,-1.9755491,-0.6062081,-1.9100546,-2.3530042,89.10290948275862,2784.6906286141643,0.13117910095781735,0.098366454,rock
-209.21684,102.83898,49.335564,26.098898,16.398602,7.223958,2.6233706,-0.54200363,-6.713044,-8.476845,-4.4960346,-6.73166,-3.3414721,80.74951171875,1915.7291119019992,0.0556867380998452,0.08596155,rock
-211.36806,69.01707,43.146263,18.374836,10.94546,8.017918,6.0949845,4.553087,-2.5844078,-0.5166905,0.03952957,-4.0165396,-3.3633318,123.046875,2828.9697188294554,0.10209386488970588,0.061940018,rock
-277.51712,114.23109,39.497158,21.260813,14.81894,6.004758,8.007055,3.747806,-6.6065426,0.58256704,1.300752,1.1829573,0.9501913,75.99954044117646,1828.4104557591688,0.06501850328947369,0.056750868,rock
-104.4553,106.65654,-34.894985,43.23545,-15.806347,26.203875,-22.370628,21.83533,-26.89653,10.677219,-16.213848,4.8602934,-12.2251625,151.99908088235293,2176.9446553935654,0.11068413796439629,0.11723429,rock
-93.57387,108.40902,-41.05847,53.95882,-20.989138,25.771671,-18.529045,24.856642,-9.806798,15.775143,-10.303206,10.411254,-9.006112,123.046875,2218.4851175653257,0.12700074375967493,0.115388945,rock
-237.30856,103.131096,-28.8493,42.248787,-7.3539124,14.028269,-20.85892,21.047272,-24.370026,6.2265725,-7.346388,0.0952216,-13.37084,75.99954044117646,2134.601076778025,0.11018905403444272,0.046079915,rock
-124.852165,96.94352,-8.183621,53.68848,-14.376708,17.733171,-18.583416,24.482157,-19.131687,13.759613,-11.862445,10.304546,-10.633785,107.666015625,2348.757394752719,0.11122910821400929,0.10297864,rock
-120.328896,92.63993,-13.576154,52.95609,-10.948062,30.438156,-17.868729,24.605928,-25.310268,17.681616,-15.903565,9.868837,-8.56677,123.046875,2478.0691717868367,0.12191763012770898,0.09230356,rock
-203.25359,80.712105,-8.224983,57.430946,-9.43267,22.789925,-29.520695,22.659378,-32.909145,11.201389,-12.960803,6.055266,-5.1347337,172.265625,2710.097286349886,0.14792729900348298,0.048171703,rock
-207.63066,75.336494,-13.982278,69.93514,-11.797708,26.272839,-16.42003,20.632153,-24.779484,7.122489,-22.540459,2.8248305,-5.836895,172.265625,2554.8700087396724,0.141396726248065,0.055312887,rock
-86.6763,112.32688,-17.016386,48.352234,-11.058308,34.754456,-11.326157,23.417751,-13.5482025,18.171276,-5.941051,12.082584,-11.384101,112.34714673913044,1952.9860886829983,0.08449306428986068,0.15820147,rock
-106.151436,118.25694,2.8543851,46.549736,-8.842388,28.171259,-15.662959,19.820322,-13.329921,13.943595,-6.787732,12.865286,-10.257632,103.359375,1800.4166784038257,0.06917342903444272,0.15872015,rock
-64.900444,101.387726,-17.136745,51.49969,-15.190267,32.14722,-16.555054,25.82646,-13.997791,16.58897,-11.726251,12.490689,-8.15857,95.703125,2265.604171788194,0.11506808726780186,0.16122723,rock
-91.21159,98.726814,-10.298819,58.62407,-13.285092,33.331673,-14.187276,19.278833,-9.572114,13.296187,-13.013773,7.220715,-10.2511635,112.34714673913044,2198.8863397750997,0.08959583010835913,0.14508791,rock
-107.973076,94.06094,-6.6350307,52.00399,-12.794931,32.333168,-17.953466,23.983482,-12.464751,17.40515,-9.43294,9.895962,-14.288664,123.046875,2323.5158100582707,0.11439764536571208,0.12974524,rock
-126.38383,121.6614,-9.1883,46.660618,-9.884945,33.140663,-13.038128,20.960793,-11.414616,7.1785674,-5.196396,9.175689,-8.3055,95.703125,1739.829254804263,0.07592319925503097,0.14894128,rock
-104.99312,101.81715,-10.730865,46.031067,-9.314991,24.977577,-11.867055,24.630709,-13.851154,18.584528,-11.638932,13.717722,-11.91151,107.666015625,2183.7223168828573,0.10659119219233747,0.12472048,rock
-125.6184,111.09129,-4.0586376,44.503906,-2.3279133,32.219517,-17.751675,21.765123,-10.68807,15.629265,-7.8954563,9.799615,-6.181627,99.38401442307692,1846.9100442848628,0.06567307227167182,0.15006293,rock
-95.14918,112.015686,-26.595852,48.884563,-18.681572,29.21003,-18.99043,17.511026,-16.91908,14.495138,-17.63894,11.934562,-14.172676,123.046875,2178.133876361367,0.10892224385642414,0.11197001,rock
-86.87546,94.66935,-24.944809,50.382153,-22.246834,30.776981,-22.31728,19.422087,-16.751623,16.30139,-22.91779,13.33478,-13.14627,117.45383522727273,2624.955057515999,0.15305198456849844,0.10463095,rock
-117.700775,94.48675,-34.315952,41.73479,-26.168894,22.16114,-19.627918,14.012671,-15.954502,16.428753,-16.90519,8.78371,-10.2386,117.45383522727273,2447.181912713127,0.12261452689628483,0.09576705,rock
-101.39881,79.63304,-23.263412,41.44379,-23.237919,28.925842,-19.570127,23.923132,-16.820583,20.693995,-18.295969,14.578624,-13.63366,99.38401442307692,2961.038249701245,0.17709114381772445,0.09042454,rock
-119.90151,109.45789,-12.784495,58.1244,-13.43423,26.222868,-16.623007,19.36929,-15.400675,12.941871,-16.301258,11.724644,-12.323893,123.046875,2079.475579873629,0.09261470830108359,0.100555845,rock
-92.641556,93.789825,-18.800041,45.725407,-16.845655,34.334354,-16.390785,20.849863,-17.616922,17.697365,-17.682688,13.617841,-16.879675,129.19921875,2557.302118551167,0.13631890358939627,0.10665133,rock
-171.32634,100.56814,-32.25164,50.351868,-12.963257,25.904678,-18.740427,15.775953,-13.435953,13.701148,-14.561614,5.5742383,-12.090631,184.5703125,2282.865137626203,0.12011794335332818,0.06810654,rock
-175.40282,87.73797,-33.042946,50.26694,-11.46059,17.839312,-18.989063,15.182885,-18.290356,11.117359,-12.635253,7.1931553,-11.37591,129.19921875,2525.8377510105247,0.14784566684404024,0.07238451,rock
-37.361095,104.22354,-38.748894,43.582794,-12.10745,23.96743,-23.614086,27.952465,-18.795528,21.798248,-15.797746,11.880521,-11.826712,135.99917763157896,2338.2855674734537,0.13124788361068113,0.1674694,rock
-125.932106,81.14695,-47.98676,47.447914,-18.332632,20.805298,-22.974785,17.38239,-13.02071,13.673869,-12.747067,11.754635,-13.561092,92.28515625,2613.7534431325926,0.1595712195239938,0.086267404,rock
-148.29778,128.84666,-25.311918,44.436443,-12.064872,26.132963,-9.404393,17.235983,-10.239369,10.09256,-8.587721,6.9661713,-6.3414106,107.666015625,1654.2868299324966,0.07562010207043343,0.11307968,rock
-81.614296,86.918015,-28.796864,43.991276,-34.76148,29.953974,-19.855478,22.273733,-16.101686,8.290256,-14.2290535,4.0579524,-16.536226,123.046875,2479.7339632615667,0.12086472644156347,0.1654386,rock
-79.56149,103.12901,-46.490475,48.348026,-18.648735,25.050234,-13.9441,24.871187,-22.849945,21.264566,-17.513327,14.321277,-11.526645,143.5546875,2410.4979319299837,0.14294471386416407,0.10635475,rock
-72.02651,95.99601,-50.42606,47.17984,-18.048239,20.828545,-23.512075,17.26516,-22.779112,14.33669,-20.318813,13.014975,-15.598028,129.19921875,2457.470858722446,0.1493286510739164,0.10616822,rock
-117.363525,122.2374,-50.54448,43.631645,-3.9523268,19.291128,-16.090734,19.596468,-18.916773,16.829319,-12.075716,6.4040537,-15.300352,103.359375,1878.0843284094278,0.09401152525154799,0.107160494,rock
-90.938194,79.425446,-48.068703,55.837776,-8.210951,27.861866,-16.896717,22.567436,-18.7795,17.160269,-17.988132,7.453456,-19.142769,112.34714673913044,2644.9374076126232,0.15011927365518576,0.09960621,rock
-160.02136,115.74533,-24.431585,57.976818,-7.822679,20.97411,-13.855041,19.628786,-21.757906,15.404475,-10.618016,11.859585,-13.240676,103.359375,1880.553419178475,0.08062989792956657,0.07932796,rock
-123.63136,116.9964,-34.853306,49.01026,-9.446397,23.769072,-18.940374,21.077892,-23.217712,12.094634,-14.525176,14.896374,-17.769323,117.45383522727273,2026.9879585911913,0.10278395897832818,0.084779955,rock
-124.68876,111.83272,-46.850914,52.0142,-15.181741,23.804924,-11.955879,19.576271,-18.412676,10.552606,-17.154009,11.819667,-17.126125,129.19921875,2140.34436226457,0.1256129970491486,0.07900385,rock
-164.84372,125.425476,-23.533638,55.786106,6.2007256,23.314764,-10.877998,18.191755,-11.597214,17.17188,-7.777259,12.800885,-11.8035755,73.828125,1574.7477579479742,0.06222562524187306,0.10093136,rock
-216.99835,123.215195,-22.991257,52.61103,-3.6916244,23.143332,-8.008291,13.8592615,-15.963023,17.260921,-5.371266,9.562397,-16.849134,123.046875,1691.1207849661746,0.08046209849071208,0.05677055,rock
