mfcc_1,mfcc_2,mfcc_3,mfcc_4,mfcc_5,mfcc_6,mfcc_7,mfcc_8,mfcc_9,mfcc_10,mfcc_11,mfcc_12,mfcc_13,tempo,spectral_centroid,zcr,rms,label
-125.25643,120.20559,-18.326477,44.870823,-5.429578,20.852407,-13.753224,16.807833,-12.435857,11.826387,-8.855663,9.295366,-4.1513925,123.046875,1782.836091513962,0.08011097919083526,0.12441264,blues
-104.70713,122.2818,-16.140682,40.836025,-10.423074,18.005255,-12.751393,15.966058,-12.650309,12.169071,-7.6829195,10.464032,-4.378682,129.19921875,1803.9335324132057,0.08156449390951276,0.13515308,blues
-113.05592,125.08428,-25.844616,44.177784,-6.0840325,19.723314,-17.29722,15.89953,-14.309294,11.360112,-10.854089,8.8773365,-4.6009865,123.046875,1767.7436090877657,0.08709645990429234,0.13059968,blues
-221.96216,131.09808,0.51632625,39.070675,7.866834,17.828434,-6.0299377,22.621696,-5.231014,10.509182,-3.1233969,6.9221554,-1.8947375,67.99958881578948,1364.7389766547994,0.05521090124709977,0.09432509,blues
-222.06569,124.18471,11.235551,38.641685,-0.63454396,27.731474,-12.916883,25.12424,-14.749926,15.030134,-8.055166,9.242226,-3.0166347,67.99958881578948,1582.7594090311197,0.05295868982018562,0.08780664,blues
-182.56636,122.231735,9.720889,34.887306,-3.235282,23.398188,-10.830988,26.149284,-13.904557,13.364052,-8.443462,2.6174397,-4.2278056,66.25600961538461,1645.2045817483292,0.05967793829756381,0.10519597,blues
-99.192795,141.50714,-25.696747,34.449314,-17.038189,25.808807,-13.154822,10.701172,-11.356643,7.2960954,-12.971547,4.5317373,-8.682208,161.4990234375,1521.9088014538531,0.07018221613979118,0.16569412,blues
-100.25638,145.3825,-30.947878,36.366096,-16.55783,26.772926,-13.655284,10.91385,-12.976605,9.158951,-15.287569,3.9601717,-7.563027,161.4990234375,1508.5621894738526,0.07305752428944315,0.16774414,blues
-74.87908,137.28813,-33.392315,26.845072,-10.955763,27.187498,-16.654503,15.679037,-13.261757,14.933005,-13.262912,10.959691,-12.383335,161.4990234375,1627.5925479228567,0.08519884715777262,0.19257936,blues
-214.5671,156.5712,2.786299,26.744757,4.976554,9.361401,-1.3256437,10.197515,2.4535098,8.810805,2.4873328,4.6937995,-2.3635607,63.02400914634146,947.1668591184965,0.030092172998839907,0.14035161,blues
-196.50693,147.53993,7.955702,27.031662,1.7314748,17.037916,-8.409396,9.192495,-2.1118577,9.899165,-4.197599,6.767993,-4.6385007,184.5703125,1140.8987828177333,0.035318255147911835,0.13844255,blues
-188.36505,147.45036,5.0958114,27.94553,-2.4104023,17.213865,-5.489611,9.231633,-3.1824467,6.326703,-8.402367,7.274438,-0.8082464,63.02400914634146,1123.1188231658525,0.034339426841647334,0.14397666,blues
-152.04611,115.32886,-31.875118,23.744848,-37.106895,13.9093075,-23.033861,4.5983987,-14.4546385,4.067808,-16.663475,-4.089051,-4.7504225,135.99917763157896,2046.4264438591667,0.11638540458236658,0.10061419,blues
-174.31119,133.31656,-42.43538,27.097164,-32.37146,13.553571,-26.250385,1.9292774,-13.413556,3.1592157,-14.97301,0.90412325,-11.127742,135.99917763157896,1766.5150281069778,0.0971702345562645,0.08277645,blues
-161.32841,139.20065,-41.630512,24.555655,-36.70703,13.495496,-28.763718,2.6212976,-14.766287,3.1264772,-13.885971,0.4545757,-10.100362,135.99917763157896,1693.9163296739346,0.09013830481438515,0.09095778,blues
-192.3696,123.237114,-15.56774,28.934904,-22.999128,12.87362,-22.010885,2.6049259,-9.690566,0.048972994,-11.882803,-2.6643212,-8.1228285,67.99958881578948,1795.5366288626617,0.09621633011890951,0.10285633,blues
-187.47012,116.97952,-21.311605,41.29973,-20.40765,17.23434,-23.29112,8.5149555,-10.651247,1.2027013,-13.777275,-1.7005323,-12.1326685,69.83741554054055,1885.5314002350046,0.09534172890081206,0.09774588,blues
-159.32394,122.041466,-22.62388,28.361156,-27.77608,11.222694,-21.971863,3.0110645,-9.341281,-0.68148696,-12.612254,-0.49514616,-9.642143,69.83741554054055,1813.4508724668506,0.09010771642981438,0.109391995,blues
-231.72357,137.19365,-26.34801,28.321896,18.718117,-1.7532326,-19.012608,-1.187779,-5.5766926,-8.195797,-8.923558,-3.0949702,-6.448811,69.83741554054055,1251.219719676047,0.055076085774361946,0.112047695,blues
-180.73557,122.88891,-34.69246,35.659042,4.824334,-0.047144488,-21.733486,1.7974461,-8.720157,-3.4750726,-9.622476,-3.4913251,-4.5639067,71.77734375,1607.9056185354493,0.07870617930684455,0.14749785,blues
-165.0671,139.64107,-53.964336,38.885517,7.6923223,1.4695444,-23.336754,1.7136252,-6.359697,-3.9591246,-5.6083045,-2.2673988,-9.198561,75.99954044117646,1516.0329729655098,0.08482952073665893,0.16511996,blues
-195.01903,141.09682,-25.512072,35.239433,11.744852,12.662311,-20.048992,8.16986,-10.887868,-5.073629,-6.2342415,-6.960305,-1.1076281,92.28515625,1343.1118640023788,0.056027724405452436,0.11526975,blues
-178.91586,144.12962,-25.735788,40.344975,4.3645263,10.396665,-19.121338,9.466696,-11.455462,-5.7010818,-7.3386755,-6.592178,-5.7686696,92.28515625,1330.6701183196583,0.05135449898491879,0.14285338,blues
-166.83447,127.39139,-31.923445,47.35902,-2.7376785,11.986233,-24.380497,9.414973,-13.032181,1.4894463,-12.520263,-6.6243677,-4.335403,95.703125,1684.4042348202167,0.07639505691705337,0.13681631,blues
-115.81225,123.812775,-17.20835,45.997604,-8.163971,21.09297,-21.947823,22.475739,-12.444565,22.16926,-5.8890514,7.89719,-13.448797,83.35433467741936,1734.3223138787703,0.0684330137035963,0.14670095,blues
-123.898,121.08275,-14.366777,49.59802,-8.740097,20.122622,-18.466377,22.4239,-11.8442745,20.561127,-7.849163,5.5191054,-13.019119,83.35433467741936,1719.5636045406907,0.061675246519721574,0.14374581,blues
-125.110756,123.52498,-13.492825,43.628193,-8.345597,20.06285,-17.97619,24.962967,-11.8785305,21.494474,-7.15404,8.269132,-12.331572,83.35433467741936,1704.1158343530763,0.06147019105278422,0.1361687,blues
-203.65211,117.92082,-12.842727,42.322044,-20.193949,17.140928,-11.131883,10.057549,-15.219737,4.5405054,-9.403694,3.5330951,-3.5868306,83.35433467741936,1832.6856075884832,0.08261469511310905,0.08810692,blues
-202.61218,107.429054,-15.484497,44.321316,-26.390032,13.090608,-11.183131,8.87832,-13.27267,6.871546,-5.0105376,3.439164,3.3025978,129.19921875,1966.1533176906196,0.08591257613109049,0.0908218,blues
-235.97397,123.41601,-10.054549,33.610188,-17.601788,12.114455,-8.122217,10.818039,-16.39038,3.7856274,-5.903053,6.3672504,-0.7516291,135.99917763157896,1654.9074314634497,0.06850212079466357,0.06467945,blues
-199.0874,139.34259,-31.310068,28.900595,-15.958202,6.313982,-11.320917,8.534319,-4.7108016,1.0214065,-2.7394838,3.0218353,-3.3527982,161.4990234375,1405.2586611504096,0.06735109121229699,0.1263678,blues
-151.56177,153.8177,-22.838865,27.660109,-16.169449,2.6525662,-17.052961,6.4903193,-5.8799906,0.5744862,-2.629823,0.5070901,-6.7156377,80.74951171875,1257.2785143072094,0.05534571671983759,0.16242813,blues
-176.0715,126.3517,-24.06028,29.867805,-22.610462,7.2598615,-12.429653,5.0525713,-0.3566016,-3.2839549,-2.0236592,3.1496377,0.21207203,161.4990234375,1572.6507781731145,0.06584772875580046,0.13918772,blues
-318.69464,124.299416,5.115541,32.97015,3.9521012,13.746714,-4.3654857,11.874101,2.2691813,7.655264,-3.8764508,-1.3992797,-5.7973905,161.4990234375,1362.397251795194,0.04353406866299304,0.051954642,blues
-278.23337,129.89972,4.7091165,31.383656,-3.5905402,14.0422535,-4.5137687,7.900683,-1.2170554,5.864957,-5.4267178,-3.7240214,-6.083659,161.4990234375,1341.4306184250854,0.04850638051044084,0.06859393,blues
-272.11072,124.62081,0.27542552,42.190514,-1.7266858,20.173452,-9.047169,8.922567,-1.030207,8.134826,-6.8382354,-3.3129776,-5.4437594,161.4990234375,1358.8166058766337,0.03954964834686775,0.07635624,blues
-211.4222,123.934685,-19.242924,64.331215,0.8935478,13.288938,2.336379,1.9547,-19.731276,9.577215,-3.081547,-0.8301395,-0.2854202,172.265625,1494.7241983847405,0.07884665929524362,0.11133327,blues
-197.47006,131.46654,-17.932444,64.56513,0.6654492,13.001258,0.528644,-2.5012202,-18.549139,7.939118,-3.3075469,-1.3648298,0.18189354,92.28515625,1401.8872120895082,0.07470363254060325,0.12995195,blues
-213.59676,145.03482,-10.951722,55.36873,-1.279072,12.524282,-0.79089105,-2.6164358,-16.66483,8.780001,-1.9639765,1.2655337,0.36529857,95.703125,1186.2308332079274,0.053374465269721574,0.11530517,blues
-206.5826,129.7893,9.165091,48.437733,2.1234906,16.862873,-3.4194272,10.586116,-24.41289,13.456465,-5.523039,-0.17069675,-5.3205094,107.666015625,1323.4170789985465,0.04871823339617169,0.09905571,blues
-210.56598,127.47375,12.948947,45.62365,7.417254,16.39006,-3.6895356,7.0353713,-20.454874,7.844817,-7.6319876,-1.4417232,-2.8919692,103.359375,1275.3702603344532,0.04721373803654293,0.11526182,blues
-213.74776,118.82836,6.089958,49.519913,7.3013377,15.493789,-1.405932,4.9055257,-21.940527,12.942777,-5.5169373,-3.1102169,-2.7289002,112.34714673913044,1377.7969788729476,0.05816324680974478,0.12463861,blues
-317.90503,122.1656,20.602457,39.947655,19.615236,12.67516,7.126405,3.040704,-8.947798,9.774217,5.8092656,0.26428574,5.8142796,151.99908088235293,1029.8378757487762,0.03908855677204176,0.061724883,blues
-305.9663,109.79765,5.435192,50.59151,9.065931,22.436138,1.2356327,0.9829639,-6.8280883,18.14177,9.506197,4.8854594,4.4882746,151.99908088235293,1223.2745780728605,0.044384878915313224,0.073338345,blues
-300.14572,117.574844,0.5845302,53.894043,15.019779,17.371487,-3.669577,3.8955445,-12.07706,18.991148,6.5698314,2.564822,3.9898894,151.99908088235293,1264.7355130968504,0.05123554415603248,0.06556281,blues
-252.90872,114.71419,-7.997773,47.761356,7.8174167,19.048525,0.5917872,10.854329,-19.631968,14.764397,3.1278934,2.95485,-2.2745554,99.38401442307692,1517.7004116072546,0.07067956061484919,0.07144401,blues
-230.68869,121.47393,-4.7322025,39.10722,-0.8552185,14.281492,7.1424103,-1.2354624,-14.902429,13.907683,4.0669527,-1.7068509,-0.51883775,99.38401442307692,1453.8298732958212,0.06500031721287702,0.077655636,blues
-235.73244,129.61655,-5.2732625,45.19275,5.5899367,13.290959,3.6111803,0.49125853,-20.268543,12.157612,1.2526981,-2.4161298,0.15924773,103.359375,1291.862159892898,0.05514179415603248,0.09249495,blues
-224.1163,125.597885,-10.108156,42.23269,1.755826,20.02251,-7.224646,8.939671,-17.196743,21.270264,0.3295131,4.57708,-3.2096288,198.76802884615384,1471.6132679094094,0.06601993003190255,0.08572269,blues
-239.45851,126.214455,-4.108265,34.919243,0.7176769,18.555532,-3.565389,2.6282039,-17.761045,18.935364,4.234574,3.9010658,-2.9526772,198.76802884615384,1411.142589380083,0.05792647005510441,0.07414736,blues
-240.64568,114.43971,0.4238362,45.43899,5.01707,21.75616,-4.1264305,5.3753743,-13.309158,15.763927,-2.078497,1.9554737,-0.08367028,198.76802884615384,1484.970107469719,0.059613362819025524,0.084068425,blues
-234.92363,138.1024,-4.2531548,63.66526,17.65624,10.087565,1.5430772,2.903427,-14.57191,7.444864,6.411616,-4.0559745,0.61754113,172.265625,1136.165623922387,0.050082248767401395,0.10226902,blues
-240.05489,137.50417,-6.219817,63.120388,14.88676,11.229062,2.576874,0.94104457,-20.067,7.253018,7.1510963,-3.4816682,1.0636545,161.4990234375,1159.3708511318791,0.05386614522911833,0.09855968,blues
-263.4831,147.91994,0.36414707,56.067097,22.521942,9.539318,5.2892585,-1.1525768,-15.4686165,5.9695406,7.585337,-4.056698,2.7888365,172.265625,971.1752119167605,0.040804905017401395,0.078736566,blues
-254.14574,103.37953,8.88622,52.84549,7.555824,28.038433,-3.4570181,13.098064,-18.288494,20.003475,-3.2532532,3.156933,-5.5140276,198.76802884615384,1628.1353722726396,0.060012144721577725,0.071158096,blues
-269.15155,105.14613,10.872681,43.511547,-0.17050163,26.83219,-3.2093928,12.963764,-17.932884,16.319952,-6.300447,4.472256,-4.1091304,83.35433467741936,1658.6998446540813,0.05971532410092807,0.058717515,blues
-241.04434,115.91604,16.722395,40.93337,3.7496755,18.78851,-5.897835,-0.7494092,-21.482998,7.592335,-3.2950172,4.7825856,0.94506866,83.35433467741936,1325.992437206286,0.04847239341647332,0.1089144,blues
-253.80928,142.4381,-3.3656793,52.326347,5.4724746,14.320803,-1.9110073,-3.9997287,-16.796108,12.573455,-2.836999,3.2907808,2.024157,123.046875,1114.5428591793907,0.05277289370649652,0.09276892,blues
-237.63599,143.56805,-2.8406863,44.625805,0.97763395,8.641275,1.0616521,-6.4993176,-12.747913,10.816883,-1.8767062,2.3466928,2.4742923,123.046875,1131.576255057458,0.052490800826566125,0.09647967,blues
-221.37004,133.49188,-12.643019,49.77113,5.000257,7.2436137,-1.1875834,2.3983006,-18.209934,10.4625435,1.4244983,-1.3353348,-0.8510218,123.046875,1341.8639739439207,0.07103076058584687,0.103280015,blues
-232.8734,132.94475,3.8433719,40.14689,2.8976347,19.45746,-10.353642,9.382915,-21.219872,13.783563,-5.068149,3.8889353,-4.8335543,89.10290948275862,1335.6453841085174,0.05046743583236659,0.07206052,blues
-230.26369,125.56241,7.5222874,43.74529,2.1278949,15.556164,-4.514758,8.314042,-18.763506,13.815627,-4.2039766,1.6867125,-4.984546,135.99917763157896,1407.7072937012792,0.04966647331786543,0.07592642,blues
-229.37764,125.094604,7.8328366,37.314148,-1.4152983,19.13147,-4.0595694,8.946903,-16.06296,15.6996565,-3.650074,3.7010438,-4.65165,135.99917763157896,1427.0093178620082,0.05709491915603248,0.077777974,blues
-277.6774,131.05414,10.767134,50.96896,11.905212,20.464546,-0.47718844,-1.7595028,-18.430069,15.5887165,4.7037525,0.027526077,-0.5783966,99.38401442307692,1102.5447076876196,0.05063850420533643,0.09033911,blues
-267.94638,144.06892,10.750121,50.77683,13.608411,22.104479,2.74363,5.938975,-17.514166,18.664738,-0.13367882,-1.2886744,1.3872756,99.38401442307692,1041.7594107438892,0.05013889392401392,0.09745773,blues
-251.0154,145.4112,8.051974,47.444073,15.553399,22.669708,4.1666427,2.6907215,-14.390716,16.208464,3.2060695,-1.2541763,3.1164715,99.38401442307692,996.946280370253,0.04287585194315545,0.11523211,blues
-247.25233,140.04211,9.043298,45.325157,14.823963,17.131071,7.1089067,4.3691673,-10.13568,16.878494,5.792175,-3.385379,2.2313561,95.703125,1047.5024122528816,0.04842254567865429,0.11302518,blues
-231.92735,143.92148,-6.931584,52.91349,-1.4962331,15.367126,-0.2881777,1.0430348,-19.743864,20.335707,2.6517155,1.5864539,0.92337567,95.703125,1192.287007006375,0.0643590940400232,0.103502624,blues
-227.22475,131.06876,1.3846682,54.78232,6.6555147,15.167689,3.786981,0.81947345,-15.160038,17.447744,3.2837696,-1.757992,6.0064764,99.38401442307692,1230.442917899427,0.06271751740139211,0.12343769,blues
-206.87547,143.0088,-20.959528,62.66191,5.0222764,12.275536,-0.5699943,-4.81863,-10.752165,-2.5211298,-3.47302,-11.433358,-12.9967785,184.5703125,1209.0576711991325,0.05650807533352668,0.12455199,blues
-230.03386,137.42729,-18.87025,68.64207,2.3396692,14.465915,-2.4340053,0.6477019,-9.554248,-0.96739775,-5.671359,-9.038706,-11.328708,184.5703125,1259.5588608374771,0.05517917995939675,0.10041422,blues
-249.50711,139.58981,-10.199732,65.70482,3.1568365,15.293796,2.9266276,3.928263,-7.5760803,0.661142,-3.5613053,-4.2346516,-11.57818,184.5703125,1164.8719045073422,0.04538863109048724,0.08044646,blues
-261.94293,136.80591,-11.964341,64.40726,12.955828,10.097224,7.7336307,1.53207,-1.8174591,-2.5859795,6.9895945,-1.335606,-4.2644954,103.359375,1072.0825730200597,0.04925522948085847,0.10865306,blues
-285.1296,128.15695,-6.3816614,75.04306,11.695459,10.594315,5.991521,-0.46818113,-0.5893252,-1.1770338,1.696142,1.206586,1.1469712,103.359375,1172.4395118279504,0.04838062826276102,0.07166588,blues
-279.89972,132.06213,-6.177265,76.73568,10.385954,11.894956,5.6723223,-1.6960825,-1.890832,-1.16713,1.2565835,1.3376191,-0.19968323,103.359375,1116.9766415628555,0.044074463457076565,0.0803876,blues
-251.63696,132.6651,3.3723416,67.10961,20.517601,8.04009,8.393547,-1.4351432,0.013819648,-0.38266563,-0.72945076,-2.8405218,-2.2274666,184.5703125,1023.7850220076803,0.04380483251160093,0.104483254,blues
-251.5687,138.2159,-7.147501,72.97255,7.939249,8.559032,0.94524467,7.571546,-1.4166453,0.7270914,-4.508009,-3.6218839,-5.7242966,172.265625,1170.1101353009612,0.055677657337587005,0.07755679,blues
-252.44876,133.2613,-4.990141,70.088135,15.485143,6.055414,2.5291991,4.482511,-0.0716118,-0.4477114,-1.2402452,-1.6274482,-2.4464946,92.28515625,1137.9791864385313,0.0554692031612529,0.0851737,blues
-299.97327,121.97236,-10.039703,67.288445,11.935118,18.303255,5.181261,10.834435,-1.3577619,9.125771,3.9217882,-5.4343204,0.31174484,83.35433467741936,1229.8471520251917,0.05168190799013921,0.069428734,blues
-311.11096,123.858894,9.263016,61.8723,7.2819457,15.691963,5.7986565,8.1550665,-2.0278316,-0.9114396,2.0914016,-4.3786836,1.2317157,83.35433467741936,1140.4883231881513,0.0478492966937355,0.05528645,blues
-268.13834,111.42646,2.957792,49.1572,13.34874,5.1754665,2.6100497,-2.5505166,-2.8239052,1.7767898,5.822925,-0.8218715,4.5638785,83.35433467741936,1229.8750054477853,0.056137616009280744,0.105850615,blues
-243.75406,132.70335,-16.211687,80.19216,-3.2012572,12.078392,-1.6247429,6.0131383,-9.477613,-5.6965203,-5.74261,-2.7919924,0.048756115,95.703125,1353.9215663795899,0.0677974550464037,0.08805848,blues
-213.70738,143.98396,-30.15648,61.874443,2.2101994,4.3163357,1.0074706,4.2167373,-7.0636353,-8.00634,0.8268226,-3.2106996,-0.93029714,92.28515625,1274.5566511049499,0.06235838710846868,0.10630698,blues
-234.07593,124.53789,-33.483948,78.09615,-5.008105,15.255604,-5.084995,3.3324966,-8.862082,-8.218816,-8.16329,-2.9998,-3.5181978,92.28515625,1550.5147492002172,0.08645976834396751,0.09239141,blues
-244.21274,144.39742,-17.96077,46.47133,19.89763,12.933279,5.548737,5.779453,-9.0425825,-4.1282115,-1.443709,-3.974826,-3.8149154,103.359375,1059.1554797015397,0.05101802675464037,0.11659793,blues
-258.8365,136.63223,-16.399996,68.00272,17.941298,13.084302,1.2491206,0.4417416,-8.913409,-0.76588166,-4.675212,-1.1440496,0.10017696,103.359375,1160.6348017101907,0.04758646316705337,0.085139126,blues
-249.23807,143.4755,-21.439468,63.53165,16.444782,10.325551,1.6420242,-0.7867895,-9.47713,-2.4451506,-4.1591883,-1.7100056,0.0047111777,103.359375,1128.0463017265654,0.04527647368039443,0.096888214,blues
-243.72162,102.28651,18.023201,24.749043,3.7966478,25.442013,-18.999142,11.504536,-20.221977,4.069729,-25.704117,-7.491084,-5.4861264,129.19921875,1556.4288096462485,0.0484361405162413,0.1261842,blues
-235.05217,96.233826,26.22188,26.45385,1.531223,27.144314,-19.450798,17.741951,-24.540272,4.659138,-21.997906,-7.6238604,-7.594593,123.046875,1864.665330811324,0.062281349695475635,0.11777436,blues
-223.39778,106.391426,7.6803436,21.169909,0.040516157,26.14806,-13.31562,16.92635,-22.942348,5.1855125,-22.57065,-2.379376,-2.6073647,135.99917763157896,1526.446696415889,0.04782777153422274,0.12956159,blues
-206.74727,118.65678,18.297573,25.759703,-1.2944535,20.201176,-23.055109,17.890387,-24.088266,-0.53906125,-17.25259,-7.909875,-17.961117,143.5546875,1424.8292698389407,0.04462732018561485,0.16359708,blues
-207.95853,113.326645,26.983843,31.702168,2.253332,18.182917,-24.020216,18.650433,-26.735983,5.4945483,-18.908936,-7.5567517,-16.8303,151.99908088235293,1477.0767694653214,0.0385810161687935,0.16091183,blues
-206.53528,122.12588,23.866648,28.079996,-4.826628,18.764742,-19.211628,17.537724,-26.273474,1.9444995,-17.493948,-8.121741,-18.284454,151.99908088235293,1234.813594780313,0.034681563587587005,0.18504705,blues
-211.5244,108.74323,20.65273,29.360785,1.419799,23.848782,-27.781,11.983868,-27.371038,-4.546158,-29.059717,-14.729352,-12.464164,151.99908088235293,1451.9018918264144,0.04305711644431554,0.15140222,blues
-225.80716,112.8506,20.557112,30.46329,1.9114275,21.134865,-16.12492,14.093339,-26.540922,-4.1012015,-27.154396,-14.10155,-17.139032,92.28515625,1261.1761996476844,0.04109379531612529,0.15647398,blues
-228.8313,112.93166,12.922347,34.48926,5.125159,24.071232,-18.582132,11.550979,-26.196085,-3.2309177,-23.911371,-9.35915,-9.134736,151.99908088235293,1283.6444275482502,0.044596731801044086,0.14624953,blues
-287.37668,117.89898,20.158482,23.820263,4.508553,25.063948,-6.2745833,14.995784,-11.74751,0.31088525,-13.346564,-3.7334442,-6.090809,112.34714673913044,1039.9689954612186,0.028929814385150812,0.11684859,blues
-277.33572,98.81072,21.470694,24.022873,2.4543443,29.05333,-19.414362,16.65028,-16.17675,6.481583,-20.607204,-4.0226936,-14.728002,143.5546875,1631.079938558834,0.05442466647331787,0.10260854,blues
-303.44595,103.63904,12.728767,24.942343,8.477983,24.109558,-16.458162,7.22779,-9.457068,-0.8111019,-14.053414,-11.08766,-15.279645,123.046875,1263.2117258695218,0.034663437137471,0.083783425,blues
-246.5525,109.85565,36.335205,33.900146,1.2319535,27.617727,-18.507545,13.580831,-23.076788,-4.562038,-28.875458,-11.59367,-18.21603,107.666015625,1361.299944638111,0.04021126377610209,0.13355054,blues
-213.58513,103.335495,30.876553,25.245174,-2.9909258,25.613596,-28.335964,18.73746,-28.56166,5.463318,-28.571177,-12.914012,-16.93623,95.703125,1705.4761712862503,0.05092399579466357,0.1512317,blues
-256.70624,113.333305,35.285107,31.58949,0.26123685,28.845924,-17.256184,10.314267,-21.830297,-6.3853774,-26.571892,-9.058005,-14.109751,107.666015625,1222.664300339867,0.034452717154872387,0.11417794,blues
-237.61118,106.5085,17.72835,24.570852,-4.2027473,28.42989,-15.064997,18.399822,-26.347906,5.60512,-19.7647,-10.688961,-15.487654,129.19921875,1480.7387556271362,0.04285319388051044,0.12570979,blues
-208.48775,108.66498,12.5467825,23.94273,1.4360666,31.363308,-20.44306,17.187618,-30.882792,6.284683,-19.823416,-10.427252,-11.234418,184.5703125,1587.7579165808208,0.048838321128190254,0.13482837,blues
-206.35774,103.95394,14.99434,28.831404,-3.0397582,32.329685,-19.017614,17.810638,-25.614172,2.4114778,-21.65285,-9.842844,-16.833855,129.19921875,1544.854022125284,0.04524135368329466,0.14669207,blues
-171.29564,118.437035,12.267077,20.651371,-11.300877,27.134893,-23.976141,18.480757,-23.784492,1.2381579,-20.000347,-2.7434788,-18.070902,129.19921875,1543.5054555708032,0.04831152117169374,0.18147285,blues
-161.94702,119.60584,13.482011,22.40384,-1.384284,23.53252,-27.773718,20.605976,-19.438768,3.6388962,-22.748175,-4.259822,-17.123371,135.99917763157896,1557.507019297391,0.04582366589327146,0.1781861,blues
-183.82436,125.221466,18.09986,22.451525,-5.52092,24.037256,-22.540367,18.494255,-25.48387,0.8593604,-21.024944,-6.335463,-17.505953,129.19921875,1418.6207472148628,0.04186983396171694,0.15980844,blues
-199.06445,115.69042,17.275665,26.22841,0.46591675,25.578068,-21.439383,11.035615,-26.213203,-5.237622,-26.077763,-11.632521,-16.91954,117.45383522727273,1299.4804434740286,0.03707312209976798,0.1948086,blues
-210.27698,119.13015,21.657152,26.860489,0.92652786,22.726717,-18.780844,9.047133,-26.713276,-9.169666,-24.57377,-13.332044,-16.58934,151.99908088235293,1128.6905886655657,0.03343423723897912,0.19465235,blues
-190.97705,115.04332,14.372343,23.344357,-1.0994953,24.867079,-26.829475,13.892947,-27.991444,-7.912009,-24.280216,-10.625175,-17.82203,151.99908088235293,1316.1098273454452,0.04004699282192575,0.20318444,blues
-345.0736,95.58496,18.762281,25.189915,6.7505345,22.26318,-4.9746776,10.955755,-9.78149,-0.708438,-11.158747,-6.7172046,-5.576558,75.99954044117646,1251.5602301570607,0.0526358124274942,0.062337708,blues
-339.3013,107.621864,25.118319,28.935602,6.22461,23.80256,-4.623804,12.870893,-13.504634,-0.59387475,-10.752975,-8.069172,-11.5034485,123.046875,1136.333396337149,0.04597660781612529,0.06395363,blues
-305.53467,109.53116,13.77194,27.508356,6.7913795,23.526287,-12.888372,16.031622,-10.296506,0.9598009,-16.075396,-11.391481,-11.02764,117.45383522727273,1177.3551025629247,0.045629939457656615,0.08082898,blues
-201.6305,110.6023,20.793472,25.720217,0.859557,20.480295,-25.416977,18.489843,-18.025196,5.134982,-26.251993,-7.575286,-19.334942,89.10290948275862,1504.1967626486191,0.04409145700406032,0.16218033,blues
-196.77608,112.309395,17.892149,23.084896,-2.089518,23.170609,-23.028946,14.039028,-17.489937,5.857399,-26.691864,-2.1385586,-15.37861,172.265625,1505.2070961135817,0.045109936919953596,0.15428275,blues
-179.21371,111.02037,25.37647,30.245937,-0.7527437,26.868822,-27.807451,18.330997,-15.375759,6.4838343,-24.149937,-5.3921766,-18.127342,86.1328125,1532.4795001972934,0.04371080155162413,0.18721835,blues
-336.67438,124.53049,22.297333,15.301177,11.105364,18.238316,-6.5891366,-2.317826,-16.197989,-13.71165,-17.286695,-15.16403,-20.399296,117.45383522727273,871.7540698902277,0.030944116154292343,0.0723946,blues
-307.82816,119.68908,18.068922,20.166872,3.0071762,29.062487,-9.934498,7.867909,-20.941004,-3.6222816,-18.237175,-5.877583,-15.496089,117.45383522727273,1238.1827854899097,0.03633107054814385,0.08141862,blues
-273.99307,104.99884,16.705793,17.300632,6.0356283,23.742514,-15.002011,3.1215847,-18.231947,-5.220161,-18.367487,-8.530627,-13.928149,129.19921875,1344.5327761491162,0.03851644069025522,0.103479534,blues
-106.34259,90.69161,-3.3028522,71.82423,-13.837281,38.758156,-14.59506,20.671907,-19.192808,17.072268,-21.433336,6.688122,-8.353021,117.45383522727273,2343.8209830045516,0.10337741081786543,0.1357855,blues
-109.099144,93.18901,-5.31081,73.923,-11.469567,39.38129,-13.161695,19.302057,-18.009136,14.639011,-20.244314,6.4115186,-8.501631,172.265625,2214.089132402401,0.09468917669663574,0.13604747,blues
-116.42628,89.50494,-0.1290769,77.56005,-11.134867,40.585567,-12.9336,22.74381,-15.391781,7.801254,-23.657034,5.7937007,-8.251843,112.34714673913044,2259.698811260635,0.09446372897331787,0.13214897,blues
-108.24701,86.793686,-2.7845893,54.892105,-6.9756002,40.52882,-5.71528,27.030354,-19.245707,16.514635,-17.191132,12.714971,-2.8124177,123.046875,2446.2965577368445,0.10325958889211137,0.12919086,blues
-108.89751,85.55657,-2.7084327,58.84182,-5.623323,38.84392,-7.142659,29.32872,-21.265316,11.006963,-21.19552,11.323206,-6.3889694,129.19921875,2426.924308397989,0.10379885078306264,0.12701474,blues
-105.54352,94.22942,-8.154475,53.90968,-12.564605,37.021065,-7.485534,30.427979,-20.0249,13.31562,-20.399729,13.246183,-5.565427,129.19921875,2298.6818381262947,0.09925251051334107,0.13067997,blues
-153.32051,67.766426,-3.9941237,78.99548,2.9659164,45.464672,-6.9197097,34.025665,-9.527253,8.395093,-23.539433,10.412145,-1.4408569,172.265625,2416.764563743011,0.11186851979408352,0.11236335,blues
-158.87015,68.05902,-9.268547,77.29963,3.6093678,45.64366,-4.3172917,33.62771,-8.348985,7.384911,-23.674856,9.225614,-1.7808255,60.09265988372093,2349.1789734289155,0.1046870468387471,0.10893143,blues
-167.03763,74.56004,-0.77776974,75.03703,4.3121295,45.11558,-4.216511,29.706985,-12.275928,8.399611,-18.923296,10.212988,-5.240166,58.72691761363637,2139.4803282545017,0.07641205046403712,0.11110653,blues
-107.201935,102.54831,-9.12574,45.452103,-8.281352,39.557625,-6.22178,29.195803,-18.15846,11.418031,-23.913542,6.859143,-9.14856,129.19921875,2130.079156465346,0.0861300935324826,0.12849982,blues
-110.115685,105.24237,-11.46234,48.03515,-5.9056935,38.263107,-8.47996,29.50072,-17.318233,15.391485,-23.863413,8.289077,-8.768146,129.19921875,2073.1511376392277,0.08598168322215777,0.12887797,blues
-111.079575,95.06951,-6.2476954,49.533405,-6.407799,41.977688,-11.78222,30.868284,-15.18506,13.56762,-25.684305,5.4601603,-8.791997,129.19921875,2263.462965208668,0.08883433330916474,0.124044396,blues
-119.53314,86.852776,3.0843334,69.006996,-8.671672,41.1786,-8.729054,26.944838,-15.310102,9.0280075,-20.97616,10.454966,-6.25938,135.99917763157896,2238.6090518992714,0.08364110535092807,0.13953134,blues
-109.294426,87.00324,-20.95293,61.196392,-6.208997,45.834732,-7.716336,30.047382,-9.435653,10.199617,-19.302036,12.30665,-4.4680257,135.99917763157896,2280.093198663354,0.10105495939675174,0.13115312,blues
-100.12914,87.561485,-8.465457,63.628185,-4.526761,44.36619,-8.881114,29.089613,-17.895817,5.645194,-24.56689,10.880347,-5.0000563,135.99917763157896,2317.349966635142,0.09259104009570766,0.13738447,blues
-165.80907,88.24503,12.524641,81.78216,3.5596302,40.44881,-5.606038,28.324842,-13.060175,4.0181646,-20.910954,7.6064715,-3.7978063,129.19921875,1757.9132426540193,0.046805892908932716,0.14724015,blues
-161.94778,92.981094,14.429532,79.51802,3.7430067,40.86181,-4.2745566,27.087673,-14.077915,1.8631464,-21.793486,4.652756,-4.20423,129.19921875,1668.1650237080246,0.04507028531032482,0.15313964,blues
-162.84106,89.65601,10.630497,81.97087,2.3607247,39.156124,-7.622409,25.27738,-13.509253,3.463044,-20.021366,6.834777,-1.7802604,129.19921875,1791.3348138713566,0.05199119054524362,0.1441753,blues
-188.36726,90.841805,15.82347,70.59038,3.886645,39.476055,-5.0482273,26.13128,-13.641738,4.107806,-16.484251,7.1906853,-6.601793,123.046875,1848.1898227938846,0.05212260730858469,0.1024954,blues
-190.3984,85.35455,13.183689,66.24269,0.67562234,36.530876,-9.708202,21.278408,-13.163912,4.8162866,-16.167244,4.1787076,-4.1408567,123.046875,1985.9035286989258,0.06389913536832946,0.09595471,blues
-169.29533,96.197754,13.103481,65.94289,3.2148228,39.498413,-10.7382765,25.163567,-14.788121,5.8701296,-17.611462,6.2795844,-4.93369,123.046875,1903.7008065092577,0.05894155126160093,0.10881013,blues
-148.3265,94.67742,5.8768845,75.2849,-9.769214,36.73958,-10.669596,18.203024,-22.53846,-1.8672167,-22.880136,9.218499,-5.854061,143.5546875,2030.304253462363,0.07457221577726218,0.106055826,blues
-161.3348,94.47642,5.7518163,74.86735,-6.859498,37.58232,-10.649294,18.042604,-17.560135,1.0197552,-22.348335,4.236103,-10.041293,151.99908088235293,1957.0951679075172,0.06910029364849188,0.106927365,blues
-141.82875,93.92231,5.3571396,66.35738,-9.754328,36.227646,-9.989088,18.529102,-25.078299,2.2780516,-23.062368,4.5307517,-8.067629,151.99908088235293,2051.5782681507867,0.08183752356438515,0.12329175,blues
-106.85089,102.68599,-19.170713,58.468246,-9.743418,34.924316,-16.678205,25.350756,-15.885211,15.992716,-20.464434,8.195269,-9.671549,117.45383522727273,2158.7421785335787,0.09874496991009281,0.12380159,blues
-112.83845,103.744225,-19.762117,61.78192,-7.033509,35.265774,-15.309516,25.415087,-10.184939,15.85497,-20.190357,6.437276,-7.869749,123.046875,2076.8466928886382,0.09080105314675174,0.121145375,blues
-101.27,104.092285,-24.035175,60.31364,-15.592406,33.318184,-12.965129,22.103588,-16.242228,18.462883,-18.296299,11.020962,-7.9561715,123.046875,2210.01820531355,0.10647590088457076,0.12635566,blues
-253.23169,110.75484,14.075157,68.713745,1.8753971,40.192123,-6.772352,7.266075,-8.716122,-1.817202,-23.261116,-5.6198916,-6.9818077,129.19921875,1363.1766700032804,0.04613634715777262,0.08542762,blues
-241.59961,108.98577,19.563112,72.710846,0.603515,47.64697,-5.6463814,11.439272,-10.960865,5.3443174,-23.661499,-1.2927545,-11.345997,123.046875,1380.1111723649426,0.04169536687935035,0.09684706,blues
-275.02728,115.44247,28.23761,63.952442,7.817548,43.983757,-3.5167527,14.933972,-8.714611,3.5710473,-16.835249,1.4460865,-4.8429728,123.046875,1212.9946635041688,0.0318345780162413,0.08311052,blues
-89.169685,96.232544,-16.167255,62.10761,1.846774,35.04776,-9.377209,18.017065,-15.332962,16.3975,-12.42414,13.192492,-12.907225,135.99917763157896,2075.81934871774,0.08898727523201856,0.16587743,blues
-78.78916,110.03136,-27.021915,55.136414,-3.1090286,32.849438,-11.15348,20.996605,-9.614216,15.437209,-9.451897,12.964957,-9.03374,143.5546875,1921.950803422773,0.08460520591647332,0.18657412,blues
-81.46996,115.256,-33.03426,54.33229,1.2455344,36.448956,-12.867254,22.832348,-8.937597,12.899404,-9.082452,11.633331,-7.5901303,135.99917763157896,1838.2426496320122,0.08338733504930394,0.19354606,blues
-59.283787,116.87979,-38.86916,66.91457,-4.3031564,15.019457,-15.726592,17.709278,-11.629006,18.381388,-8.41336,11.136661,-15.669193,99.38401442307692,1929.8736086047077,0.10635014863689095,0.19373083,blues
-50.208324,120.18808,-37.878937,66.23886,-5.825042,12.705977,-21.199581,17.027052,-11.137284,17.97203,-6.018539,12.952361,-17.568378,99.38401442307692,1904.2806407306705,0.1031304379350348,0.20075253,blues
-57.677937,107.90144,-34.486275,61.627235,-11.419963,18.059084,-11.827277,21.250727,-6.513618,28.151396,-2.6030324,14.343745,-16.424032,99.38401442307692,2096.208043023904,0.1097715160962877,0.1948769,blues
-235.1027,115.630684,-16.34498,67.3003,12.352773,18.161228,10.140902,9.248688,-0.9964339,11.949104,2.4160678,4.4065275,-5.9647284,75.99954044117646,1489.627148614487,0.06832085629350348,0.090235345,blues
-235.59024,117.99342,-10.954326,60.27091,14.017651,20.14007,10.821722,10.34485,-2.4459548,10.173477,-1.360592,0.81423247,-8.447991,75.99954044117646,1388.723191016042,0.06188823230858469,0.08879176,blues
-206.41403,121.36007,-18.339,68.46111,10.853203,20.016216,9.944727,10.819131,-4.3600016,13.480605,2.9989116,4.2749963,-8.749006,151.99908088235293,1454.2785889595536,0.07083023673143851,0.117302336,blues
-81.42305,107.14858,-47.13745,63.735165,-7.3500876,21.232607,-11.267483,16.297523,-11.050024,13.840016,-3.3063817,14.294488,-8.567378,99.38401442307692,2140.7066238681,0.1314552820475638,0.16757642,blues
-76.75146,107.40147,-42.775417,59.679333,-9.139539,19.531275,-13.601624,19.633526,-10.836842,13.251731,-6.423456,12.337625,-8.804556,99.38401442307692,2136.0850312925754,0.13532867785672853,0.17245594,blues
-72.32204,102.95787,-39.931057,59.652206,-10.142626,23.227287,-14.05579,20.10903,-12.574472,16.782019,-8.633463,11.798744,-10.919434,103.359375,2237.1934189022063,0.1310700949825986,0.16410077,blues
-62.15503,109.70142,-32.87989,64.83983,0.42324975,29.475645,-14.757023,22.057465,-12.444359,15.886712,-6.1567554,14.136882,-11.659861,89.10290948275862,1998.8807818075732,0.09690286941705337,0.19898866,blues
-51.01703,105.16293,-38.85309,63.78239,0.9708157,24.706373,-18.829245,20.172237,-9.759657,19.051048,-6.5293713,15.204801,-11.886051,92.28515625,2107.9128803883696,0.11275558294663574,0.20402439,blues
-60.96401,112.350494,-37.119473,63.566025,2.6786923,24.937122,-19.010426,19.215487,-6.607744,19.724623,-5.6772213,12.444431,-10.493238,89.10290948275862,1985.731721918978,0.09988467046113689,0.19881581,blues
-92.11194,98.00559,-40.70804,68.59066,-6.0975204,15.963618,-4.753553,14.865855,-12.992279,23.927032,-7.35961,8.747777,-14.347747,129.19921875,2177.8229343992984,0.14651722919083526,0.15691122,blues
-99.346565,105.53106,-28.553589,57.493484,-1.6676801,25.26422,-8.100186,22.309002,-10.610782,13.876652,-4.6150794,13.600925,-8.999315,135.99917763157896,1999.7795875906943,0.09380551225348027,0.15689659,blues
-104.85015,110.82587,-35.945225,55.909187,-0.6754687,25.419489,-10.578642,19.794226,-11.107381,13.140337,-4.1211805,14.18049,-6.4487395,135.99917763157896,1916.8107875178837,0.09837337768271462,0.15881163,blues
-156.25877,97.345726,-4.613588,57.0147,7.1438036,30.668213,-0.67356175,19.314064,-10.734878,16.734606,-6.651723,6.890155,-10.41138,161.4990234375,1795.4982064284563,0.06760032990139211,0.13960294,blues
-153.20117,114.24379,-16.67239,52.260822,3.3448133,25.884188,-8.036366,16.62569,-4.271984,11.800557,-5.8160625,8.331104,-10.26877,161.4990234375,1643.277391904468,0.06023759244489559,0.13432142,blues
-126.57471,97.24329,-16.380836,61.635956,-3.9214752,23.237,-4.243332,16.116999,-9.0079,17.188126,-8.416658,7.198194,-10.69328,80.74951171875,1996.0961063917339,0.09824196091937355,0.13809152,blues
-93.56264,115.54949,-36.283897,59.056137,6.4378266,28.807674,-17.19638,24.465158,-9.261204,11.931093,-5.6255236,8.52753,-11.247589,92.28515625,1882.7331649558203,0.09045211898201856,0.17881018,blues
-97.36982,119.99498,-36.69921,58.492252,5.6278243,28.69394,-14.523117,22.586832,-7.9682617,11.7695875,-4.826856,6.952851,-10.399093,92.28515625,1778.9548278909797,0.0799704992024362,0.17515968,blues
-88.28005,111.83175,-33.466637,57.188335,-7.824471,23.438948,-13.042292,20.427267,-8.423812,10.421732,-7.4579716,7.331381,-9.8321295,92.28515625,1999.9087747247509,0.09891717118619489,0.17323062,blues
-76.38044,88.51657,-20.537966,62.86176,-8.621609,27.739557,-20.386923,11.677324,-20.661951,16.10302,-7.278191,12.936787,-11.27762,107.666015625,2407.959744006766,0.12433498586136892,0.17442058,blues
-105.03862,117.105705,-35.130924,58.80209,-3.680339,18.162434,-8.106136,12.76117,-21.936243,9.481736,-5.3179436,9.429551,-7.2314825,103.359375,1874.4759748818706,0.09601240755510441,0.15655415,blues
-106.13937,111.69923,-26.727722,62.291447,-3.7866523,20.160116,-13.490716,13.332682,-19.439167,12.154894,-4.271042,9.599504,-10.931705,107.666015625,1923.1487278245966,0.0921933910962877,0.15425411,blues
-85.97452,90.532135,-25.643124,72.56662,-6.7300067,19.935316,-6.4004292,16.222515,-12.35833,21.18996,-7.701751,11.003981,-11.991508,107.666015625,2273.599148028909,0.16046439965197215,0.16862303,blues
-78.77205,88.95843,-26.88526,71.84831,-9.606932,17.010302,-9.22158,15.445211,-11.831185,22.24685,-7.4954195,8.750259,-14.453263,107.666015625,2333.4059782286754,0.16649371012180975,0.17005108,blues
-94.64931,97.03812,-18.307053,60.957268,4.0280337,31.85028,-14.608229,19.58494,-10.542853,12.393004,-6.464889,13.036033,-9.907888,107.666015625,2101.1454110364366,0.09879708345417633,0.17082126,blues
-59.110317,103.9297,-37.41244,66.45916,-0.8125234,27.352072,-7.6266646,18.446129,-16.320412,20.684736,-7.5987344,11.761116,-15.705719,151.99908088235293,2100.4683352468855,0.11793521606728538,0.1907111,blues
-80.20086,120.5724,-32.69417,56.507694,0.04035132,31.421356,-14.779325,22.401165,-10.947489,12.146498,-4.6436467,12.978439,-10.131487,143.5546875,1781.1895663467221,0.08012457402842227,0.19417854,blues
-63.87907,110.22716,-33.445652,60.607185,1.2992547,32.49298,-15.320826,22.248732,-11.765242,15.675134,-6.464603,11.818241,-11.313119,151.99908088235293,1958.9169378109539,0.0937658606438515,0.20283441,blues
-88.25696,95.000725,-27.820068,76.503006,-26.927261,37.292904,-21.928581,24.008017,-15.658268,10.23607,-10.751285,11.987373,-8.918343,129.19921875,2493.617914930314,0.16040888739849188,0.135315,blues
-79.19447,94.96816,-29.892313,77.06837,-27.757982,34.71719,-20.18458,26.731377,-15.890614,13.636805,-13.35222,6.451258,-9.916546,129.19921875,2494.52304832879,0.16939280923723898,0.14306405,blues
-80.90524,93.69371,-24.892962,74.4568,-29.043812,35.79634,-19.806293,25.668848,-15.596615,11.133975,-17.011003,6.950283,-7.5334797,135.99917763157896,2525.217133374576,0.17179229807134572,0.14632548,blues
-145.76112,96.90117,-22.09456,50.583427,-29.525496,31.07271,-17.449598,15.064538,-10.560016,5.7536592,-8.399294,6.2676063,-22.100433,112.34714673913044,2250.007284761213,0.1187373114849188,0.108306475,blues
-146.9859,99.84835,-22.010786,49.78754,-28.777344,27.517048,-18.415833,19.39685,-10.709995,6.853009,-8.650392,6.559508,-21.605555,112.34714673913044,2187.474315005624,0.10774701819895592,0.10255539,blues
-142.87073,91.35695,-21.517975,49.314278,-32.084515,30.241043,-21.377657,20.046366,-8.50618,4.643071,-12.2636595,6.9821634,-20.196518,112.34714673913044,2401.979307571851,0.12432478973317865,0.107499994,blues
-128.71939,67.832184,-9.288181,49.50713,-33.358124,21.564476,-26.376493,15.739156,-9.561259,12.25223,-16.345247,7.2378945,-18.909142,92.28515625,2948.551584528518,0.17073643235208816,0.09212453,blues
-131.14232,74.469246,-8.769069,49.373272,-33.434574,21.879047,-27.99454,15.261495,-8.419859,12.59906,-17.802553,7.947932,-19.169537,92.28515625,2781.603429595765,0.1500122353538283,0.09809837,blues
-128.11282,74.69838,-5.7901506,49.43709,-31.917255,21.968458,-28.275871,14.618388,-13.223784,13.073584,-17.450186,6.706169,-16.44158,92.28515625,2787.9348954429306,0.14165027733468677,0.09831517,blues
-85.38734,89.10169,-17.047764,57.08463,-34.495876,15.274636,-23.865406,10.001434,-14.183469,11.141616,-15.642095,9.030447,-19.107056,78.30255681818181,2557.564431140522,0.1449005764211137,0.11456323,blues
-85.87847,87.53621,-15.948397,62.543194,-38.762524,13.54159,-21.959394,9.709487,-15.281243,12.664756,-13.616816,8.792139,-19.606094,78.30255681818181,2577.655192940343,0.15392868148201855,0.120153904,blues
-84.762184,90.3779,-16.553745,58.606777,-35.239063,14.910831,-21.632908,9.80004,-15.54244,10.25986,-15.699238,8.151745,-20.552406,78.30255681818181,2524.7602118719933,0.14088896642981438,0.116983384,blues
-114.12222,72.28469,-20.828453,47.05602,-32.077965,23.707779,-27.783493,19.877724,-13.481264,10.338325,-19.55638,7.6003547,-23.979927,107.666015625,2894.480461167118,0.1509752030162413,0.10450374,blues
-119.982285,78.82469,-21.146557,47.188488,-32.159603,23.396465,-26.062654,17.221153,-12.785652,13.122404,-17.277473,6.961835,-22.35781,107.666015625,2712.6180557267817,0.14010386455916474,0.09968572,blues
-121.09949,73.55475,-17.555475,46.548466,-33.408848,24.326008,-25.183046,15.944392,-15.110215,12.347866,-16.754711,8.062279,-22.3047,107.666015625,2841.455432064614,0.14720490139211137,0.09635448,blues
-118.415695,95.020744,-14.865913,47.11685,-24.988789,28.605192,-20.053885,17.905552,-14.205315,9.352289,-17.529842,10.252019,-13.574812,80.74951171875,2399.851765640949,0.12189924412703017,0.11188735,blues
-114.34721,96.86083,-15.712884,48.258575,-24.491877,28.630266,-21.896544,16.655767,-13.799486,7.1907015,-17.05993,13.198267,-13.333369,161.4990234375,2371.3582831460303,0.1249932025812065,0.1108967,blues
-117.24121,100.95039,-11.512613,51.84518,-18.722914,26.44104,-19.085238,21.79005,-16.261288,9.318792,-15.703406,9.946511,-15.061514,83.35433467741936,2249.039732453989,0.11783552059164733,0.10821533,blues
-95.86878,102.71316,-21.054792,47.4687,-28.484663,20.421041,-19.256145,14.98794,-14.384,13.655493,-13.030715,6.753631,-19.168818,161.4990234375,2226.7123489068977,0.10804950333526682,0.12805738,blues
-92.61728,97.548904,-19.24357,46.54879,-30.284985,24.136782,-23.142832,14.264582,-13.519115,12.994188,-17.15858,9.608119,-18.749107,80.74951171875,2398.875263120996,0.12103483903712298,0.13069335,blues
-98.48024,104.56174,-22.371773,52.59329,-32.653133,18.524881,-13.113318,13.813577,-11.1033535,14.265162,-12.607409,7.472508,-20.294912,161.4990234375,2149.922151518467,0.10861255619199536,0.12788036,blues
-113.63305,88.047516,-9.862737,50.59653,-36.01146,16.936678,-16.401453,14.4264555,-11.137455,15.884514,-18.27111,6.2150245,-19.077457,161.4990234375,2560.7851813589205,0.14568794409802785,0.10307949,blues
-113.83142,89.90263,-10.154732,49.485428,-34.52318,14.343269,-18.423399,14.540796,-11.697748,14.657908,-13.908974,9.654792,-17.379978,161.4990234375,2467.3700694562403,0.12807809781032484,0.10148224,blues
-112.46262,88.51846,-6.969087,48.6327,-33.46093,16.520699,-18.684557,15.395277,-11.00484,15.813267,-13.268634,10.646169,-19.641556,161.4990234375,2512.460329408412,0.13103950659802785,0.10426311,blues
-127.58269,103.546455,-22.162155,48.346252,-40.873585,20.433475,-30.377563,3.1022332,-14.506386,7.6981163,-19.279867,6.1187034,-17.286564,123.046875,2196.217316384782,0.11699830517691415,0.117970265,blues
-119.76477,96.155525,-17.556322,47.215984,-36.75313,27.930372,-35.437805,10.67449,-18.554821,7.7662997,-21.23723,7.7072153,-20.90899,80.74951171875,2407.6757408232534,0.12539085158062646,0.11227898,blues
-117.9833,90.02475,-20.495665,49.74568,-40.10755,27.210375,-34.273514,11.813776,-21.58605,4.123245,-20.560705,7.7413807,-20.930649,117.45383522727273,2509.434573109977,0.1322097955336427,0.11899775,blues
-131.562,104.90916,-20.875593,45.407753,-26.0183,18.1816,-29.66835,20.039324,-16.507534,6.765743,-13.558444,8.738385,-13.589278,151.99908088235293,2190.9388436323725,0.09716230423433875,0.10501934,blues
-135.6299,109.3836,-22.736795,39.774563,-26.886646,19.810112,-23.416054,19.424625,-13.905613,6.735637,-8.972179,7.5634575,-10.908366,143.5546875,2077.2337156532208,0.09563741661832946,0.10495937,blues
-132.83798,104.21555,-24.023148,41.48965,-29.26581,20.58992,-27.813847,19.428532,-16.766176,8.581827,-10.9672575,5.1487017,-11.67638,151.99908088235293,2211.3899704117725,0.10173243546983758,0.10800813,blues
-87.645,91.00536,-13.17485,55.5842,-34.530266,18.874748,-19.462687,14.160875,-13.378931,14.3796,-16.215315,9.584943,-18.242264,73.828125,2511.7065552824765,0.14931889863689096,0.120833695,blues
-84.37056,98.04607,-16.089008,50.70532,-36.14182,18.695993,-19.997822,13.239771,-12.73164,17.164434,-12.469196,13.39924,-17.793139,73.828125,2377.004989741968,0.12858223970417634,0.122216545,blues
-96.49814,92.72859,-14.712841,57.224968,-30.15366,21.025906,-20.161879,12.007287,-15.829485,12.619377,-16.52359,9.144138,-18.339718,73.828125,2399.689747096601,0.12548941415313225,0.11808212,blues
-110.045425,83.40486,0.31533927,42.422012,-38.828415,22.134233,-28.38309,14.364002,-17.721247,5.7062964,-15.477519,5.5771637,-26.678806,103.359375,2738.3177969781746,0.14745753879060325,0.10038925,blues
-119.44361,91.5786,8.283513,45.410954,-39.617733,18.679632,-26.99214,13.393683,-17.32435,5.1322846,-14.776944,3.6038384,-28.291868,103.359375,2495.2058874485288,0.11740841611078887,0.107884616,blues
-126.59679,88.06334,11.015259,47.459564,-38.284767,21.660889,-25.269917,13.693244,-16.678272,4.6047463,-16.898838,2.8594894,-27.719448,103.359375,2551.6278287596633,0.12222438732598608,0.10299747,blues
-37.1871,107.28135,-20.187178,56.070194,-13.749767,19.742094,-16.245249,16.535494,-17.626825,9.45716,-12.863853,9.571922,-7.787052,99.38401442307692,2020.866998038078,0.09378398709396751,0.2508435,blues
-28.50387,103.64895,-20.493357,56.87267,-12.770388,20.119957,-18.476679,17.316315,-18.88784,7.487674,-11.242743,12.280326,-7.482799,99.38401442307692,2097.3131182142292,0.10295936956206496,0.2636384,blues
-25.067339,100.72627,-18.961061,56.638283,-12.024874,21.08634,-17.666283,15.430185,-19.146517,10.216307,-11.204199,12.15457,-11.6139765,99.38401442307692,2165.7805750899406,0.10432678364269142,0.26357132,blues
-45.21057,90.371475,-6.4446306,40.192196,-5.2441835,28.790354,-24.928589,20.130936,-20.85752,12.552301,-14.37347,11.849332,-4.529788,107.666015625,2506.674088873517,0.12385463493329467,0.20111822,blues
-78.78553,90.06125,0.008451174,40.542297,-4.6637526,25.191097,-23.501629,21.651268,-18.405058,12.279272,-15.601725,8.599723,-4.0310006,112.34714673913044,2449.3841050526585,0.11033117024361949,0.1831636,blues
-45.58914,84.96537,-0.19587754,44.722412,-8.675855,31.151941,-25.287226,25.29087,-17.78211,13.843007,-12.867863,16.750711,-4.9945292,112.34714673913044,2589.7572199288543,0.12770990429234338,0.20589277,blues
-87.803276,96.81057,-16.278416,51.102207,1.6425495,28.286592,-15.300979,24.259958,-16.411516,15.530677,-6.642388,10.059183,-6.007324,117.45383522727273,2163.867235115963,0.10678518343967518,0.19169489,blues
-68.78841,92.042404,-18.785635,56.24373,1.4975877,30.28672,-14.867565,23.95217,-16.943129,15.300226,-6.4664755,13.452324,-7.3109055,117.45383522727273,2267.8658892118838,0.11326878806554525,0.21055207,blues
-103.05228,89.885,-11.533582,55.313305,-0.92657274,36.585766,-14.135018,22.18942,-12.106753,15.607891,-8.503203,13.480612,-5.429937,117.45383522727273,2241.4980522845112,0.10510395519141531,0.17357193,blues
-57.827827,72.563156,-16.47768,55.692966,-3.723417,33.5586,-16.392202,23.956259,-12.718875,26.508692,-8.920065,8.282282,-10.883935,117.45383522727273,2672.2906847843224,0.13369389863689096,0.20962103,blues
-48.772766,75.11263,-19.560484,56.369488,-3.7461543,31.416862,-15.355897,22.196245,-12.556171,27.480587,-10.200487,7.417425,-10.545345,117.45383522727273,2653.310348174006,0.14016504132830626,0.21730742,blues
-51.420887,75.746635,-20.033587,56.67116,-4.398637,30.930182,-17.51226,21.044903,-11.5053425,27.586721,-8.554833,7.664229,-10.239498,117.45383522727273,2609.82897339587,0.13479394757830626,0.22920907,blues
-32.992146,107.407425,-28.817818,36.96427,-8.109772,31.367086,-19.25629,26.798664,-12.826363,16.609804,-11.335336,11.452371,-10.424877,99.38401442307692,2152.45887958608,0.10494308294663574,0.24019341,blues
-34.839977,100.695786,-28.032959,39.832203,-9.256301,30.000267,-22.743322,26.75199,-10.585372,17.000648,-13.977004,10.257926,-11.06402,99.38401442307692,2277.6547273150913,0.11345798288863108,0.23472248,blues
-19.610395,105.82553,-36.245728,37.814407,-6.800489,31.472681,-19.969885,24.088634,-15.678411,17.313576,-11.693359,10.790162,-10.41927,143.5546875,2188.177545732987,0.11556518271461717,0.25376633,blues
-4.46231,101.92033,-36.174644,42.673542,-12.56881,31.153273,-21.39386,24.098167,-16.908743,15.664165,-14.727983,13.155847,-13.292662,117.45383522727273,2301.4599550627786,0.1225608595562645,0.262522,blues
0.3623897,103.11044,-34.798054,39.841816,-15.107303,32.32977,-21.95522,25.30603,-15.975344,15.876143,-14.188511,13.331611,-13.170103,123.046875,2312.760665717103,0.12212355894721577,0.2619702,blues
-4.3903394,99.53903,-31.632708,42.825024,-14.562098,33.11432,-23.032997,24.779543,-15.482589,16.630354,-14.975584,11.743344,-14.414271,123.046875,2387.7522217202645,0.12623713022041763,0.24843764,blues
-10.193752,89.956245,-23.878208,45.79526,-8.272773,33.130466,-18.125164,30.163837,-9.795412,15.582315,-14.430937,14.847896,-16.018602,78.30255681818181,2476.9814194643636,0.124037032337587,0.25954336,blues
-7.0418677,93.156654,-25.140013,47.24467,-10.617422,31.150068,-19.746887,27.960756,-8.092148,16.193232,-15.514196,14.354063,-16.04738,78.30255681818181,2424.1521104149774,0.12210656540023201,0.27743745,blues
5.6615567,96.83441,-27.414375,43.59548,-14.761474,32.432587,-17.358267,28.808594,-13.8836975,13.271993,-15.779778,16.09673,-15.729104,80.74951171875,2427.5014611323,0.1272669391676334,0.2744585,blues
-58.692715,123.830734,-33.938515,34.80109,-18.81283,23.682348,-13.045502,19.08227,-10.864482,10.310118,-11.107504,10.473567,-8.2215605,117.45383522727273,1778.6053606349697,0.09018022223027843,0.23964775,blues
-58.451946,118.96977,-32.676838,40.72932,-13.027964,19.547863,-18.363623,18.985054,-8.234013,11.734416,-13.021573,12.858512,-2.4074106,117.45383522727273,1814.5150212975384,0.08927843133700696,0.24128468,blues
-47.641556,116.26542,-38.539288,37.66122,-16.324095,23.60567,-13.1510515,18.029287,-10.313173,12.255369,-11.613388,11.69691,-9.105708,117.45383522727273,1888.2732351626623,0.10210629350348027,0.24511693,blues
6.6188445,106.7912,-40.66231,47.98461,-21.850952,26.347654,-20.561014,18.292957,-12.711691,14.112014,-15.292582,17.288807,-13.1079,103.359375,2227.1104353137935,0.13471124564965198,0.27597404,blues
3.3964906,113.64302,-43.422455,47.608894,-21.455708,26.281984,-19.755686,17.865862,-13.547489,14.410272,-14.358539,16.294506,-14.3296995,103.359375,2104.2264662434395,0.12211676152842227,0.27950677,blues
-91.181694,101.88091,-56.6127,27.461452,-21.371588,22.028553,-16.789206,9.871225,-19.076645,8.566785,-16.28291,9.618031,-14.313429,215.33203125,2019.5850351102754,0.12434291618329467,0.18811679,blues
-18.9866,110.41562,-27.344316,38.12703,-22.976648,22.096413,-22.594194,23.499104,-16.788479,15.67198,-13.494246,6.513097,-7.9097395,123.046875,2148.0169295532046,0.10858536651682135,0.2629963,blues
-28.187637,111.554794,-26.05194,36.063496,-21.98275,20.77526,-25.726456,20.922482,-18.780293,15.455294,-11.5267105,6.058253,-7.542338,123.046875,2095.2939875288644,0.10288119924593968,0.2578535,blues
-41.709843,104.86048,-24.16395,41.837788,-10.840768,23.23469,-27.910156,23.493618,-18.002213,13.578699,-11.950581,4.5172205,-8.340712,123.046875,2182.732649927037,0.10335022114269142,0.23186477,blues
-18.311274,99.49063,-27.51202,50.814087,-16.3752,29.948866,-18.951345,26.470304,-12.059096,14.218463,-9.772599,12.86639,-9.408706,135.99917763157896,2289.579543440199,0.1226344982598608,0.25737125,blues
-19.316143,99.27739,-22.961504,49.35571,-15.316804,30.098188,-17.387802,28.535713,-11.242512,16.035364,-8.092954,11.232193,-10.707269,135.99917763157896,2321.270053239958,0.11413772476798144,0.24969408,blues
-22.309065,98.24255,-23.19345,48.871185,-17.178053,30.804796,-18.005583,27.93275,-11.13753,14.598317,-9.122017,11.136484,-12.788032,89.10290948275862,2332.9173992735737,0.11645111296403712,0.24560992,blues
-50.609993,114.431046,-33.25046,37.53877,-7.105581,22.862682,-18.48215,22.079716,-12.446029,12.443837,-14.273775,12.96033,-10.294317,112.34714673913044,2024.488855131265,0.11265135585846868,0.21931034,blues
-33.05486,111.31288,-31.431414,39.06576,-6.784919,23.768896,-18.909325,25.229893,-10.760514,14.097419,-15.283274,13.416277,-11.793178,112.34714673913044,2077.7534756803498,0.11126694823085846,0.24713407,blues
-34.559135,112.00739,-32.419003,39.636692,-6.69566,24.889553,-20.478542,25.983192,-11.069882,14.586033,-14.994585,14.934486,-11.990733,112.34714673913044,2082.399492845225,0.11576004205336426,0.23764253,blues
-146.0983,104.747246,-8.906674,43.632217,11.106974,41.682823,-2.3929446,8.362501,-18.305801,0.2974921,-12.221479,10.056379,-5.0604873,143.5546875,1735.630078537637,0.08838003915313225,0.16122016,blues
-198.28189,143.73544,2.967413,45.141773,13.805465,17.625767,-7.750664,14.470093,-13.210736,-1.6502756,-4.136314,0.6731269,3.4452038,143.5546875,1126.991335106955,0.0461827961861949,0.14519985,blues
-197.54156,148.02695,5.591097,42.623432,15.500329,19.289928,-7.5206537,14.875708,-10.627187,-0.42426515,-7.8438115,-1.2327793,2.749683,143.5546875,1074.615299593685,0.0432508428799304,0.14356428,blues
-219.54872,128.6258,5.844588,36.892117,11.232917,21.03066,-5.819113,12.278471,-13.26569,8.282229,-0.6667111,0.72496694,-1.8446481,123.046875,1388.6818309819846,0.05868211644431554,0.10812148,blues
-203.09753,131.33226,9.937187,41.16197,7.99017,22.078325,-6.853541,14.185336,-9.05979,8.758637,-1.011302,3.180474,0.9479596,123.046875,1385.0746667237343,0.05270491951856149,0.12566783,blues
-217.70111,160.01709,10.141643,30.23767,17.275202,19.345425,-5.2225256,7.362859,-4.992288,8.20789,1.3272208,4.752123,-2.8830662,123.046875,969.7684368309687,0.03494213130800464,0.14067934,blues
-170.23643,127.19487,6.028246,47.114246,2.6922808,27.196732,-8.066655,15.895263,-11.737116,0.5888069,-8.877278,-0.9568808,-6.381435,172.265625,1379.3207174665351,0.0481359211861949,0.15523681,blues
-142.08961,128.53148,-4.2708716,47.163864,1.0270013,23.142803,-11.279181,16.873917,-11.996463,1.8862802,-6.2212586,0.25406465,-7.7535563,86.1328125,1425.3170333873386,0.05024312101218097,0.17140074,blues
-156.57147,124.81689,-0.46367636,46.57496,-4.2540793,28.971338,-16.134853,16.876781,-14.703123,3.8976355,-7.223495,0.6449845,-11.12983,86.1328125,1525.2359591995,0.054126712949535964,0.14673914,blues
-229.01897,146.787,3.7313087,43.35603,20.586853,18.829878,-4.64485,15.54662,-8.447393,5.7237763,-0.9493829,1.5827597,-0.85136294,172.265625,997.746072059098,0.030463765226218097,0.11820862,blues
-197.83339,157.02914,-4.327449,38.809044,18.309372,18.828217,1.607285,14.775325,-12.66387,1.229083,-6.2050114,3.8473976,-0.20534919,172.265625,933.0606057564421,0.029070294373549885,0.13993366,blues
-157.61382,153.92036,-5.0679593,37.31283,9.051583,18.665613,-2.6047757,15.692505,-14.909814,1.5415266,-9.073537,7.2196655,-2.3646276,83.35433467741936,1091.6431252055095,0.03646588602088167,0.16758445,blues
-349.79193,146.47871,20.959047,18.713743,17.569773,6.7709055,3.38436,7.2920637,-2.256411,3.0431867,-1.1722628,-5.1533494,2.448956,107.666015625,836.7964214942365,0.028512906032482598,0.047748026,blues
-387.69708,130.57295,48.84997,25.413368,20.357088,19.519299,9.554284,5.890532,4.1099334,6.760347,4.3148336,2.675817,0.44430995,73.828125,604.5657983731259,0.015844783207656612,0.05479184,blues
-312.5194,152.20497,-5.2102804,27.09885,15.590746,10.043747,13.093121,8.78955,-8.90906,7.406693,1.1559063,-4.283383,6.457437,107.666015625,953.9842400511483,0.03237497281032482,0.055683438,blues
-185.71512,116.19916,15.690824,58.93044,4.4767995,29.639746,-7.562071,21.327417,-13.8049345,5.2894745,-6.5047984,1.3785225,-5.898203,71.77734375,1576.4840587897484,0.05740986622679815,0.1341133,blues
-168.16336,108.588104,0.9771637,54.160076,10.522794,31.087034,-13.212676,18.832218,-14.227316,7.355596,-6.5336432,2.9434223,-7.897107,92.28515625,1818.1406354191026,0.06955572070765662,0.1250716,blues
-179.78586,122.713745,12.012533,50.21122,6.7792187,25.264698,-7.4919214,21.014421,-17.960938,6.854149,-4.783715,0.50164217,-4.39373,143.5546875,1445.2631093170871,0.0472715160962877,0.13593102,blues
-251.56714,164.25452,10.049835,27.399916,9.167702,22.638754,2.2052298,12.866129,-0.8816653,8.295429,-4.0166154,4.392398,-3.6822302,61.5234375,906.136751963488,0.029274216937354988,0.10255452,blues
-208.19185,166.02246,-10.051877,28.11427,10.382851,18.090569,-3.8983853,13.530418,-3.0610304,10.024747,-4.6487064,6.7663207,-4.323787,129.19921875,1048.5642875297024,0.04115837079466357,0.112514675,blues
-249.2293,154.8638,-3.5793865,26.335033,9.17548,21.162495,2.3770285,15.084226,2.3579025,12.229813,-4.6792507,5.395372,-3.1739376,61.5234375,1023.586906808932,0.037530814965197216,0.08255996,blues
-371.0392,136.03346,30.083456,47.151325,32.10317,28.318447,9.136532,9.74925,-2.42294,3.4897118,-3.2080836,1.4419098,-0.46786606,83.35433467741936,770.1020929040509,0.024172754132830626,0.05276185,blues
-318.13382,123.20793,23.005295,52.21332,29.710543,24.154188,1.9098622,10.004091,-6.30526,6.1988063,-3.2630227,-1.8684844,1.7444527,80.74951171875,1141.8096052818125,0.04402914733178654,0.063768014,blues
-321.22372,140.98904,23.197237,32.455616,27.925285,20.47824,3.7040896,9.139978,-4.547358,3.1904156,2.3316,0.57630914,2.2260413,80.74951171875,843.4661151324458,0.02847891893851508,0.072482176,blues
-349.87195,171.55605,25.191586,14.473108,34.966396,22.619616,6.095226,10.255934,4.6724277,1.397812,7.2373114,2.6384997,-10.129536,143.5546875,574.9176494557898,0.021978320765661252,0.061374977,blues
-359.13315,169.0171,30.939032,15.03389,26.268303,18.680593,9.60021,10.644858,6.2085567,4.1463,3.9055872,1.073486,-5.5037837,80.74951171875,571.4883680847282,0.02241788718097448,0.059265118,blues
-347.09448,174.26294,35.29601,22.076038,24.789211,16.054495,7.79689,9.574153,3.0058765,3.4258354,0.39867243,1.876377,-2.4669433,60.09265988372093,567.3935831109753,0.020618837006960558,0.07684477,blues
-143.5253,102.67741,-8.001375,43.322323,1.546188,33.48731,-1.6863778,11.447202,-5.6933312,2.4746609,-5.0507927,6.964108,-7.563592,103.359375,1759.7365789173145,0.08961037195475638,0.14865436,blues
-244.58865,137.36157,19.128098,40.930607,16.893938,12.753641,3.2873495,13.638264,-5.7085824,4.280057,-3.0837014,1.2332973,-0.68130004,103.359375,1002.0549903744499,0.033962170098607886,0.13182317,blues
-230.895,140.45795,20.093832,45.74418,18.807592,12.314834,-0.7418568,13.358174,-2.4500284,5.6476626,-5.168411,2.9206903,3.7966676,103.359375,961.0041623675756,0.02896153567285383,0.14191788,blues
-145.09863,141.94514,4.361172,42.339607,-7.823087,18.978804,-13.626035,28.125559,-15.246827,5.766115,-1.7590716,1.0542581,-7.050145,135.99917763157896,1356.6023717072987,0.05271398274361949,0.17790267,blues
-129.1898,146.66052,-2.7127628,35.2936,-3.3467503,20.139355,-11.372587,22.961103,-16.50662,8.744515,-0.8356622,4.6549377,-5.9109387,135.99917763157896,1285.9139325707263,0.05274003951566125,0.19067787,blues
-118.39067,132.60301,-6.8140564,41.553146,-9.13339,21.400244,-9.830164,31.73327,-18.952421,7.543444,-1.9729804,-0.0004677474,-7.7117805,135.99917763157896,1525.4839608641055,0.06511020881670533,0.19200219,blues
-351.62057,150.65002,-8.84249,20.815336,-13.792911,11.160868,-3.545056,8.024842,-13.0694,7.0579433,-19.18879,-0.88990235,-11.8633,78.30255681818181,1089.204612455704,0.058004640371229696,0.03404878,blues
-325.07617,143.7636,14.392668,28.912512,-10.310913,11.727317,-2.746394,5.85751,-5.6892867,5.913221,-14.115901,1.3836178,-13.108987,143.5546875,1103.4194265736455,0.04713330191415313,0.048789058,blues
-272.51285,133.43066,22.499561,47.9452,-5.4424343,28.312143,-7.6855626,11.652364,-5.235849,-0.1883963,-5.518502,8.876085,-11.83485,151.99908088235293,1204.4302857143969,0.03952699028422274,0.07100382,blues
-125.90355,128.52934,-13.750402,50.74846,4.8549194,20.005846,-6.7171235,19.247717,-15.461023,15.961657,-7.198343,6.4701796,-2.036886,117.45383522727273,1523.66201750781,0.05638458889211137,0.182834,blues
-118.57249,127.48762,-8.487661,52.421097,5.2656307,20.642954,-8.468834,19.581533,-14.650899,14.412103,-10.430065,5.5920663,-1.4415028,117.45383522727273,1511.9075853795223,0.052397902769721574,0.19729686,blues
-201.98717,181.9793,-6.4948297,42.86253,20.73592,14.048184,6.598795,12.621094,-4.935085,-3.6894445,-7.3361063,-1.9317966,1.0182087,61.5234375,675.203746942736,0.024893280524941996,0.21370433,blues
-91.06783,107.75801,-27.57372,51.14484,-22.2176,29.359829,-9.097106,18.62967,-11.341314,17.578358,-15.992165,15.591201,-8.437632,123.046875,2170.6213914690616,0.12362125688805105,0.12750193,blues
-89.06987,96.424034,-19.733503,54.943047,-23.11807,32.62373,-9.897516,22.370888,-13.105605,19.081707,-15.602875,13.509222,-12.230476,123.046875,2382.867134590873,0.1308480459686775,0.123029575,blues
-92.57142,96.921196,-25.232534,52.3605,-18.236399,33.321583,-15.333936,19.976608,-8.986146,16.794653,-11.373525,10.547879,-14.314563,123.046875,2377.417769574493,0.12991906540023201,0.12514344,blues
-194.13312,139.0373,-21.278944,39.449245,-17.063969,23.368801,0.9794865,5.5764623,-5.7983646,6.2241178,-6.1864624,3.8095534,-12.098971,92.28515625,1396.95292537479,0.06319446962006961,0.0977997,blues
-170.39117,133.95114,-20.986954,41.56048,-20.650434,19.770407,-2.256029,5.527969,-9.551844,4.4608436,-11.435768,3.906892,-12.256004,92.28515625,1569.476844969848,0.07689353429524362,0.1046972,blues
-168.11494,136.7418,-39.476723,29.129566,-19.548016,20.536692,-4.945996,-1.1842921,-2.2536006,6.96112,-7.4123654,9.875165,-8.535363,92.28515625,1651.1585101794528,0.08392999564965198,0.11237353,blues
-268.04532,134.17143,-35.539528,23.814587,-13.067281,20.569859,-10.266088,6.1272335,-12.058834,9.376743,-2.9977913,8.890343,-5.018629,95.703125,1526.937916250833,0.10231474767981438,0.034642894,classical
-257.79037,136.74057,-35.09172,30.04935,-13.548053,16.950247,-10.682859,6.5098734,-14.839897,8.335236,-4.52532,8.539111,-0.6046229,184.5703125,1511.6511092594574,0.09635341139791183,0.038483042,classical
-280.21487,138.36298,-33.657925,24.988234,-14.240917,18.018593,-10.759289,5.8980327,-17.006786,6.1556344,-5.667557,8.42986,0.5575186,92.28515625,1478.3128506648825,0.0956249546838747,0.03547823,classical
-327.27832,143.25221,-23.264017,37.795788,-10.813658,11.568434,-16.487906,8.010051,-11.829072,4.8353624,-10.935912,4.0086746,-2.922863,117.45383522727273,1281.036733337529,0.07044844837587007,0.025231536,classical
-329.99246,134.58022,-26.251753,19.100464,-13.405631,21.900785,1.2464101,4.0823975,-8.188804,-2.9498906,-10.248435,-0.18104118,5.691787,107.666015625,1328.9267364544717,0.09489083345417633,0.034313004,classical
-319.67682,130.5343,-33.163048,23.49924,-18.487087,26.048048,-7.2992992,-1.3060228,-16.967808,0.23346132,-6.380179,10.443988,9.195921,112.34714673913044,1475.0467615402156,0.09737982163573086,0.032171417,classical
-228.1016,142.01338,-38.86031,26.914703,-20.59738,27.62762,-9.057471,7.5030317,-20.617006,2.895392,-12.860129,9.717518,-1.6656247,198.76802884615384,1495.3042364269554,0.09515253407772621,0.05057785,classical
-238.10648,144.70776,-31.386656,34.6122,-13.579512,21.073126,-11.11312,9.21828,-18.62213,6.5308013,-10.870251,7.618436,-2.2542574,99.38401442307692,1430.527400865074,0.08220458417923433,0.04145759,classical
-240.91862,138.2757,-35.335033,33.02768,-16.556732,22.170216,-14.407795,7.6646132,-19.160967,4.5885763,-13.009894,10.575874,-1.5432414,99.38401442307692,1545.3473853047942,0.09236219366299304,0.03931519,classical
-327.72525,123.97154,-37.402615,37.99418,-7.8119087,22.992392,-2.9842038,-8.99328,-6.515794,4.5094633,5.026711,7.1265182,6.851481,73.828125,1609.2845279960954,0.1215015951276102,0.030619318,classical
-353.9051,126.43416,-17.140783,36.5539,-0.9948255,17.248892,-2.1666405,-0.81372154,-3.3658779,5.7469554,-1.4151413,3.8276246,8.91008,56.17357336956522,1435.2816887784884,0.09455436122389792,0.0236382,classical
-301.84982,136.31119,-41.722347,41.656292,-10.701074,25.353983,-2.903966,-1.571808,-4.379456,7.22856,-6.993579,-1.3640745,5.019249,107.666015625,1537.6255675769369,0.11012271606728538,0.033947464,classical
-266.83527,119.33465,-29.086706,31.691017,-16.067827,8.363833,-15.405889,9.834335,-8.048127,4.1363673,-20.019676,-0.3563881,-6.0116577,80.74951171875,1623.8169682289583,0.09949495178364269,0.041061364,classical
-247.9384,119.16733,-41.512566,32.57893,-19.232002,12.439467,-17.1992,8.273014,-3.860689,10.123525,-19.494474,-0.7363733,-6.774982,161.4990234375,1788.7866864133,0.12187092154872389,0.043962542,classical
-267.10428,121.56793,-39.48268,34.695774,-17.389818,14.02952,-17.273405,7.029498,-8.259583,13.101302,-16.854683,-0.16729636,-8.404081,161.4990234375,1707.81062489175,0.11643751812645012,0.04169242,classical
-225.21304,142.34447,-29.965147,44.8097,-11.803038,14.343372,-16.078547,10.837545,-11.139704,13.609054,-10.370171,3.3527114,-8.749179,143.5546875,1448.9153042145156,0.07616394467807425,0.051483225,classical
-340.453,135.52148,-33.7331,31.260612,-3.999548,0.1750021,-8.796863,-0.8507644,-9.17873,-0.36176124,-9.250479,0.9357933,-4.318027,135.99917763157896,1396.0418281174673,0.07222030887470998,0.027706603,classical
-231.82253,142.91644,-32.236687,42.157448,-9.571194,8.82715,-12.986384,6.1604,-11.080068,6.172692,-10.847305,5.459546,-2.9088352,143.5546875,1450.2378677068625,0.07687200913573086,0.05042181,classical
-293.5268,127.00097,-28.186298,43.077263,-12.567304,10.260871,-16.751661,8.709327,-9.7498,6.527943,-13.454016,6.8161774,1.9827992,95.703125,1561.6865467628575,0.09202005691705337,0.030300483,classical
-305.7414,133.87032,-22.640352,38.568356,-5.04204,6.3011675,-10.906763,4.875838,-9.090686,6.6452146,-4.751074,4.3957553,-0.26634908,103.359375,1344.1521138640858,0.07043258773201856,0.03746577,classical
-292.7431,150.03276,-23.522232,47.367043,-6.926613,17.625834,-14.146888,11.016099,-13.1795225,5.071868,-14.44381,5.0696135,-0.45904413,107.666015625,1216.0240318503236,0.05595861731438515,0.031762168,classical
-329.59534,145.92236,-12.007128,37.09854,-0.44795075,7.621685,-3.052995,5.659016,-1.3591754,1.5738124,-5.226907,-1.2297467,-4.019945,103.359375,1079.5694225238055,0.048870042415893274,0.03207504,classical
-231.30594,136.59045,-28.466213,41.839024,-9.570009,7.363921,-15.438814,7.4277864,-9.894658,9.911842,-6.314748,7.108469,-3.788401,215.33203125,1495.1551110555204,0.078115936774942,0.055251066,classical
-304.2766,131.32529,-38.006588,35.517128,-12.66222,9.250079,-8.8276205,0.7481562,-3.8078766,9.312918,-2.0874012,-0.16178055,-6.121648,69.83741554054055,1502.8688423025974,0.09204271497969838,0.03513506,classical
-321.92484,138.48079,-30.102465,37.280743,-6.632222,5.4584746,-10.968384,7.1486745,-5.0441504,4.050803,-12.660357,0.7833943,0.24008538,135.99917763157896,1354.9359289269814,0.06741113507830626,0.02870437,classical
-301.6941,126.8176,-28.787476,39.590187,-9.546162,6.3018413,-15.470048,7.223207,-7.2315745,7.8463936,-9.6147175,6.319607,-1.7903572,135.99917763157896,1512.8516432544202,0.07463905706206496,0.030144393,classical
-255.86273,122.29483,-34.85869,39.223454,-15.973078,6.6070876,-17.751173,9.135804,-10.89271,9.38904,-9.010806,8.449363,1.4996724,143.5546875,1683.1912845154234,0.0939425935324826,0.04315258,classical
-370.02545,126.081894,-8.563098,42.159454,-14.869501,9.8333645,-12.720128,2.835849,-13.156739,6.2355814,-8.237956,7.0185647,1.4021096,151.99908088235293,1464.9067990973633,0.07574363761600927,0.016661106,classical
-332.72086,153.31087,-9.868025,44.387352,-9.074001,13.345959,-8.770845,5.901251,-7.7048917,11.146675,-8.990197,2.7753358,-0.9699171,117.45383522727273,1066.9092965954617,0.04710837804524362,0.03038216,classical
-366.91245,141.85666,-2.1423738,44.646614,-4.227516,11.4216385,-5.005449,5.794314,-5.1584916,9.770408,-8.177287,1.3923436,-5.595666,107.666015625,1120.2464052919047,0.04571604009570766,0.024254771,classical
-330.53452,133.45534,-23.85243,32.378117,-5.759362,3.044947,-10.449655,3.6019967,-3.0424764,5.5602202,-7.035949,2.1942031,-0.06384957,103.359375,1395.7053920526298,0.07340192684164733,0.024763359,classical
-337.70877,127.509735,-25.300917,28.092838,-6.6184196,7.4371557,-10.288822,0.04220857,-10.731409,4.063518,-0.72398883,12.15581,6.791481,107.666015625,1451.6325166047184,0.08151804488109049,0.026258217,classical
-279.587,128.93922,-41.146717,35.256073,-17.66095,16.230074,-11.408139,2.8996356,-15.288171,10.482965,-3.9233634,10.055695,3.2543945,103.359375,1644.1997127518102,0.10314629857888631,0.037422825,classical
-389.33023,167.04369,-3.2762907,29.437572,2.9071043,-5.7241974,-9.960072,-6.537594,-7.365247,-1.436641,-7.142347,1.7527912,1.2333499,151.99908088235293,973.9785848120695,0.05511460448085847,0.021272719,classical
-396.15894,186.81984,-24.96841,26.591026,3.5288613,-0.59523976,-9.449865,-5.8171268,-6.7017517,3.095442,-1.7665186,-2.4594295,-4.3490095,151.99908088235293,961.6028720100968,0.06752782410092807,0.018798783,classical
-381.95248,194.13232,-14.976212,30.776897,-1.0143943,2.7424216,-8.222996,-1.6058977,-4.0434504,14.521002,4.348909,0.4660008,-9.374908,151.99908088235293,916.0463073205169,0.059213448013341066,0.024342217,classical
-312.31918,154.21904,-27.857586,30.979496,-6.5593586,-0.12672329,-12.475986,-5.7740655,-14.843999,4.091315,-10.265356,0.09812828,5.5454283,143.5546875,1227.376413045566,0.06908443300464037,0.036653608,classical
-321.3585,170.99832,-20.7688,32.717697,-1.694254,5.729209,-10.345907,-3.8569367,-12.984409,2.9128168,-7.9344325,-0.3391544,-3.455279,86.1328125,1028.2776034322533,0.061507576856148494,0.04813316,classical
-464.11163,119.127815,-17.764288,35.165215,6.180409,-0.9460528,-4.3645926,0.90269744,-1.3388264,4.9367104,3.0185444,12.569277,11.90812,89.10290948275862,1288.1944159868729,0.06695117640661252,0.009342982,classical
-334.04437,145.8045,-19.146393,39.34173,-4.1556106,6.6896563,-12.8323555,1.7142463,-10.107787,4.595419,-10.522196,4.5613456,-0.10565525,129.19921875,1348.377255476399,0.07583313696345707,0.03092551,classical
-378.46063,121.106895,-22.530333,28.277319,-4.5158095,0.6113305,-10.077596,0.5672584,-1.4854215,13.462676,3.9420085,4.3713326,-3.6546135,123.046875,1568.3718885823673,0.09244149688225058,0.025393253,classical
-318.6659,155.912,-23.440546,31.503601,-4.302658,3.1781805,-10.524752,-0.09580098,-6.830997,5.9914975,-5.3228364,-0.5285387,-7.4029474,123.046875,1249.3452506457784,0.0740306880800464,0.038749,classical
-310.5305,132.40063,-40.95537,27.35267,-10.370007,-3.2166524,-18.414423,-6.1695457,-12.6095,2.6374738,-4.917846,4.0449233,3.512774,143.5546875,1492.4213153176147,0.07864386963457076,0.034092385,classical
-307.37717,146.21101,-34.626305,29.70965,-6.4385586,-0.12556306,-11.774052,0.19211572,-6.0296245,3.2577043,-10.329347,0.7231501,2.3018155,143.5546875,1326.987012851079,0.07140008700696056,0.03671915,classical
-361.99628,173.27437,-28.03478,32.25518,-3.04234,-3.781896,-12.186483,-5.6634665,-7.7165284,-0.88984203,-11.221245,-5.808257,-3.7272065,143.5546875,1020.1611878697937,0.05497752320185615,0.023834255,classical
-505.02283,132.25282,-23.13367,30.64472,-9.2973385,12.81562,-12.5689945,15.471528,1.8959891,25.617369,8.201294,11.227917,-1.0159099,83.35433467741936,1230.7739355087276,0.06629749129930394,0.0067290994,classical
-426.80823,123.99617,-19.529392,31.658686,-10.820469,1.4384121,-8.698007,16.46604,5.9128985,18.023575,-3.4521325,2.610908,5.0565166,80.74951171875,1515.147569615168,0.08534272585556844,0.013162823,classical
-424.02936,129.63965,-27.656282,30.093939,-7.012207,1.5979033,-6.8683467,7.746691,-4.971671,5.9546437,-4.494508,6.901894,5.027778,86.1328125,1368.7240868198335,0.0751058131525522,0.0143502215,classical
-551.186,160.58739,-0.6770298,31.524847,2.4568448,9.918152,-3.5815606,10.898909,0.3760809,9.907072,-3.2687008,3.2259548,-4.0060086,99.38401442307692,885.0633818737559,0.03756027044663573,0.0049937274,classical
-491.2136,167.82584,-4.0073943,36.280567,-3.0433466,11.904516,-5.9200463,16.43662,-3.1660824,4.22137,-17.79496,-3.6045353,-5.4673486,99.38401442307692,945.0185669537992,0.04000280959976798,0.0075337687,classical
-412.57877,146.16992,-20.093092,30.855368,-14.056298,11.3650055,-12.732001,8.790915,-13.786638,5.18488,-14.250332,2.5515041,-1.3395499,99.38401442307692,1334.5577678499887,0.06519744235788863,0.0114815375,classical
-252.47337,164.725,-36.75912,9.995118,-17.459558,3.2726035,-21.515638,1.078584,-10.072424,9.295196,-10.279984,0.4388624,-7.913542,86.1328125,1267.6871453330946,0.07601100275522042,0.057482354,classical
-306.95282,137.05571,-35.62935,18.90963,-11.580921,5.9167337,-12.072516,0.75356466,-11.754189,2.0841742,-4.4469185,10.651489,7.4957824,117.45383522727273,1498.0057836698795,0.08531213747099768,0.03821131,classical
-382.78262,155.144,-38.360683,11.516063,-18.173191,2.0080972,-11.65586,6.43763,-12.366832,-0.8956471,-4.3106546,12.10449,11.765197,172.265625,1312.9935757319677,0.08153277262180975,0.0162895,classical
-364.52573,159.37355,-15.473155,24.355713,5.941039,-8.143675,-10.220685,-7.9654465,-4.5030565,2.3240964,0.06389772,7.0576773,6.25158,129.19921875,1062.6674705029059,0.05902198738399072,0.028237892,classical
-460.4583,120.26051,-16.467785,47.14899,-4.3833632,11.31676,-11.275554,15.351297,-4.5199895,20.28935,2.3032649,7.4120607,3.048723,161.4990234375,1596.8225738031033,0.0957880927349188,0.008521338,classical
-420.59055,196.07324,-3.1181118,23.40966,6.2837477,4.3518367,-9.299586,-1.2508211,-4.3385215,7.7949095,-2.1800492,-0.77901465,1.4254756,143.5546875,815.962202578296,0.05683435143561485,0.019194122,classical
-524.4746,144.4205,-8.887888,40.493958,0.1974721,11.798284,-4.146714,7.654875,-6.0687866,5.711043,-6.3332343,7.060524,1.8068886,184.5703125,1056.4066457935448,0.045747761383410676,0.0057119117,classical
-484.31137,150.35072,-6.013326,36.54605,0.23633875,8.577563,-2.435028,11.307645,1.5916306,12.190815,-6.7093062,-1.2865396,-3.9430416,184.5703125,1112.4445531780839,0.05222343568735499,0.0072623803,classical
-426.71368,141.21072,-21.252567,34.92652,-8.231127,6.2982607,-1.0624547,16.629736,4.889143,8.521031,-15.512653,-2.5818849,1.6958634,95.703125,1387.444897566129,0.07455748803654293,0.010966232,classical
-352.53625,164.24115,-25.328936,30.146135,-1.9430537,2.1159344,-9.733072,0.27098787,-5.5223985,8.296502,-2.450152,1.6691046,-3.9544704,143.5546875,1184.8417575252004,0.0676830318300464,0.021364084,classical
-294.1244,165.96487,-21.259226,27.79374,-3.1774943,3.7072558,-11.73494,0.1958131,-7.4342623,5.477359,-11.73939,-6.9248705,-6.0013947,143.5546875,1132.5560431790493,0.06286252900232019,0.044053506,classical
-261.15668,160.04578,-32.523533,31.602623,-8.373503,5.616135,-16.020409,3.43432,-10.395075,6.9631205,-12.301315,1.448413,-3.7209218,143.5546875,1338.5657619123315,0.07844787739269142,0.049724396,classical
-216.75977,143.61719,-38.85323,28.015068,-15.568233,5.580838,-20.829231,5.288179,-13.315355,9.672139,-13.926916,1.0889748,-11.596009,92.28515625,1573.7743683734689,0.09474355604698376,0.06483126,classical
-371.299,148.61914,-40.928463,27.980124,-16.686798,-7.555249,-18.754734,-0.94323176,-10.363672,0.1046447,-13.527639,2.7107048,3.9519317,135.99917763157896,1350.9347785678422,0.07222823919663574,0.014818703,classical
-259.63315,169.3895,-31.787518,20.12511,-9.806988,-5.390802,-10.637166,1.7228262,-4.904429,-1.0496128,-12.615843,-2.76356,-2.067798,67.99958881578948,1191.549748237263,0.07120975928074245,0.056584388,classical
-228.26671,165.60341,-36.872173,27.48832,-10.608473,4.438453,-15.685642,3.5905077,-13.908931,4.929596,-11.182841,2.371034,-6.122067,107.666015625,1252.715179215825,0.07601100275522042,0.06282686,classical
-250.05402,151.64934,-33.297752,21.84575,-8.498721,6.2329984,-14.61646,-0.713649,-16.04174,5.513631,-5.557153,7.530615,-5.091465,107.666015625,1348.1889255572771,0.0747897331786543,0.05994545,classical
-367.72766,175.73543,-27.196188,30.812468,1.3110663,6.8967032,-11.088821,2.301971,-10.150817,4.4078803,-3.1782067,7.0675015,-4.195142,198.76802884615384,1032.7649328528657,0.05420261745939675,0.020743042,classical
-448.9449,168.2719,12.725305,35.723675,12.004853,16.121122,-1.9884477,10.310273,-2.9357817,14.210195,-4.323904,-0.78740674,-9.943355,95.703125,828.7257108473677,0.03234438442575406,0.014178631,classical
-385.5332,167.98572,-12.225194,34.860725,3.3656247,13.754338,-7.504697,14.897208,-5.672063,10.315244,-19.643463,-7.837025,-11.479619,95.703125,1048.6924293804395,0.051337505437935034,0.017612483,classical
-389.7645,158.36102,-12.9929695,31.884842,3.318884,4.002873,-11.592567,7.7599745,-4.8296514,9.885067,-10.743748,-4.3430457,-5.6595798,83.35433467741936,1077.330460660664,0.04871030307424594,0.01953325,classical
-237.6249,163.72906,-33.951187,21.699554,-7.319341,3.8127186,-10.077322,0.066576466,-14.902581,0.47690406,-8.012489,0.21759048,-4.847885,151.99908088235293,1216.8978455841489,0.0706954212587007,0.06539167,classical
-220.63379,167.82997,-35.986816,30.173828,-11.138583,6.301963,-14.179059,3.2972221,-13.115737,6.2890377,-10.503267,1.4561688,-5.2759743,151.99908088235293,1231.773074085517,0.067875625362529,0.06235108,classical
-213.77345,161.80806,-36.807106,24.051243,-15.744159,2.639346,-17.26671,1.7772714,-17.301662,0.5064625,-13.986802,0.8734383,-5.131777,151.99908088235293,1311.397537616209,0.07601666727088167,0.07196576,classical
-226.91061,169.13956,-38.259563,24.760801,-10.426255,1.9606004,-13.901723,0.052399673,-16.255463,-3.2254183,-11.678294,3.2769096,-1.3071159,129.19921875,1211.535009526619,0.06720721251450117,0.0664872,classical
-227.16933,173.24365,-37.85432,22.937601,-8.911929,5.23961,-12.7424345,3.4647484,-15.812446,2.4052067,-9.813037,3.0159373,-5.124101,89.10290948275862,1195.8208193068435,0.06966334650522042,0.059883267,classical
-211.72517,180.19688,-38.879784,27.910515,-9.262663,5.4210634,-14.156704,1.9771717,-16.003721,3.994359,-9.109412,2.1991975,-8.4261875,129.19921875,1146.2203334901537,0.0675799376450116,0.06577919,classical
-232.99554,167.09903,-32.35994,27.232544,-5.6898746,7.684646,-8.162665,3.6442952,-9.93179,4.4869514,-10.487792,0.8407886,-0.06120559,161.4990234375,1202.4521098579878,0.07952186956206496,0.072762266,classical
-368.13428,155.05746,-52.276943,4.4216046,-16.830326,-1.9353418,-14.229069,-6.573321,-11.982493,6.943467,-3.4196746,2.793501,2.025911,161.4990234375,1278.158402409774,0.08807302240429234,0.02277742,classical
-369.77878,126.56199,-23.873001,13.156985,-4.0281715,-10.362853,-11.217739,-7.724282,-7.3686113,0.12974319,-3.3687215,-1.5219241,-1.3553046,151.99908088235293,1356.8432177589725,0.077162032337587,0.020964421,classical
-325.00204,173.6461,-10.75944,32.090645,-8.185181,10.655092,-14.180814,-0.3337491,-18.838045,3.996608,-12.854098,5.669992,-1.8817624,129.19921875,1022.990224154797,0.05420035165313225,0.035244673,classical
-354.14618,180.83585,-11.322867,23.742413,-10.9770975,4.211807,-10.295566,2.6548996,-9.979962,5.081203,-12.938198,-7.6281066,-8.054482,172.265625,946.0896552946473,0.06567326167343387,0.0324869,classical
-422.15668,194.05894,2.2438588,27.696417,2.517774,0.85636514,-8.855596,-0.28458357,-5.9606533,2.9751294,-6.2415185,-0.5389639,-4.513345,129.19921875,737.1262931772342,0.04012742894431554,0.017405909,classical
-249.26155,164.94664,-31.207716,27.525253,-8.393139,5.3280816,-13.755394,1.7169912,-11.504983,3.1746092,-13.01949,1.5954294,-2.0310593,161.4990234375,1269.2476361039064,0.07814652515951276,0.05574918,classical
-247.0127,178.69456,-29.283562,16.015509,0.028564312,-0.19301128,-2.9386816,-9.643422,-10.403635,-2.608587,-3.2461812,-2.3198225,-3.2270927,151.99908088235293,1038.186144281553,0.06655919192285382,0.06195149,classical
-201.65979,133.04552,-44.264942,29.339903,-18.963278,6.605096,-23.030462,2.811805,-18.864923,7.693052,-13.750016,3.2220004,-8.313077,161.4990234375,1638.3172964355306,0.09806069641821345,0.069825664,classical
-427.26694,100.48876,-24.806,29.648941,-0.5178438,-3.2253253,-4.6058335,7.4008927,0.008160726,10.277636,4.7662096,8.587322,9.009482,135.99917763157896,1766.0844192370182,0.10753629821635731,0.01189531,classical
-271.89636,154.63072,-30.505573,29.403202,-4.3892,2.3192475,-11.046695,2.4059634,-10.112641,3.4219627,-6.544895,0.51900643,-2.7535887,135.99917763157896,1290.8371929827572,0.07257604045823667,0.049397293,classical
-198.71103,143.80858,-43.092834,29.157358,-20.865305,10.53178,-21.169859,7.7510424,-19.32491,5.120473,-16.842255,6.354447,-2.5816848,135.99917763157896,1620.148830420933,0.09601240755510441,0.06329695,classical
-312.50037,138.39104,-40.50957,27.379349,-16.20666,-9.015175,-19.516289,-0.8824907,-13.961033,4.707646,-8.6544695,-1.1657653,-2.1456335,112.34714673913044,1470.3558217059062,0.08123142038863108,0.025800686,classical
-292.25797,153.52432,-37.38484,24.768606,-12.717859,-8.517356,-16.998138,-4.165686,-8.073778,-1.0781951,-12.804189,-9.840994,-5.960691,86.1328125,1240.636771715572,0.059875063442575406,0.037267007,classical
-352.53986,170.82544,-25.703451,27.065264,-4.417404,-7.3756943,-14.712811,-3.9377747,-3.4261386,-1.2722355,-13.880219,-10.387957,-10.809383,117.45383522727273,1020.4391204055438,0.049615492676914154,0.026017187,classical
-313.7268,194.90552,-15.780359,19.064163,-6.7337627,-3.911518,-13.273032,-6.1372337,-7.2629776,-1.7810907,-8.758263,-8.395227,-7.841739,161.4990234375,862.8616301879275,0.04541128915313225,0.04057558,classical
-385.2289,159.45427,5.4980536,29.51787,2.403025,2.4894753,-4.8233747,2.4660444,-0.9821939,-0.33033344,-7.5125957,-8.632445,-6.9865456,112.34714673913044,945.9668022843629,0.04643769939095128,0.020346213,classical
-427.94324,169.25346,24.352077,15.533169,19.234371,8.204821,-3.5495486,1.2606013,6.5199146,3.64679,-3.8106353,-4.605185,-7.24859,112.34714673913044,664.7736301455083,0.026320738471577725,0.019381853,classical
-523.7214,184.43535,6.1829543,33.119076,-5.784196,11.282281,-8.055152,6.0492983,-5.467454,3.0689166,-10.8763685,-4.7667284,-8.473619,135.99917763157896,772.1152537535917,0.03501690291473318,0.0058172527,classical
-502.6823,182.13612,13.438887,27.234978,-1.2202916,4.4585314,-8.803424,-4.8490915,-6.403348,-6.098855,-9.614174,-7.7325172,-9.776425,129.19921875,744.963057148139,0.03375258301914153,0.008775515,classical
-474.7784,173.64526,6.523804,29.722885,-8.40766,5.912715,-8.810102,0.89893055,-5.231799,-2.1391728,-12.628512,-10.487279,-11.434716,143.5546875,863.054886936165,0.04075165857018562,0.009512424,classical
-481.2669,175.33192,-18.335253,32.43973,2.2130072,4.9597297,-1.0003973,1.2763635,3.6221225,-1.7156899,-13.017155,-5.985813,-4.171417,95.703125,933.3766985387338,0.04788101798143851,0.0069319378,classical
-538.093,120.49474,-8.427232,33.54363,6.052649,3.3171015,-3.9396186,1.9882249,1.8941724,2.3379085,-5.6914334,4.6480675,12.165737,143.5546875,1255.6060605788628,0.05807148165603248,0.00623087,classical
-340.06055,144.00653,-25.61977,21.887362,-2.7764661,-6.863175,-11.677985,-8.815189,-7.8064094,-1.1541349,-11.900015,-8.872358,-8.97265,161.4990234375,1199.797710031513,0.056770908860208816,0.023875987,classical
-264.85028,160.16618,-25.599823,37.377872,-2.8522472,9.322501,-7.734248,1.6459378,-11.223143,-3.9044697,-13.2780285,-7.54128,-14.110356,123.046875,1149.138288709327,0.05248626921403712,0.05741314,classical
-297.58292,119.01112,-43.498142,33.329346,-8.957436,7.5967693,-10.235739,5.386017,-13.140534,-1.1886923,-16.21664,-4.699069,-5.858319,123.046875,1667.358971098694,0.09616761528422274,0.036510732,classical
-373.53842,148.63861,-30.820805,40.0183,2.207021,5.9167714,-7.008823,7.601866,0.190849,6.3599772,-12.992491,-11.133892,-10.817846,161.4990234375,1293.652138900191,0.07174109084976799,0.022681685,classical
-278.4253,133.8104,-46.355247,33.966198,-3.4023628,0.7142199,-15.929778,-0.41855657,-6.6683574,0.9124801,-10.48619,2.9562635,-0.19438118,75.99954044117646,1601.3466730508223,0.11149352885730858,0.034890927,classical
-339.75986,182.23523,1.6297593,26.901484,15.189346,3.2477868,-3.004515,-1.6883017,1.5392027,-2.9272568,-11.727736,-8.082956,-5.977663,151.99908088235293,735.3015756424403,0.035690980278422275,0.041745897,classical
-344.61633,186.79782,4.997926,23.459152,9.984142,2.2771127,-5.2796755,-4.405354,-4.151204,-5.0480723,-12.408029,-8.444179,-7.501494,151.99908088235293,716.6042027671275,0.03590963058294663,0.044982307,classical
-427.8455,96.1116,-4.0888505,33.94546,-10.266196,13.257432,-6.8759923,-9.645846,-11.165326,-3.2906404,-11.316757,-6.617914,-10.934918,86.1328125,1563.7375692155736,0.0661014990574246,0.021749983,classical
-407.48868,139.92928,-12.557159,23.1379,-14.324117,1.2300651,-13.804837,-4.0950227,-8.478073,-1.7368798,-6.4573317,-1.3022648,-8.609804,95.703125,1268.0960353424389,0.059155669953596286,0.01531924,classical
-437.94226,168.40807,-14.499643,29.209759,-2.083563,8.13507,-11.923532,-3.5474162,-5.7016506,-0.7579959,-6.67867,-6.854298,-8.812912,172.265625,1018.0004410469619,0.052692457584106726,0.010892182,classical
-246.69388,150.96849,-40.27844,28.872852,-1.1311074,-5.4498158,-10.658674,-3.964654,-2.2341745,3.0809915,-11.020647,-6.741453,-7.285288,64.599609375,1303.6082976146217,0.07647549303944315,0.05118088,classical
-297.65295,119.21837,-47.710102,30.655931,-9.345437,3.0648568,-17.650103,-1.9415625,-7.9352694,4.6729445,-13.155446,-9.501002,-5.1618204,161.4990234375,1668.6208741350258,0.10658805829466357,0.03699401,classical
-292.2705,119.75339,-47.224327,24.086386,-11.692922,-4.0775175,-21.91994,-4.545309,-9.089411,3.531981,-11.811245,-5.081208,-5.1260138,161.4990234375,1630.8134359319217,0.09830993510730858,0.03619715,classical
-356.78354,155.52722,-41.533775,26.104078,-4.8566384,-1.3450245,-13.271287,-9.198616,-9.180456,-4.050343,-10.22107,-2.8216994,3.833398,103.359375,1215.0267964172122,0.07459827254930394,0.020959234,classical
-270.34958,155.16907,-36.400276,23.188562,-1.7301697,-1.9949212,-12.121527,-6.078311,-10.860247,-4.2332177,-9.230825,-5.1907153,-3.4201477,151.99908088235293,1245.8788469723488,0.0711927657337587,0.04288752,classical
-213.1464,145.2765,-46.697437,35.79193,-10.793142,4.1398683,-19.79392,-0.1998148,-11.280618,1.3191546,-17.168623,-3.0466895,-6.5256987,151.99908088235293,1379.1843371471825,0.08142174811484919,0.06893057,classical
-414.35342,118.87413,-18.643885,12.64957,2.24463,7.4067135,-7.20313,2.228513,-0.986392,14.994143,-3.3993864,3.6145213,10.106579,112.34714673913044,1864.8603289766381,0.13693853320765662,0.0116893295,classical
-351.7754,135.4476,-25.742807,15.108013,-9.003905,0.27941355,-9.212003,-1.2986307,-8.118244,2.5936892,-1.3649361,-2.714637,-6.2395363,135.99917763157896,1385.9138367478758,0.07359565327726218,0.020898374,classical
-484.96695,125.93794,-29.208494,27.080038,-6.2575965,22.431932,-7.19072,10.764189,0.815471,28.844099,-5.9869666,1.6896551,6.181312,112.34714673913044,1650.7611322642467,0.11569546657482599,0.0058107697,classical
-361.33722,138.0009,-26.266447,24.213932,-27.606815,10.731887,-18.397139,9.116324,-14.196353,4.2281656,-13.526297,-1.7769887,-12.767367,107.666015625,1430.093802479067,0.0735424068300464,0.017662862,classical
-410.84186,132.8426,-26.763403,27.837755,-7.6310873,5.1487355,-7.7332897,9.538298,-0.53876853,7.118863,-6.567452,-7.3937306,-9.159454,112.34714673913044,1334.0184495856677,0.06550672491299304,0.014250959,classical
-314.8135,132.05847,-53.079193,21.42336,-8.922017,-5.9131017,-16.538172,-4.4214697,-5.8347206,1.8854387,-12.82554,-6.8467913,-7.1870823,103.359375,1427.8474260266216,0.07819637289733179,0.027268467,classical
-380.84238,130.21384,-25.621773,14.992439,2.5490084,-9.763686,-11.000144,-5.1110234,-4.289301,-0.8150713,-8.80789,-11.053457,-5.6014905,99.38401442307692,1203.604452356145,0.06184631489269141,0.02155071,classical
-335.6557,128.43294,-40.70655,24.072945,-5.0955696,-7.2350225,-22.81512,-13.339777,-12.916877,-2.1320307,-8.806585,-0.9261067,6.848688,123.046875,1379.5576155398526,0.08136736876450117,0.028896859,classical
-403.3728,134.07777,-45.941982,27.862867,-1.396549,7.027301,-7.2953057,6.1592245,-2.4984674,1.9886957,-9.98998,2.9492657,4.143176,123.046875,1406.7294345327516,0.0926703433149652,0.013355242,classical
-159.54414,159.76855,-52.71227,2.172356,-9.185668,-2.7835615,-11.17284,-9.607915,-8.688719,0.5691339,-6.129808,-2.5854995,-2.9288764,198.76802884615384,1354.6176375130435,0.09481492894431555,0.12830031,classical
-163.76765,179.797,-55.170433,-4.8231416,-5.016889,-4.8449697,-11.667783,-7.963126,-10.995244,-1.0585424,-5.808449,-4.053682,-5.4680657,95.703125,1228.7924420429079,0.08992985063805105,0.13186945,classical
-157.66742,152.82889,-38.747,7.357118,-8.548088,-0.2953676,-10.373187,-3.5361586,-4.6909976,4.162717,-4.544909,-5.9967446,-7.950301,198.76802884615384,1398.7771623227109,0.0962877030162413,0.14334981,classical
-191.78044,159.05688,-16.90383,7.3777347,-3.2456598,-3.0012615,-12.673276,-9.751815,-15.5116825,-11.703217,-11.759199,-7.9470396,-7.8725443,129.19921875,1137.37948089327,0.0568468133700696,0.117206566,classical
-287.3446,158.66005,29.155766,-8.418384,-1.5137565,-0.6349295,-10.254808,-6.2123337,-13.907552,-14.438676,-14.20218,-6.702705,-8.350361,123.046875,1085.5713188800114,0.04698375870069606,0.10860091,classical
-269.4122,166.8941,18.130129,-8.095083,2.9041994,-2.6824646,-13.602242,-9.806509,-14.457747,-9.985943,-10.912092,-6.852254,-7.415931,117.45383522727273,968.9255166560722,0.04904224369199536,0.11997372,classical
-412.48883,162.3274,-4.346628,11.57343,-1.8224163,-0.47564882,-9.232371,-17.052092,-15.431434,-5.119884,-5.5631,-1.6797909,2.0160806,78.30255681818181,1161.3229250160164,0.07386415131960557,0.0149363745,classical
-418.01102,135.5859,-13.419392,10.856085,-9.32605,-11.443672,-16.70492,-23.48094,-17.077948,-13.733705,-4.591966,5.1015577,3.6085181,135.99917763157896,1280.3535766671312,0.07788369163283063,0.020344136,classical
-375.8019,164.26132,-28.268953,23.848318,1.5570943,2.7292373,-3.6063678,-11.1849985,-4.483785,-4.711003,-11.086348,-4.3054075,-0.9419813,198.76802884615384,1109.0869791006871,0.06301320511890951,0.01844449,classical
-180.84654,165.80354,-17.345892,-0.053285815,0.41771674,-2.8101704,-8.315203,-4.816379,-7.816202,-4.8907695,-8.882551,-6.584922,-8.050729,95.703125,1112.6973665356638,0.06086182207076566,0.12864578,classical
-165.14008,151.2206,-26.609203,4.490714,-8.511056,-3.7591896,-8.071874,-3.1175957,-5.78015,-4.9249153,-7.9201393,-4.618992,-9.168865,184.5703125,1214.2387071615476,0.06285913029292343,0.14903912,classical
-166.27629,153.82747,-21.820755,11.315563,-4.116139,-4.5474687,-10.072753,-6.7360244,-10.028452,-6.4130406,-11.318466,-8.714668,-6.1436787,184.5703125,1204.5360387230762,0.06284893416473318,0.13756806,classical
-83.08319,103.77357,-27.960585,20.563465,0.43239307,11.594681,-8.220675,-0.20234068,-6.746247,-7.605664,-2.4444227,-3.5187376,-6.0649915,129.19921875,2056.790954234762,0.11986001848897912,0.11305045,classical
-90.74509,129.30623,-28.672813,16.54484,-4.807582,6.776965,-11.149799,-2.0252204,-6.6017776,-0.045119423,-3.758812,-0.13115719,-2.2973497,184.5703125,1740.156539248905,0.10259117604408352,0.115431055,classical
-82.1602,122.27503,-37.77223,23.721401,-8.928833,2.3667748,-13.471832,-2.6137753,-8.7535925,-1.3799248,-7.097126,-0.5975944,-4.3935695,151.99908088235293,1838.5643990958663,0.11163740755510441,0.116436176,classical
-438.75012,157.96187,-20.36087,24.861555,1.2822446,-2.4767978,-4.751681,-4.528458,-10.191393,-4.275531,-1.6620568,0.115832426,-4.5424395,99.38401442307692,1116.0033692211616,0.058804469982598605,0.008770913,classical
-369.62653,151.81857,-30.66791,23.528934,-5.3731556,-4.3668137,-11.035176,-5.908799,-12.824701,-12.770223,-10.549421,-7.321734,-8.953586,123.046875,1219.0777633470304,0.06106914334396752,0.014696675,classical
-501.94073,152.56184,-8.45326,12.123697,13.550462,8.219671,-3.8448768,-3.3523808,-7.229713,-1.3587012,-1.4180839,-1.1147032,-2.236361,123.046875,1187.9304818549583,0.07878774833236658,0.0049761743,classical
-136.31036,175.02141,-20.920021,12.175353,6.8570395,10.021784,-8.987911,-9.819045,-2.571488,6.5157423,-7.2074924,-4.0553927,-1.3195173,143.5546875,1137.2133412074809,0.0711904999274942,0.1653746,classical
-57.663048,123.05162,-32.389645,28.16231,-3.0418746,6.677159,-3.6954145,-1.2127638,-8.717166,2.748136,-6.6874566,-1.5796953,-2.6144583,172.265625,1930.9520545848372,0.10816052784222738,0.19344035,classical
-177.26112,147.0774,-11.294182,12.008547,-8.093342,-4.0441084,-8.409747,-4.1991067,-6.19633,5.9903913,-4.963105,-0.26077512,0.886139,161.4990234375,1481.699963582023,0.08185451711136892,0.123285405,classical
-83.41547,114.20601,-15.675622,25.311834,2.7908542,4.8376017,-4.6169214,-2.5951104,-7.181044,-1.2145461,-5.012422,0.16286206,-3.9816709,103.359375,1856.4482922926288,0.08528494779582367,0.14268379,classical
-64.291214,107.79387,-26.267567,20.515892,-5.6114945,0.6810701,-11.166762,-5.184639,-8.528461,-4.309079,-9.631619,-2.8179011,-1.4086317,78.30255681818181,1982.0915208297822,0.10466325587296983,0.15802589,classical
-489.20834,134.85342,-8.210975,43.536816,8.073604,3.2093706,0.7818536,1.1858438,-0.97553366,-3.7153497,-8.811232,2.3391428,5.5818396,112.34714673913044,1296.7715617745378,0.050825433222157775,0.0069824504,classical
-463.24652,158.1334,-9.680107,45.86367,8.488454,5.1818995,0.7545086,1.429886,-0.5672166,-3.6068566,-11.11216,-3.083588,-2.0949848,107.666015625,1070.4806115159322,0.04459899760730859,0.0060901325,classical
-396.4702,161.53325,-20.315563,43.35581,2.1605015,3.7570362,-6.0063634,-7.4622655,-5.893283,-5.4940057,-9.04902,-3.2943456,-3.0494308,112.34714673913044,1143.3062274521556,0.052804614994199535,0.010805852,classical
-416.89853,100.61797,34.78017,29.63056,18.867714,23.578587,10.630461,7.98331,1.6737757,4.9393296,0.8810497,3.1215854,-0.7876838,129.19921875,1383.9667043863803,0.034654373912412995,0.01780796,classical
-183.44008,128.26636,-11.862436,29.64691,8.975001,14.923878,3.4858766,7.566785,1.9458307,6.5823064,-2.1294396,4.085531,-1.7893885,135.99917763157896,1449.5943712775115,0.05660777080916473,0.10054087,classical
-143.39838,95.007576,2.891022,19.423466,5.216977,11.48576,1.0434692,1.4210448,-0.62927026,4.1701527,-3.0744588,1.8878986,-0.33975843,151.99908088235293,2361.494111597935,0.11636841103538283,0.06810357,classical
-192.02132,84.50438,-22.685383,11.556494,-5.2456813,4.78511,-1.876042,-0.80944926,-8.711432,-8.534515,-8.500784,-2.8250651,-7.210429,161.4990234375,2416.0072602177843,0.12794894685324826,0.053412717,classical
-224.32286,80.67606,-27.411383,13.418616,-6.6805863,2.6607172,-1.846277,1.4163151,-8.935949,-11.201399,-12.0275,-4.168333,-6.5472355,161.4990234375,2455.3847438282437,0.1361387035962877,0.044661343,classical
-107.76846,144.09651,-47.963528,23.365866,-8.897232,9.490022,-6.5383573,-0.7900399,-9.097866,3.0736852,-2.2050323,2.686133,-1.7633955,73.828125,1542.8934891720478,0.0946347973462877,0.13992637,classical
-127.661255,151.33102,-47.191406,22.915203,-6.3886743,10.600112,-3.5025072,1.3020376,-7.0043755,3.6620834,-1.9310957,1.4579695,-0.4413455,71.77734375,1447.7731442511813,0.0831063750725058,0.13525096,classical
-122.83039,153.59752,-35.10357,27.99658,-1.8847266,12.601862,0.98679394,2.22164,-3.9044425,6.7990823,-0.076656915,0.28302002,-1.3802935,215.33203125,1408.0336188543226,0.08544355423433875,0.14372319,classical
-163.42508,106.9688,-36.937443,22.19334,-17.229322,-12.644368,-5.8241024,7.969831,-8.26679,10.289489,12.577022,20.548584,7.7025704,129.19921875,1729.6639239941635,0.09968074789733179,0.15720503,classical
-74.11167,136.12726,-47.50967,35.21328,14.882551,-1.3564929,-25.065023,23.164848,-6.6577544,-7.1645694,-1.1448219,16.694878,-11.262483,95.703125,1742.4372167786694,0.13670855387180975,0.19225569,classical
-81.44936,139.28262,-51.580757,36.71768,14.960593,-0.82546765,-17.831139,13.281377,-9.178148,-6.400352,-2.8414545,15.497714,-9.012083,99.38401442307692,1666.2011977178395,0.11184472882830626,0.17604692,classical
-552.2735,111.72416,-9.713405,23.546118,7.803004,1.0012336,-2.74426,-1.4589994,-7.057274,-5.7394605,-7.8258896,-10.1045065,-3.4647202,184.5703125,1470.2947202052628,0.06327037412993039,0.003992791,classical
-498.37906,168.8428,7.1694636,3.8024647,-2.294831,-2.4144034,-5.6250696,-7.4455447,-9.285093,-7.0674944,-8.548655,-14.53873,-13.705833,78.30255681818181,870.4381081853631,0.05348095816415313,0.013034368,classical
-426.336,180.49768,-8.290248,4.3307295,4.422068,-2.0993154,-2.1149876,-10.29222,-15.208377,-10.654129,-5.119869,-7.247942,-5.9477835,135.99917763157896,899.536205962561,0.06094565690255221,0.022085128,classical
-89.89184,134.09311,-40.832783,34.3564,1.9150916,-5.1300554,2.581698,13.2220125,-15.644206,3.2088492,2.0444775,1.9799972,-5.3689127,89.10290948275862,1571.2673153525627,0.08592956967807425,0.2021528,classical
-70.325386,131.54483,-40.389595,35.26645,5.6201344,-0.6639775,-0.09943561,5.6367164,-15.678844,1.8439183,8.428573,4.505375,-11.365683,95.703125,1571.3061455284,0.08454402914733179,0.2147909,classical
-83.09669,121.70892,-46.161354,29.905851,9.528014,-13.430779,-9.227229,3.2804863,-24.741991,2.4487667,0.8666676,-0.7136727,-13.402653,143.5546875,1897.6611319771534,0.11927204176334107,0.151938,classical
-405.0613,127.24543,-16.290024,4.7587175,-3.936955,3.3387136,3.3067698,0.45842797,-14.279719,-15.917804,-9.867825,-0.31373104,1.6831523,107.666015625,1467.7345097799284,0.08215133773201856,0.015397826,classical
-407.18686,101.79524,-30.349285,3.1140738,-1.4787656,2.1161058,-1.4971176,9.307779,-2.2395713,-9.389005,-6.61281,-0.9840592,1.9362855,103.359375,1890.9093385395684,0.10656653313515081,0.014519328,classical
-290.3462,111.194115,-11.244621,23.993603,-0.53656805,6.73732,0.25694376,5.8466444,0.035498742,-2.9798086,-9.089243,-3.9780667,0.31316388,161.4990234375,1896.5665082383323,0.09635567720417633,0.02032392,classical
-332.63596,175.9643,-5.233062,10.537928,4.6843076,3.5086997,3.8199692,-7.1291413,-14.504861,-8.266325,1.0127097,1.6249965,-2.5806706,123.046875,1043.0009676260565,0.07969180503190255,0.03527909,classical
-385.6314,146.05316,7.343887,16.174412,8.699536,5.8218355,3.6507368,-5.5666785,-4.79429,6.741367,8.551448,-3.753555,-10.213684,151.99908088235293,1261.096747202344,0.08972706097737819,0.022803025,classical
-331.1333,163.3553,-12.1315565,15.7366295,3.75988,1.146237,1.4548135,-8.596063,-4.4516697,0.49600595,-0.9759758,-5.2541947,-7.491915,151.99908088235293,1112.3760427630466,0.07574816922853829,0.03179567,classical
-176.77287,145.3047,-35.766632,28.0996,-4.6454725,-0.8500546,-9.8252125,-7.1544623,-6.5418687,-4.8068266,-5.207234,-5.3535438,-4.3532944,117.45383522727273,1440.7956037954784,0.08479326783642692,0.08301715,classical
-160.82559,133.56218,-45.51248,20.52884,-5.3880897,-3.4020314,-8.63666,-4.964008,-7.013294,-5.4752955,-3.3627658,-5.364126,-3.3457494,117.45383522727273,1653.757152886052,0.10498386745939675,0.08321963,classical
-255.71577,135.45528,-23.241262,29.180866,-7.1263404,-3.0042922,-10.808666,-10.1322775,-9.723313,-6.4380193,-4.740175,-5.429182,-2.9738438,117.45383522727273,1561.1714713063525,0.0896556880800464,0.041017927,classical
-184.39227,120.34723,-22.613104,18.163311,-4.7413363,-5.3147373,-11.725899,-4.8308325,-7.698047,-5.00668,-7.702166,-5.5088763,-5.196792,123.046875,1824.9458450473014,0.09243130075406032,0.05607635,classical
-173.32346,128.30113,-35.05643,17.367775,-6.3363056,-0.9714842,-10.038079,-5.5500164,-7.724733,-5.124609,-7.0485835,-4.3430486,-5.1206436,117.45383522727273,1682.6050403272952,0.10102323810904873,0.06852542,classical
-141.86288,117.89677,-38.685795,14.610335,-5.1234117,-1.0758871,-7.739122,-4.260098,-5.514052,-3.5381176,-5.2782745,-6.5997972,-5.803261,117.45383522727273,1902.0737452488904,0.11813573992169374,0.08138961,classical
-352.19104,161.86252,-12.339163,23.34046,16.049843,8.134283,-0.19448958,-8.235789,-5.9919677,-7.424642,-6.3774753,-4.4593277,-3.444031,161.4990234375,1127.9196207168704,0.06414950696055685,0.02770736,classical
-262.86798,140.0746,-19.296295,21.330137,7.4182,2.1548097,-1.6539811,-5.680255,-4.9035625,-7.9037704,-9.114228,-5.3576784,-1.2185966,151.99908088235293,1437.0198224417368,0.07164819279292343,0.046350542,classical
-213.05702,149.78394,-34.678886,24.326176,-1.9012504,2.3226886,-5.460409,-4.038585,-6.0891495,-4.7085905,-2.2675273,-3.7884023,-0.1389939,151.99908088235293,1405.6878130637529,0.09220811883700696,0.070343435,classical
-183.8588,128.07477,-23.524267,15.68279,6.193758,6.600519,-12.29102,-1.1159717,-4.070829,-2.6185753,-0.26355836,-4.762972,3.0099137,89.10290948275862,1761.722704092292,0.09537684889791183,0.06255229,classical
-360.8457,129.40384,3.4685936,15.4876585,13.739426,2.7171984,-2.3025644,2.9319484,2.607988,-0.37945148,-4.1622686,-4.915846,-2.48682,86.1328125,1474.9297841879984,0.06235725420533643,0.036798976,classical
-372.38208,151.96727,-17.066236,25.13327,9.853443,0.6442153,-2.7912107,-1.0964564,-2.6511545,-2.6266131,-5.113312,-10.56209,-8.448096,129.19921875,1186.6904642308411,0.0640407482598608,0.017293282,classical
-468.6636,184.42114,54.83582,10.050768,7.488977,3.2501376,-4.303495,-6.4477897,-9.679445,-12.803582,-11.156944,-5.4481483,-2.2521372,99.38401442307692,661.7703702147828,0.036204185397331785,0.021453636,classical
-450.79578,186.83922,48.607464,9.80244,7.526126,-0.53699553,-5.489158,-6.7951097,-10.711566,-12.575635,-8.062263,-1.4453117,-2.0285766,184.5703125,667.9818319590771,0.036888458889211134,0.022784363,classical
-484.32278,175.85255,64.32602,13.340809,2.1001813,0.22146189,-2.844121,-4.132417,-4.801104,-4.162226,-3.8877044,-2.6627245,-1.3254324,89.10290948275862,742.1715324255938,0.03486169518561485,0.016167814,classical
-495.80017,151.98547,49.86053,16.497982,5.5377007,-1.7726133,-8.20115,-8.712678,-6.4560213,-2.5540369,0.6106934,1.7625704,2.434124,80.74951171875,1020.4275491376153,0.04147784947795824,0.014328976,classical
-460.56808,156.78133,27.017721,7.373747,-0.6109962,-1.5101347,-5.2979984,-6.5447917,-0.5700287,6.8706985,7.65767,1.9794061,-2.9855294,75.99954044117646,1052.9436461333023,0.0467809690400232,0.016692484,classical
-539.1342,127.97004,62.56155,21.978025,4.2045846,0.7402386,-2.1960514,-3.3596916,-4.424983,-4.1051974,-0.15795664,2.8667612,1.2892439,89.10290948275862,1285.6634340653443,0.038416745214617166,0.0066030575,classical
-449.5498,181.36072,34.97818,-0.38297975,2.480232,-4.7479987,-15.208652,-11.49231,-6.1674633,-7.028936,-6.777491,-3.591473,-1.8397257,83.35433467741936,790.7905101711456,0.040225991516821345,0.022991,classical
-474.67874,167.87566,42.98919,-4.784268,-5.028214,-0.19167942,-6.274998,-12.168091,-13.2306385,-9.738537,-2.1937056,5.940153,6.613987,117.45383522727273,853.5665737413904,0.047411996084686776,0.018210595,classical
-359.85992,189.25917,-0.8438837,-2.7450895,-7.889055,-8.259929,-6.592812,-8.2371435,-3.0892682,-7.6543245,-12.990564,-10.219476,-7.6385684,129.19921875,843.3729794554406,0.05462858903712297,0.046306517,classical
-452.5584,158.49747,24.587444,8.424575,5.2676673,-6.053606,-9.800796,-12.533233,-12.911923,-8.589723,-3.5684552,1.5622845,4.473299,234.90767045454547,899.0374800532713,0.046083100710556844,0.03004922,classical
-461.96506,178.11227,46.696682,3.4221601,-2.3918145,-4.281908,-9.435247,-12.078356,-9.629461,-7.0684156,-4.486147,1.4502403,4.672513,143.5546875,767.2567408322343,0.043153413210556844,0.022145547,classical
-381.4389,198.32426,20.218332,1.7861952,-0.26488677,-6.3864317,-9.74101,-9.08705,-9.056146,-10.448801,-10.867618,-7.9840975,-6.6298122,135.99917763157896,725.379593792836,0.045569895591647334,0.042865206,classical
-484.93936,163.86865,51.127872,11.314351,7.104697,2.008516,-5.8865986,-8.156513,-9.164012,-8.26988,-3.0362065,0.9405401,-0.8686649,86.1328125,1066.8186612583954,0.04273877066415313,0.017220246,classical
-510.16205,142.42899,55.07226,14.292921,3.3929713,0.9107718,-4.2072325,-5.3021126,-3.772383,-3.549301,-1.6918722,1.379551,1.1341625,83.35433467741936,1186.9849631157583,0.04240343133700696,0.009476508,classical
-302.40613,168.817,-13.779129,13.369984,-6.434899,-8.011876,-10.941159,-10.985543,-3.6348035,-2.1092713,-4.4195385,-4.3285484,-3.82658,143.5546875,1101.0251993135787,0.05363503299013921,0.06826185,classical
-225.28792,126.62122,-41.27813,19.129774,-8.507196,-4.7814126,-5.206742,-4.6824946,-3.5494819,-0.28663293,-10.820202,-6.378018,-0.50521445,161.4990234375,1601.0847431758664,0.09266241299303944,0.056158286,classical
-294.31302,141.89682,-40.295956,18.887045,-3.7328048,-3.302188,-1.4566343,-2.744043,-4.322726,-2.120269,-6.14158,-6.172456,-4.7822695,83.35433467741936,1403.620551000895,0.08677584831786543,0.036341153,classical
-185.06142,124.37009,-38.787457,21.41938,-9.34697,-6.372357,-5.052645,-4.354125,-7.4957013,-1.6111339,-6.202125,-0.68897814,6.630647,172.265625,1674.2238323588736,0.10557864160382831,0.079428695,classical
-290.7115,125.59511,-35.305473,30.87728,-2.620724,-0.8507569,-2.2159984,-3.5069475,-2.3486266,1.3633591,-5.364669,-0.64327973,-3.5206103,67.99958881578948,1487.1804577020566,0.08996157192575406,0.038909327,classical
-332.7801,144.84702,-30.975811,33.49293,-0.3770401,1.575984,-0.705794,-0.7687367,1.2484769,0.23657084,-6.466423,1.9890618,3.2694519,69.83741554054055,1301.356760362294,0.07860761673433875,0.024920253,classical
-343.03256,142.94061,-22.741938,32.09102,1.5289178,2.4872537,3.014101,1.6445901,-0.09409664,-2.2326844,-7.1103263,-1.4114033,-1.4328966,73.828125,1262.6200737191602,0.06879327689965198,0.023510367,classical
-333.1788,131.0326,-12.494536,23.80999,1.9984535,-3.221589,-0.26595026,-1.2860576,0.40185702,2.1009521,-3.5143995,-1.7935851,0.2481919,161.4990234375,1294.9726072043093,0.06220771099187935,0.033716094,classical
-342.7654,138.66982,-21.200361,19.802267,-0.78440803,-5.391756,0.33334726,-0.8064266,-0.13688603,2.956612,-1.3482416,0.32234195,2.4197083,161.4990234375,1387.6971098848596,0.0758784530887471,0.02138624,classical
-290.09595,137.51424,-23.946882,24.985859,-1.23215,-2.1583054,1.0990041,-1.3700126,-5.9623566,-5.359239,-3.3961291,3.2973764,4.7232957,151.99908088235293,1385.3774188420364,0.07404088420823667,0.04051738,classical
-231.95186,148.16101,-29.537363,21.785963,-1.9372174,-6.4444294,-5.117605,-8.791058,-5.4283223,-2.9585907,-2.6888437,3.0031343,1.6501749,143.5546875,1326.3662561927558,0.07428785709106729,0.08562933,classical
-245.86272,140.20583,-31.656693,31.50676,-1.8868948,-5.3310556,-1.3626002,1.0690705,2.2888343,-3.1799664,-13.811665,-8.089201,-0.49951977,143.5546875,1432.4191853663576,0.07213647404292343,0.04813919,classical
-343.03647,135.67943,-24.543839,33.389572,0.8874385,-1.1986732,0.84657073,4.6101027,1.8353798,-4.5577507,-11.984636,-3.947553,3.4662905,135.99917763157896,1432.6666394493445,0.08078279074825986,0.021180592,classical
-347.7313,141.61797,-10.764683,35.73379,7.8616033,-0.16945598,3.1263845,4.720168,2.4564245,-1.7325656,-2.584314,3.4670424,4.163601,117.45383522727273,1262.0828894308984,0.059383383483178655,0.023939384,classical
-361.4407,132.16891,-15.721581,33.947346,5.094157,-2.5343304,-0.92920446,3.092326,5.609012,4.9596467,2.8009846,3.291786,1.0416346,112.34714673913044,1372.4449121786333,0.07269272948085846,0.020873297,classical
-375.48917,146.30849,-15.0010195,33.834347,8.152279,-1.3008323,0.2229392,4.6966143,3.6293015,-0.5486201,1.4318929,7.1531286,4.920964,123.046875,1221.7140142599667,0.05873422998839907,0.017280443,classical
-278.72186,146.20906,-36.25431,18.517086,-2.0770178,-4.248705,-4.554512,-9.00859,-8.653809,-0.9704694,-2.8108268,2.843458,7.259367,129.19921875,1349.5569119864135,0.0783085303074246,0.046270933,classical
-336.54315,162.43326,-23.838797,8.383613,-7.5140285,-13.74018,-6.901383,-11.085348,-5.679117,1.5773382,4.606113,7.9600368,10.927601,129.19921875,1039.4359845587721,0.06160274071925754,0.042839333,classical
-308.8833,155.00467,-26.868673,25.38662,-2.146245,-7.4188857,-5.596466,-8.936333,-7.0145183,0.24892856,0.92146575,5.3845434,6.4235353,129.19921875,1246.6773759867626,0.07254658497679814,0.04219968,classical
-283.224,156.40327,-28.04674,24.329086,0.96335506,-0.30339563,-0.74749815,-3.3827667,-4.370298,-2.5799513,-5.2813272,-0.30912778,1.3570385,80.74951171875,1250.066096881097,0.06705766930104408,0.034009896,classical
-338.95242,143.88014,-29.021738,26.292551,-1.3610202,-9.245593,-3.7135534,-3.095133,-1.2665577,-1.5250477,-5.8824005,-1.3842349,2.282875,161.4990234375,1363.5533857587513,0.07135250507540604,0.02805524,classical
-251.34639,136.89798,-28.715437,25.36316,-5.824657,-7.5551825,-4.7748246,-3.613242,-3.6330879,-5.2289176,-10.777607,-3.1260827,5.309698,80.74951171875,1466.97511652418,0.07753928908062645,0.049658615,classical
-393.1902,125.79992,-22.670008,36.10568,4.3179507,-5.7484093,-1.4565487,1.0147421,1.5519469,5.4043365,4.142119,8.325861,5.859674,117.45383522727273,1458.0290834964924,0.08576643162703017,0.016640771,classical
-444.74078,140.5934,-13.170977,31.521503,14.405509,-3.2101383,7.724262,4.7904944,2.4374597,-4.808265,-10.563366,0.33949256,7.2845325,117.45383522727273,1050.7067836271524,0.05027257649361949,0.013857021,classical
-406.95425,157.31364,-28.980604,40.311607,3.939634,-1.0366063,4.449878,-2.190272,4.8677573,-0.11590017,-5.630753,2.5937364,4.6924353,107.666015625,1007.0705596153708,0.04632327617459397,0.018894633,classical
-184.91205,155.6167,-30.342314,25.354662,-4.955716,-6.180996,-5.039615,-5.2055435,-5.2334437,-1.6652348,-6.69738,-4.927415,-3.7856576,172.265625,1309.4230052943071,0.06507395591647332,0.092789955,classical
-214.83067,151.73303,-34.28057,29.992863,-2.0482857,-3.1928558,-2.0335422,-4.4210386,-4.17856,-3.7991881,-5.922575,0.9293597,3.630618,86.1328125,1369.0650980363614,0.07947202182424594,0.059745993,classical
-319.65372,146.54713,-26.160595,32.904205,1.7408607,-0.3092233,-0.8206357,-2.3384843,-3.8285663,-4.361791,-4.9947762,3.9425955,7.5071983,172.265625,1345.5762018662285,0.07026491806844548,0.023808287,classical
-537.1386,145.51648,13.7339945,0.23778921,-0.34561872,-18.38725,-17.86193,-14.900952,-21.359829,-17.37185,-2.5436156,6.0088744,0.8226954,135.99917763157896,836.6151250550571,0.05080277515951276,0.01015814,classical
-486.0174,172.43073,-1.1397963,4.028616,3.1158342,-11.16631,-15.480091,-9.429325,-3.249996,-0.6405777,-1.4430887,-6.3199067,-8.2311125,95.703125,880.9227960658991,0.05393411941705337,0.014343587,classical
-432.18604,174.1215,9.85099,17.893776,5.2741103,-5.576403,-14.668343,-13.244432,-10.016011,-9.263616,-5.7697306,-8.377247,-11.426181,151.99908088235293,720.0133766941834,0.0400322650812065,0.025737057,classical
-536.13873,184.7174,19.710838,12.701423,7.1818466,-6.4240184,-7.0157704,-12.347321,-13.084453,-11.978688,-11.080912,-6.451352,-4.113913,67.99958881578948,671.259874227241,0.04161719656322506,0.008208506,classical
-542.4996,180.97182,26.516333,13.545948,3.531758,-10.312589,-7.0915327,-11.1182,-10.435371,-6.3466096,-3.1268647,-0.19325905,-3.9345193,161.4990234375,677.3376991024594,0.04412544409802784,0.0072831437,classical
-589.19086,170.32262,19.273176,25.46178,6.360515,-3.8247561,-1.4359471,-10.840334,-6.4645176,-11.220155,-11.767951,-7.4330444,-4.2980776,69.83741554054055,806.2785350320382,0.0378956097737819,0.004369192,classical
-431.34747,192.75754,0.30610052,-0.33270037,3.222516,-15.46022,-15.810121,-9.367364,-9.183557,-7.088207,-2.910213,-3.015899,-3.6522326,103.359375,740.4601377028756,0.04909209142981438,0.020582823,classical
-388.74612,185.62094,-15.141665,-5.6214457,-2.0524278,-10.01201,-7.2717037,-1.7150402,-0.5980058,-7.887036,-11.31752,-12.821522,-11.567867,107.666015625,872.9304193360987,0.0632794373549884,0.026377821,classical
-527.6197,176.9937,11.149602,5.8023024,2.689636,-12.678251,-11.144385,-10.265485,-8.829874,-9.266729,-11.537249,-9.573351,-6.1050706,143.5546875,761.6365190836912,0.043586182207076565,0.009489278,classical
-452.447,185.04361,-19.710129,35.896446,14.355688,0.709303,4.0193615,-6.4193068,-2.5913181,-0.04813369,-4.306387,-0.7313929,6.092957,143.5546875,894.6495582213764,0.03833404328596288,0.010051675,classical
-641.564,115.09433,6.9052577,40.035007,16.724718,14.5550785,12.533958,5.1654663,8.496128,5.6328034,6.924048,6.481563,6.249366,103.359375,1265.4758794456568,0.023979027697215778,0.0012506454,classical
-558.3035,175.19704,28.59682,30.743708,5.9192166,3.92468,-2.587692,-7.2332106,0.3091408,3.3176727,3.9342895,3.4812996,5.0370526,112.34714673913044,761.3983652142007,0.032120069605568444,0.0044956524,classical
-397.81213,169.12006,-21.497139,20.39988,7.7897234,-1.480862,1.9181314,0.5154393,-2.0932128,-4.862803,-6.5971203,-3.1484768,-0.724579,151.99908088235293,1054.2640913735709,0.052687925971577725,0.01412081,classical
-380.9315,140.60657,-12.341017,27.261751,6.033863,-6.185514,-9.509352,-6.38627,-5.842985,-4.4110465,-7.1233344,-4.138994,-2.7774475,151.99908088235293,1303.18071322299,0.05728184817285383,0.015668659,classical
-345.42227,152.05602,-31.23163,15.150147,6.7650104,-3.82813,-0.29267108,-2.3035953,-5.077006,-4.019146,-3.6099496,-5.4706726,-8.138261,151.99908088235293,1289.3317375336749,0.0713808276537123,0.019706676,classical
-243.31953,121.821,-57.583378,2.683413,-26.212505,-22.153389,-19.367786,-21.90138,-14.460147,-8.443644,-11.833924,-14.10783,-6.9102473,117.45383522727273,1604.3333940403445,0.10160555031902552,0.04714192,classical
-271.60547,159.90372,-46.442574,8.439025,-15.145075,-11.277723,-10.305659,-17.904034,-12.5516615,-11.77194,-5.473904,-7.561421,-5.6141367,112.34714673913044,1257.5602060157444,0.07163573085846868,0.038224354,classical
-276.66254,144.7021,-49.895287,4.186904,-19.44746,-17.82606,-18.473183,-20.999733,-17.99869,-9.003248,-7.920668,-13.68597,-8.114421,117.45383522727273,1387.653667294599,0.0884616081786543,0.04334463,classical
-409.11826,196.18964,-0.7532752,-0.56535363,4.7445316,-7.581818,-8.506058,-13.114088,-10.10342,-8.394006,-7.4983816,-5.6222334,-4.680306,129.19921875,757.3685940543153,0.0469690309599768,0.025338424,classical
-301.18192,191.39113,-35.13909,11.8583,-4.5981092,-11.543862,-11.576528,-18.368595,-15.34248,-15.59515,-10.711277,-9.854349,-4.7144275,123.046875,933.0522797611284,0.05437708454176334,0.052783843,classical
-316.58673,196.71396,-23.61897,6.097794,-3.8944633,-7.858292,-9.463713,-19.236647,-13.166124,-8.81713,-7.7805476,-9.161535,-4.590883,117.45383522727273,872.5852150193232,0.05075066161542923,0.04735909,classical
-429.02658,186.71172,-28.701572,19.479904,-2.926319,-7.282692,-16.614922,-11.045146,-12.145455,-10.62107,-5.9406204,-11.309258,-4.675651,117.45383522727273,947.0418264969351,0.05535138123549884,0.015225268,classical
-420.4279,187.38986,-31.887377,17.356012,7.6169906,-3.491747,-5.729423,-7.978039,-8.4409895,-12.586585,-8.919752,-7.444772,-3.9957166,112.34714673913044,942.8915912674995,0.05485403676044084,0.013858173,classical
-285.67804,178.5659,-51.525795,2.6064312,-17.949373,-15.223699,-15.139144,-11.935705,-12.391989,-9.527545,-9.0668125,-11.657222,-5.6084714,112.34714673913044,1119.4273459907074,0.06324318445475638,0.03677555,classical
-293.07578,130.49327,-51.49914,6.9648833,-11.445035,-4.4242196,-8.338333,-13.060537,-12.6313095,-10.924398,-2.7110054,-5.972029,-2.3323686,107.666015625,1711.6484099619313,0.10951661289153132,0.024169767,classical
-273.0844,181.90067,-43.17689,13.1658,-13.8043585,-5.872248,-9.099632,-10.609744,-8.274738,-7.2508187,-6.170681,-7.2797217,-3.8019233,112.34714673913044,1208.8551791598607,0.0708970780162413,0.034531116,classical
-174.60005,138.86026,-33.93227,17.170872,-7.702298,-0.06332539,-5.1613655,-5.8351526,-7.840714,-3.085864,-0.6337419,-3.6331847,-1.5215336,107.666015625,1657.60430545128,0.09388368256960557,0.05781873,classical
-327.81885,175.40634,-34.388012,23.78039,-5.8823614,0.88236004,-10.297527,-9.248025,-7.9055657,-3.1944742,-0.3186621,-4.075071,1.6511647,99.38401442307692,1176.8389752336914,0.06872077109918794,0.023420883,classical
-242.3514,129.0536,-29.958319,21.296064,-17.138754,-1.9641513,-12.778166,-6.3926787,-7.276644,-2.3750477,-0.9164618,-7.7158375,-7.810299,99.38401442307692,1772.4428787423685,0.10353488435324826,0.034581494,classical
-282.92453,177.81256,-27.449377,13.252984,-8.800752,-7.6988688,-10.898238,-13.134405,-9.915147,-7.1270413,-7.265658,-6.2351236,-5.789009,103.359375,1121.390339651102,0.05776219910092807,0.036437254,classical
-423.50967,206.06888,-16.173288,8.299146,0.3279918,-7.8597083,-11.218267,-14.326299,-12.993429,-9.436184,-1.1090794,-7.684491,-2.3917015,123.046875,811.3816415981086,0.04820729408352668,0.014356239,classical
-423.99298,182.9657,-6.181463,9.982225,1.5196811,-10.922267,-11.084653,-13.229064,-11.356564,-7.1811814,-5.2427154,-13.330851,-6.6448326,75.99954044117646,873.5769580970318,0.04945008881960557,0.020140888,classical
-338.0852,192.15944,-25.263832,12.240649,-0.98922473,-12.530799,-11.989043,-14.835747,-6.679667,-12.397429,-6.8239956,-9.637959,-5.3183966,129.19921875,948.835665938297,0.05514405996229698,0.029747281,classical
-378.892,166.02893,-39.499695,15.324273,-5.201618,-6.056691,-7.4150095,-11.413106,-11.122768,-13.924073,-6.826173,-7.101173,-2.996288,103.359375,1171.3389872219695,0.05965188152552204,0.015195493,classical
-276.0736,161.40056,-37.266453,21.043964,-6.7375116,-1.6418978,-6.93682,-10.054873,-7.2091913,-5.487295,-2.9722738,-8.942888,-3.3522422,107.666015625,1334.846698870667,0.07433997063515081,0.027642168,classical
-249.45651,151.53899,-41.518898,16.193254,-9.355266,-2.8556755,-7.722261,-10.076456,-11.32399,-5.5473156,-5.802388,-8.188656,-1.2654041,103.359375,1403.2146968501356,0.07726965813515081,0.04176508,classical
-284.0625,76.649895,-50.937454,39.18806,-19.73255,18.066265,-2.0276227,48.159138,14.512574,17.757118,-28.125757,-1.994075,1.4519802,95.703125,2264.6036647837927,0.14753457620359628,0.036706578,classical
-330.37537,53.058266,-60.54562,33.164284,-18.408037,18.895674,2.8153667,48.25146,18.604898,26.256748,-10.138869,3.691438,-2.1660724,99.38401442307692,2466.962224095698,0.1772664860063805,0.029341944,classical
-291.55704,44.111748,-66.96625,28.841774,-25.516577,17.049763,-3.5430334,51.32612,23.484531,37.84559,-15.251871,-1.8161168,-11.061342,99.38401442307692,2538.153593036745,0.17424050174013922,0.039193828,classical
-332.2677,80.09444,-41.42294,30.808586,-21.028189,14.412373,-21.518515,13.949074,-5.183411,34.337116,8.762385,14.821335,-0.62016124,95.703125,2324.819776637799,0.15651849804234338,0.022046927,classical
-335.0762,99.025116,-45.212605,36.093704,-17.323423,10.622041,-15.627395,7.231298,-17.13953,19.56647,3.4553187,19.068022,12.561446,95.703125,1937.1070051821546,0.13227437101218098,0.021923779,classical
-313.52182,81.88514,-45.3833,31.56011,-23.406725,7.8459177,-15.118339,11.56024,-6.1051264,25.124315,4.951852,17.560652,-3.5277643,117.45383522727273,2258.5713209901446,0.16656281721287702,0.02749988,classical
-276.72186,96.555504,-39.199528,41.239338,-6.783948,21.267866,-1.6773976,29.429419,1.9232863,17.477222,-6.997707,5.3549204,-6.2017164,83.35433467741936,1955.2689529041397,0.12556191995359628,0.042212553,classical
-260.6573,82.87792,-44.351387,37.63712,-12.751336,25.60459,-5.5153894,20.429924,-14.420505,14.212476,-0.9596998,18.205559,-6.256813,92.28515625,2291.3267113637803,0.16530416183294663,0.04083522,classical
-217.78444,88.81405,-43.441296,36.5267,-18.257689,19.517216,-11.912963,28.73128,-4.3992157,12.424082,-15.950616,8.884356,-3.3477693,92.28515625,2331.895092914377,0.16557379277842227,0.0509998,classical
-211.13309,128.32903,-27.334635,50.764908,-1.6448559,12.703606,-14.770857,4.022321,-15.839097,15.387082,2.0891962,10.314544,-8.569286,69.83741554054055,1533.9421917273817,0.08064797527552205,0.07177985,classical
-350.98065,102.078354,-18.339851,45.450134,17.922054,21.000372,-4.878675,-8.6375675,7.3408065,19.117523,-11.290172,-8.134863,9.451618,107.666015625,1688.2969363562129,0.1320375942575406,0.090238966,classical
-336.90887,81.139336,-38.174812,57.43827,19.890566,16.450771,-13.856855,2.465724,19.438246,4.7884393,-28.33655,5.5697074,14.293962,95.703125,2205.241965789157,0.17950057098317865,0.0901128,classical
-209.35115,124.121155,-30.990696,22.39216,-3.385302,24.383162,-15.457104,3.7733572,-14.190639,13.816772,-2.2097697,6.531777,-12.669717,92.28515625,1587.3215596270845,0.102534530887471,0.08278657,classical
-207.99817,118.800354,-49.03086,12.808243,-5.5946927,13.379997,-14.215277,-0.23618099,-16.181253,5.070809,-2.91797,5.0626564,-8.199977,135.99917763157896,1631.1723341512918,0.10853551877900232,0.084693395,classical
-209.72404,116.92106,-50.942005,11.068615,-2.2708201,14.633377,-6.9647136,-4.038519,-12.647293,6.438446,-1.2075379,-1.7279837,-7.106577,135.99917763157896,1653.622309243334,0.11302521389211137,0.07972106,classical
-321.9817,131.42244,-38.822502,43.087578,-8.231075,15.273781,-13.660695,13.657571,-11.094112,13.329771,-8.126899,8.702767,4.641181,103.359375,1542.4977407390838,0.08332389247389792,0.019867487,classical
-401.94467,120.76894,-23.783035,41.297318,-2.7701502,20.435715,-4.7636466,19.142859,0.5866614,11.909493,-8.446805,0.7971257,3.43962,172.265625,1505.0840906906744,0.07529727378190255,0.011745593,classical
-436.30048,138.00378,-21.639284,37.95982,0.7304378,17.959816,-2.071487,14.329416,-1.4234617,14.101691,-3.1441,0.73360646,1.4565928,172.265625,1225.3242872501671,0.051318246084686776,0.010297138,classical
-440.5839,90.02503,-31.998537,48.13208,-7.8673635,12.877232,-13.071375,20.980024,-5.44578,24.775568,-5.53537,12.211162,-0.41901386,86.1328125,2080.679098203438,0.15241738870359628,0.009227301,classical
-404.3925,110.23519,-19.88348,38.349304,10.929223,6.934328,-1.2459761,8.076481,0.75800866,8.877986,0.5305667,5.928039,11.531034,172.265625,1427.960422111636,0.08672713348317865,0.021022582,classical
-439.55038,92.65857,-26.31056,47.490158,-4.02211,10.006057,-7.827698,22.216652,3.4530072,19.976358,2.5955067,8.833568,-0.5756315,112.34714673913044,1894.6331491421272,0.1328192974187935,0.010398489,classical
-152.46094,118.62819,-50.937073,43.785816,-13.302762,18.860418,-15.858188,22.030203,-8.931862,18.963251,-9.49276,5.5289264,-7.825093,89.10290948275862,1949.5883597630796,0.11026093024941995,0.07781619,classical
-231.96994,140.7763,-48.072308,45.21303,-7.6243134,12.929426,-13.856411,15.46482,-10.4436865,9.20945,-10.791861,5.2153845,-4.765935,135.99917763157896,1598.0194693715957,0.08904618619489559,0.038985904,classical
-231.07362,80.52643,-61.814983,35.481197,-16.688007,9.606267,-15.264507,13.045149,-7.3009863,16.416372,-5.776624,4.5771775,-2.1235833,135.99917763157896,2251.573478542361,0.15268588674593966,0.053965744,classical
-256.91278,123.03438,-19.237326,25.605936,-3.5163279,4.712059,-15.305905,8.542555,-8.382557,8.958899,-4.283192,-0.17866081,-2.7963703,103.359375,1537.77505777355,0.08921385585846868,0.051400073,classical
-303.97916,136.34694,-10.319109,33.629448,1.2853997,11.876785,-14.346813,1.4314857,-17.498722,4.4573574,1.3794345,11.131121,4.286897,103.359375,1308.610517916652,0.07020034258990719,0.031891037,classical
-292.55466,124.79345,-29.199781,36.15948,-8.017528,14.700672,-22.127174,11.685214,-19.366209,11.735424,-8.871795,4.9313326,-7.9596863,103.359375,1637.6325171321805,0.09793607707366589,0.026715634,classical
-265.83505,112.82345,-31.145794,42.291046,-10.595468,22.738049,-15.6106,17.571915,-2.9506996,19.351198,-6.6934147,0.55414057,-18.469934,184.5703125,1828.299602542336,0.10883800391531323,0.03424338,classical
-324.2453,98.99527,-35.614796,40.337223,-15.120767,15.132024,-15.971081,13.073798,-5.541043,15.099942,-4.1594906,2.780056,-13.755397,184.5703125,1927.6634943482181,0.12181087768271462,0.01905254,classical
-274.02878,95.445206,-41.199005,42.963604,-14.218959,15.48449,-11.807665,19.661942,-9.558486,7.6905136,-16.596619,-2.4810987,-9.999263,95.703125,2102.363191436281,0.13908425174013922,0.033907797,classical
-389.0736,130.33893,-21.638535,42.325497,-15.927232,22.166143,-15.502871,21.608992,-4.352294,27.70908,1.5001323,13.277737,-14.800885,99.38401442307692,1457.5859435720718,0.0729442339762181,0.010496987,classical
-377.01312,118.48731,-20.167278,42.26585,-17.188484,27.611269,-14.213019,20.745596,-10.777262,18.693945,2.4140193,20.30224,-10.973203,95.703125,1657.5274335021663,0.09101177312935035,0.009304893,classical
-370.93613,132.02486,-15.938801,45.225574,-11.052734,27.420828,-15.394373,14.912732,-16.559908,18.014126,8.377245,22.074535,-6.039005,143.5546875,1461.568432278754,0.07751776392111369,0.011662025,classical
-43.129803,67.53088,8.933639,27.281263,12.061275,4.417598,4.8041773,6.295064,1.426877,9.069864,-0.092488654,2.0607705,-5.2260823,83.35433467741936,2820.7348637608097,0.08233260223317865,0.25801215,country
-15.804551,71.213936,0.91890854,30.879377,11.814838,10.436003,3.2054524,7.8583374,3.3287702,8.694256,-2.819713,0.9180164,-3.2545207,86.1328125,2749.446729161015,0.11446966538573086,0.2446355,country
-10.746309,72.167145,1.6573895,26.83214,17.421436,2.3363523,3.9566886,8.226007,3.2008286,7.7385345,-3.9268591,3.3295321,-1.5892876,83.35433467741936,2820.11750082719,0.12407894975348027,0.24171394,country
-7.2279224,63.992443,-3.71395,30.665964,11.976916,5.0845985,6.2712064,10.448501,3.3532488,9.399425,-0.34436962,7.705646,2.5377908,129.19921875,2909.3194600889738,0.13000063442575405,0.22738105,country
-6.4469705,63.02365,-6.1484623,27.676748,12.074696,7.5357203,7.1065183,11.156683,5.7003036,10.425819,1.7973149,7.400334,-1.5013793,129.19921875,2917.0357873847324,0.12353402334686775,0.23246276,country
-10.467172,61.20917,5.4872046,25.99591,5.879328,15.452452,2.8742094,7.851671,0.016937964,5.4566483,-0.49666825,4.5357943,1.1556638,129.19921875,2986.885992646415,0.12670162050464037,0.23070283,country
-116.0079,75.66301,10.56625,31.147654,16.520039,10.781103,5.639387,10.312831,-4.39582,6.1553144,-7.8622785,1.0043505,-8.602142,161.4990234375,2508.4496665550937,0.08805716176044083,0.14225964,country
-131.09314,88.11137,-3.4861054,39.526928,18.35986,16.748095,8.702828,8.459679,2.8639724,7.490749,-3.8311741,-0.3892619,-5.0983276,161.4990234375,1978.7824321620185,0.05851784549013921,0.14751665,country
-115.27507,74.192505,9.326545,33.75485,14.806112,11.951834,4.381357,11.155871,-4.4307933,6.6607428,-7.168229,0.21657033,-6.3949566,80.74951171875,2434.8321359828033,0.07515226218097448,0.14814322,country
-62.692,100.057915,-11.577038,37.898983,11.152965,3.163183,4.1634426,10.590029,-4.2681866,10.76081,-3.529431,0.6646532,1.907501,161.4990234375,2074.216748669202,0.10405375398781902,0.20037647,country
-64.99026,99.28833,-7.063181,45.082996,15.767555,-2.3182173,-2.3181036,8.801756,-1.8644319,8.104968,-1.111921,5.2081323,3.0797927,161.4990234375,2033.09231147926,0.08657192575406032,0.20575546,country
-16.676949,64.62069,1.2316929,33.98985,6.2924933,3.3797626,4.411244,8.020972,3.0042555,9.653805,0.69535923,9.519917,-1.540036,117.45383522727273,2952.5194165008684,0.13104856982308585,0.20720752,country
-21.765133,61.994045,0.65488315,29.28047,7.882807,6.821435,7.8898273,8.888288,2.9737399,10.144218,-1.5755893,6.1092143,-1.4304115,117.45383522727273,2971.304423149375,0.12370395881670533,0.21178773,country
-22.807392,63.34664,-11.4261875,29.164547,10.184293,5.036837,0.24545245,15.175967,3.867612,10.411074,0.12829073,4.847154,-1.7756405,129.19921875,2874.97184508997,0.14030552131670534,0.20102757,country
-17.436224,60.44192,-9.695356,28.75739,11.112443,2.6439064,1.2211896,15.5287285,3.1217077,11.274667,1.6190199,3.1558712,-1.8888602,129.19921875,2932.1985367006105,0.1365216248549884,0.20721659,country
-34.005814,63.455563,-2.1710277,27.607979,11.486955,9.1331,-1.3719171,10.790304,2.031411,7.8750634,0.7090506,9.612522,-0.11472584,129.19921875,2972.641153191025,0.13178608976218098,0.20247744,country
-25.3021,75.96456,1.9837391,25.171087,17.147434,2.490973,-3.0012217,16.812696,-1.6270065,4.5582433,3.185449,1.2499422,0.8433433,112.34714673913044,2660.6103013351617,0.11188438043793504,0.22741841,country
-20.246983,70.845146,1.0698653,24.412956,16.332502,4.9403424,-4.7344117,17.649889,-5.2461414,0.78127563,2.3317146,1.0396364,-1.2663338,112.34714673913044,2860.7273682277196,0.13887919627320186,0.2108245,country
-23.998413,67.35514,1.114933,23.775375,15.540028,6.118993,-4.163592,19.719675,-3.1645746,2.0627866,3.3903384,0.15629472,-3.0468872,112.34714673913044,2877.999904709072,0.1338094547563805,0.20457752,country
-21.92057,68.94715,8.275706,26.562067,12.714331,12.14425,-3.9650483,8.495382,-0.1653088,10.258066,1.8078325,9.617843,6.390456,103.359375,2823.4369104004822,0.1049917977813225,0.24528673,country
-31.76386,61.34194,4.744822,24.99532,13.47245,15.067454,-1.5430617,11.423043,0.08160259,4.5716114,-1.1381454,4.697235,1.0434998,103.359375,2877.1486083682476,0.10500992423143851,0.24854149,country
-12.5268545,72.828835,-4.623725,26.180021,12.908882,14.022598,0.020409958,9.714077,-1.2731594,14.062149,1.5167724,4.425747,-1.0995712,129.19921875,2647.0527463142757,0.11176202689965198,0.26707447,country
-16.680723,71.15205,-3.2600029,29.27019,9.457399,15.2699,-2.405611,9.740549,2.1682937,4.753904,-4.2842917,5.7766356,-0.19205257,135.99917763157896,2602.282989376616,0.10116938261310905,0.28100815,country
-29.957872,86.12908,-6.660345,41.202698,0.6469757,22.34066,-1.9151503,7.945225,7.321509,8.496749,-5.3144164,12.2553835,2.3632898,66.25600961538461,2268.509109231998,0.10058933620939675,0.27366424,country
8.579202,55.750473,4.5320373,23.498539,11.4346075,-0.34197918,2.7865412,9.445972,-0.65748584,10.105637,-3.5432656,0.22936445,2.014056,95.703125,3327.9406964236323,0.16299303944315546,0.22833188,country
11.54298,61.93451,-9.24952,34.19461,10.10453,5.5987983,0.10462913,6.7372227,3.585312,12.992187,-0.7669151,0.916571,-2.1870265,95.703125,2971.3163967281034,0.14786538391821347,0.24298692,country
16.179968,59.265205,7.5089164,22.553074,6.2439575,5.4841437,1.8788246,9.780324,0.012013163,11.773952,-2.1959696,2.43371,1.5812596,117.45383522727273,3273.822739014611,0.15892251848897912,0.23747621,country
-154.39565,112.6706,-20.523184,27.302576,-12.299398,-6.833273,2.796768,3.077808,-9.503402,-1.6429367,0.30698615,2.0145533,2.329454,80.74951171875,1887.5911324644148,0.09260576783642692,0.09024782,country
-229.65506,99.40123,6.1175094,40.90374,6.2841225,5.627282,-6.7589016,-1.5611638,-11.274648,-12.067788,-5.529896,-4.2987533,-3.0107994,80.74951171875,1942.3930107686726,0.07141254894141531,0.059510835,country
-208.9871,107.65016,1.1282132,44.593292,3.3807826,-1.7600648,-6.391147,-1.6437157,-7.142196,-1.7546942,-7.4834037,-8.38993,-3.3897293,123.046875,1752.6091628602874,0.06507622172273782,0.073931016,country
-196.99692,73.7416,12.169138,20.04736,11.083708,-1.2216984,3.8772168,-5.3985767,-3.8953185,10.679378,-7.5435543,1.3548378,5.290196,112.34714673913044,2659.030803077053,0.09665589653422274,0.08065265,country
-196.68622,54.766792,10.161936,27.048586,6.769981,-1.5734779,12.075143,3.1899102,-9.051471,9.578183,-5.42457,4.8813963,-1.9411124,112.34714673913044,2924.983759602958,0.11791482381090487,0.08138194,country
-203.34706,55.17939,7.5466757,23.256254,12.956412,2.8737578,8.059449,5.589428,-1.6901667,8.228966,-6.078803,5.3627124,1.5391753,112.34714673913044,2929.585607282161,0.11494435179814386,0.073126055,country
-145.15314,131.51898,-3.2080863,22.16456,-4.6002984,1.494463,-7.8650227,-0.29061642,-8.225159,-5.2308693,-2.2399628,0.8480444,-4.893609,89.10290948275862,1604.2360110750153,0.06113032011310905,0.117281884,country
-152.23521,125.53655,0.9905203,27.47503,-0.94477916,0.4272431,-8.459298,-1.6441087,-8.880809,-8.351583,-5.390526,-3.8182151,-6.445155,89.10290948275862,1639.633166591747,0.06198226326856149,0.12028431,country
-125.713554,114.71377,-5.206092,34.23268,5.588318,1.7333155,-16.676735,-2.2009454,-3.9425702,-4.7786584,-7.9367557,-3.564545,-2.435714,172.265625,1758.9711129079014,0.06883746012180975,0.1425912,country
-129.39339,82.45294,3.710514,19.674648,11.484202,-0.8673344,2.8444693,-0.14674799,-2.5355847,2.134615,-5.166914,-2.6621912,-4.3487477,129.19921875,2708.9313233939115,0.12275458599187936,0.07633081,country
-128.46684,74.326904,4.4690857,21.01729,10.596133,-1.5768487,6.1921964,-2.7953382,-0.97980183,7.325437,-3.6788514,-3.0055046,-5.686069,129.19921875,2908.4706982911225,0.1370597538428074,0.079307824,country
-120.98577,76.0935,1.3562545,19.210297,10.459066,4.6453743,6.6225867,1.4339192,0.5129607,6.702401,-2.3632615,-4.849692,-5.942785,129.19921875,2820.719897916473,0.1281381416763341,0.08421703,country
-127.76992,63.857616,17.620096,19.720392,17.098633,10.472758,5.192215,-0.54144484,2.6239436,-1.2519873,-2.7189655,1.8191663,-2.774002,135.99917763157896,3222.0684991959115,0.14361359846287702,0.08578928,country
-117.21237,73.20277,15.10263,14.554472,10.214631,6.9279704,9.140265,-2.0460622,1.3160626,-0.45229954,-7.0141387,-1.5909749,-6.8198733,135.99917763157896,2969.166823201997,0.12956333381670534,0.09879298,country
-128.97308,80.6219,17.402462,20.478012,9.311018,6.8657656,9.611959,1.0572852,3.1867375,0.068543896,-6.9441786,1.405721,-5.6128917,135.99917763157896,2662.2149877832226,0.10035709106728538,0.093048595,country
-149.20793,119.36105,-9.82021,32.090046,-6.9564295,3.7804036,-15.594086,3.282525,-15.44069,0.52564216,-13.792167,-3.8633451,-1.0547993,143.5546875,1897.361949565997,0.09332402842227379,0.09172026,country
-97.52055,106.853355,-6.437067,34.034634,-13.92739,5.806183,-14.584746,11.97405,-1.7218431,-2.8445504,-12.891546,-4.939854,-2.9132514,151.99908088235293,2007.5394304961726,0.09749764356148492,0.110451736,country
-102.02261,108.99913,0.5778589,35.7708,-16.498974,3.1424024,-13.031947,10.219824,-7.4183116,-1.7181321,-10.984538,-6.2136827,-2.4831831,99.38401442307692,1972.722744162423,0.09144794083526682,0.11174603,country
-217.11882,145.50127,-25.861265,55.198235,-15.760103,-2.8524945,-15.280534,-7.763949,-11.90608,-7.867078,4.2421427,-10.780087,-7.6560297,107.666015625,1409.4345918090673,0.06449277660962877,0.07818283,country
-225.41731,137.74345,1.1889414,60.187256,-4.6932616,-3.0677507,-18.80701,-7.9661784,-11.003146,-6.9493446,-3.1654544,-9.843614,-6.898552,107.666015625,1321.3500266015374,0.047523020591647334,0.07495467,country
-187.6473,135.35622,-26.013824,58.502758,-8.536314,0.03381093,-19.867214,-8.8905945,-12.42165,-8.746824,0.76999426,-9.19339,-4.8218827,107.666015625,1547.963954022179,0.0681735788863109,0.08588274,country
-212.9476,164.33774,6.996089,26.299849,12.79396,3.0295544,-3.2650619,-5.1045647,-9.20136,-1.3216107,-6.5969815,-2.0890708,-7.1781325,89.10290948275862,1012.6278482125183,0.040655361803944315,0.09240096,country
-170.15163,129.42903,9.464862,29.551968,2.6197822,-0.655176,-3.361703,-1.3728135,-4.0829015,-1.0611905,-4.586645,-1.9339231,-5.905113,86.1328125,1585.1693862157067,0.06956704973897912,0.08442007,country
-130.60796,118.012535,7.387648,29.744871,-7.3485303,-3.8410225,-2.241013,2.9644318,-5.1831846,-4.846029,-6.3264685,-2.4900253,-2.8707366,89.10290948275862,1815.1166248497116,0.0810478900812065,0.08898078,country
-149.38884,106.435905,-10.435342,18.822872,21.854988,6.376297,-2.435365,5.0322075,0.7295584,1.1221536,-5.10342,-0.99345493,-8.186569,86.1328125,1981.488793865526,0.09075686992459396,0.08778107,country
-132.82957,106.048775,-8.296106,19.882483,17.28126,3.585837,2.4787111,3.622205,-4.412558,-1.7576816,-9.846164,0.79033846,-7.4183125,86.1328125,2027.6627762844887,0.08904505329176333,0.09615744,country
-111.2294,96.497444,-15.852899,14.474453,11.75771,3.3656876,3.8315487,1.5838685,-0.8525898,5.422987,-9.043391,-2.2628093,-11.00285,86.1328125,2197.9254280193686,0.10619267510150812,0.10609417,country
-270.36948,170.83727,-21.495619,23.650549,20.320833,-2.2012048,0.8512708,-2.0676284,-8.390191,0.69782287,-5.112527,-1.9127316,-3.7116365,83.35433467741936,1045.2184485107166,0.044699825986078884,0.076546125,country
-221.31798,148.63707,-35.85973,33.94112,11.320608,-7.214608,6.9763255,-1.2418365,-10.584144,2.511224,-3.4072628,-3.5169828,-5.3732066,135.99917763157896,1347.8657719391415,0.06765924086426914,0.10224877,country
-276.69095,170.02809,-11.353717,23.296915,14.124831,-1.1213022,4.7926393,0.8699803,-9.402849,2.0777607,-4.780877,-5.414801,-3.6995542,86.1328125,1025.2766217212425,0.04024411796693735,0.06710974,country
-155.2249,75.22504,22.153755,40.447987,0.08625613,23.639717,-0.2116552,9.94311,-7.582788,5.445707,0.99240565,2.7001033,-3.3242548,103.359375,2464.351493956855,0.09183086209396751,0.10637669,country
-140.66019,69.88362,21.320675,44.00949,4.3507442,23.99391,-1.1903932,12.172151,-6.7858415,5.731083,-0.8239829,3.1387308,-7.0426173,198.76802884615384,2551.9912596933586,0.0974704538863109,0.11791165,country
-187.41821,79.18949,23.859995,53.47095,11.367153,27.621592,-0.32509893,8.941285,-6.0940294,3.9940202,-2.4152822,-1.6056321,-7.636518,103.359375,2208.3685595753745,0.07093446381960557,0.090983026,country
-210.1399,166.84683,-24.562138,36.737278,8.8769865,2.021845,-6.499979,-6.29623,-6.8014717,-3.3333774,-2.9576442,-1.9110605,-7.156329,107.666015625,1075.7963746893956,0.04747317285382831,0.10257953,country
-229.64441,171.8985,-14.030384,38.254288,16.316236,4.3422713,-4.6872377,-5.7485375,-8.128061,-6.27131,-6.565309,-4.140279,-7.557309,107.666015625,917.7013202206381,0.038271733613689095,0.104960084,country
-188.35086,162.89673,-24.202797,35.726517,5.240352,5.847944,-6.0791206,-1.6028851,-3.8808877,-2.816409,-10.695399,-3.6542776,-9.294754,107.666015625,1144.4039358330162,0.05080504096577726,0.12159593,country
-170.49594,110.02436,2.3043358,33.62444,6.254646,-6.847364,-5.584557,-5.811556,-16.04906,-0.51854146,-4.673677,-3.535929,2.2526817,184.5703125,1820.4031266037314,0.06987859810034802,0.08916463,country
-211.6353,115.744995,-2.2101977,37.59929,13.354873,-5.7510962,4.0280147,2.4939368,-12.626866,-4.2819963,-4.6355505,-1.6364657,0.19740094,61.5234375,1687.5495423581046,0.07157681989559164,0.065636285,country
-203.45757,117.225395,-0.08060153,43.293476,14.270353,-5.6058364,5.1794415,3.3111258,-17.528227,-5.9223156,-9.050563,-8.315537,-2.8396084,61.5234375,1648.0450973351099,0.06236065291473318,0.07016771,country
-374.80734,108.4969,43.232815,18.859148,16.475105,5.373093,-0.104644276,2.8461642,-2.645407,-0.872058,-1.1275429,-0.5121951,-3.9332664,83.35433467741936,1492.909521503637,0.03283606438515081,0.039058402,country
-336.95972,99.678734,28.763105,24.279827,18.859787,7.116484,-5.2999187,3.218752,-6.947343,-1.0066322,-0.3124808,1.4075667,-6.261823,172.265625,1802.767916537521,0.04819483214907193,0.033781435,country
-346.92975,123.84253,26.36239,29.352936,20.965435,5.364723,0.23581095,5.566199,0.7188368,-3.8239608,-7.113867,-3.788155,-9.211285,83.35433467741936,1194.524790624421,0.02523768307714617,0.043541025,country
-195.41771,100.05868,-5.5161576,47.21081,0.19107431,5.899907,-7.9419637,-0.7997414,-11.137865,-1.9778337,-10.763204,5.6235995,-6.299656,129.19921875,1907.051428553582,0.09234973172853829,0.09518286,country
-196.74162,106.75918,-6.5454063,46.168827,-1.8803229,8.105733,-8.34007,-5.1376524,-12.057505,-3.0330274,-12.258758,7.678013,-3.8812027,129.19921875,1796.1359544758882,0.08645183802204176,0.09171247,country
-207.61847,120.6926,-4.7193885,50.885006,5.253259,-0.20244242,-11.12394,1.5847579,-11.808794,-10.597491,-11.649565,1.5982728,-4.7236686,129.19921875,1514.2412636544082,0.06786316342807425,0.10266395,country
-201.84964,108.203156,-10.847064,27.398727,4.5138974,6.4569077,-4.0371947,-2.300799,-5.946538,-4.5488815,-7.707318,-3.392271,-7.8335876,143.5546875,1812.8561780876362,0.0755782337587007,0.07156096,country
-174.86188,118.371574,-1.6622728,32.34691,7.032565,17.614092,4.127813,2.7486272,-2.9186623,-0.9673858,-1.3883628,-2.7560415,-3.803053,73.828125,1627.7386980151505,0.059756108613689095,0.084698685,country
-224.87335,132.51266,1.7004656,36.038982,18.451544,21.758068,1.8227171,0.23418477,-4.532783,-1.423189,-6.758936,-1.3278008,-6.4731526,73.828125,1256.4238262235413,0.03618832475348028,0.08319434,country
-193.34636,160.76431,-5.064209,25.745646,13.482834,7.9533443,4.437737,4.5310583,-8.847889,-2.1156745,-3.2656562,1.1490153,1.3208716,107.666015625,1177.698760082226,0.05388087296983759,0.10044964,country
-199.70036,153.10341,0.28840116,31.550224,11.298779,4.1212616,1.2232839,1.504602,-4.915739,2.3518991,-3.812446,0.17537943,0.8071898,107.666015625,1208.9204931277545,0.04810419989849188,0.09710419,country
-189.19833,141.19566,-4.1723795,31.033163,2.4086385,5.9241195,5.625453,5.241774,-3.8137496,4.418925,-4.1708655,1.4171733,3.7767973,107.666015625,1428.4315187662269,0.062280216792343385,0.10362132,country
-81.90911,102.80628,-33.633892,26.132936,8.36438,-6.249968,1.9850066,-5.247092,-4.698122,1.3753389,-2.9565804,-4.0529194,-8.096834,92.28515625,2109.9279100402255,0.10683842988689095,0.12874441,country
-100.17831,104.968636,-28.59774,33.315434,7.9998975,-7.759891,0.33356825,-4.4863153,-4.169156,-2.0149524,-4.7571316,-4.2554245,-7.3847528,92.28515625,2039.1771251348234,0.1009665929524362,0.115390055,country
-120.30077,113.269226,-19.259295,27.838247,-1.2358644,-2.2305217,7.440546,-5.757681,-6.4270077,-1.7673994,-3.7765749,0.19312514,-4.4222393,92.28515625,1885.3133872390495,0.0837963130800464,0.10516526,country
-168.93442,132.25813,-19.030487,28.587482,8.271856,-2.3611023,-2.2225645,-7.4258795,-4.382734,3.3015864,-7.7474475,-7.1080165,-0.37022835,89.10290948275862,1507.4918282822357,0.06908103429524362,0.09261643,country
-156.36972,128.28494,-8.663467,30.208748,6.5120974,-6.393458,-4.9951897,-4.1045895,-8.006441,3.6825624,-6.535873,-8.115726,-0.8867659,89.10290948275862,1525.1334314433745,0.05774067394141531,0.10702949,country
-182.25572,137.91916,-12.677435,34.72315,4.2967315,-2.5307922,1.0135367,0.6857442,-1.2500473,-3.065507,-6.6634755,-6.5608435,-2.904931,89.10290948275862,1389.132752880534,0.05222003697795824,0.08232612,country
-174.76286,158.08577,-21.889627,32.368782,9.813123,-9.497023,-4.467065,0.20375808,-11.03817,-4.528176,2.3474138,-2.6353874,-6.060309,184.5703125,1265.7592831697123,0.05431817357888631,0.11419506,country
-174.08853,159.71327,-14.919194,28.732183,5.780408,-6.5351467,-5.855191,-0.29124582,-7.566525,0.025980921,0.6285215,-3.4718208,-7.421835,89.10290948275862,1211.5626210916992,0.05334274398201856,0.112053454,country
-165.20718,163.81473,-16.69489,30.504745,6.7661667,-8.582598,-6.826619,0.6056734,-8.060307,-3.377543,-0.9276885,-5.142831,-6.0497603,89.10290948275862,1165.471814243964,0.054676170968677495,0.12459497,country
-310.3469,136.71675,44.533726,38.73025,17.206297,6.8667626,-5.6869597,-6.3713446,-5.063256,-5.2573533,-6.6078277,-6.622869,-6.477773,161.4990234375,1085.8873118308247,0.03937518126450116,0.064769104,country
-282.81805,127.03635,45.20001,39.4819,14.378571,11.618477,-7.450678,-7.4037905,-3.4082353,-0.103467196,-3.983078,-4.51793,-11.910835,161.4990234375,1221.7892311929704,0.0395485154437355,0.090542234,country
-237.93033,121.46584,37.159935,34.578358,6.906284,10.114147,-4.5287004,-8.958328,-15.630626,-9.509743,-9.02846,0.20190473,-3.2681668,80.74951171875,1416.8593368044233,0.049386646244199535,0.083187446,country
-151.6644,113.65491,-20.687323,37.222336,6.8583474,-1.2188207,-0.87547934,-1.0901389,-5.2145433,5.450807,-5.3939714,5.242989,3.600477,112.34714673913044,1878.185195645197,0.08122235716357308,0.09532345,country
-133.1715,106.51882,-18.55671,33.0876,9.302745,-4.132275,-1.3176022,-3.2210276,-4.418255,4.977306,-3.285293,2.7170315,2.2673004,107.666015625,2060.3961949168693,0.09601014174883991,0.097475424,country
-106.55164,92.285164,-18.452057,32.051003,0.039725956,-1.2460793,0.031566158,-4.3715277,-6.715555,1.7895889,-4.7121835,2.5883825,0.54079676,112.34714673913044,2220.0459595207194,0.10815826203596288,0.10929763,country
-269.8511,103.87332,1.9720753,43.884613,-4.1989517,13.89806,5.489482,5.0734477,-4.428545,1.0280051,1.2739629,2.1264985,-10.325364,95.703125,1803.5257870716023,0.07212061339907193,0.0410412,country
-227.36298,89.46804,13.839951,51.98723,5.5637755,16.812605,11.143863,12.436323,0.6833594,4.8395457,-3.3158777,4.515591,0.687929,99.38401442307692,1902.7426113702368,0.06635866806844548,0.06740654,country
-216.93889,100.299324,3.3378835,42.27502,4.8112097,18.194166,9.643286,5.9327235,1.9005413,7.6743526,2.4280782,2.4709818,4.5971503,99.38401442307692,1763.7086558775595,0.06402035600348027,0.07281469,country
-174.32153,83.61395,1.8421308,37.18511,-2.999421,9.450905,6.4196396,1.0322013,-2.6282365,-2.1173522,-6.4694576,-0.96610963,-2.4234743,89.10290948275862,2297.252151636137,0.09577336499419954,0.08278454,country
-132.5087,76.50484,-2.891115,32.0155,-10.554107,7.900931,3.4851408,3.0555797,1.3199385,-0.057892483,-11.04793,0.16362286,-4.9975796,92.28515625,2526.6415851716915,0.13119698013341066,0.10650015,country
-93.03801,76.97935,-15.987014,37.287685,-9.1647215,6.475368,-1.6700181,-2.8885183,-2.0941815,-1.1174887,-6.0540032,-2.7066376,-7.0109715,184.5703125,2545.6374841817074,0.14324427204176335,0.12396123,country
-172.70415,83.92804,3.2816916,12.67181,9.458333,11.598884,4.5768685,4.0661187,5.568886,2.5763676,3.233719,-1.750429,-4.1144795,135.99917763157896,2602.6250797963967,0.10600121447215777,0.062345862,country
-147.86296,80.236534,-5.0402555,10.585654,8.824584,3.4305098,3.4367146,7.4980445,3.4159904,4.6753445,1.6972696,0.5055876,-5.202818,135.99917763157896,2712.1933470792114,0.12268434599767981,0.083505936,country
-141.11014,86.92387,-23.460535,18.552683,22.265394,-3.7285678,1.0300328,7.5313807,-2.741283,-1.1154212,4.5986485,-0.2564455,0.2676678,135.99917763157896,2526.611064122841,0.12858903712296985,0.0886978,country
-113.56843,104.218704,-7.1174793,16.867283,15.584469,-9.416193,8.035465,2.3465421,-14.164718,11.344009,-1.0188881,-1.6724725,1.5082631,99.38401442307692,2215.4641621693568,0.10189217481148492,0.10226585,country
-119.74389,94.43647,-8.629765,26.761055,22.429956,-7.4303055,8.893629,2.8215985,-14.494121,10.392429,-2.0277245,-2.1606812,0.74785596,99.38401442307692,2338.083893150933,0.10846527878480279,0.09944705,country
-127.8854,87.40834,-2.2422252,31.841156,24.766958,-4.557656,8.692366,2.0933154,-15.28151,6.1478577,-3.9989831,-5.5953135,-0.46143427,99.38401442307692,2413.529390979374,0.10227283026392112,0.09772125,country
-333.773,94.686935,-11.3198185,53.17559,9.261047,11.415122,4.372798,3.0597034,-5.1971216,2.2833464,-1.3331532,1.7143048,-4.3284917,123.046875,1810.2683234275773,0.06918299557714618,0.026636181,country
-356.33737,98.71938,3.827393,59.205772,16.06401,15.385044,2.7875116,5.6389246,-2.2684102,0.6428871,-6.357245,-1.6579893,-5.220411,112.34714673913044,1650.2724937805835,0.06621705517691415,0.025152266,country
-328.98193,100.4639,-21.95098,40.71041,-2.131316,8.642399,-5.3494005,-0.9484099,-7.0521207,-2.1401703,-10.426091,-8.523271,-9.025351,112.34714673913044,2021.2830587768724,0.11885853212006961,0.016321864,country
-190.14297,100.342964,5.603153,24.312544,24.994476,-1.1592913,-3.3410583,1.861359,-5.1356044,3.0863488,-4.455337,-3.5551255,0.32045475,99.38401442307692,2186.8713904447163,0.0814557352088167,0.06400624,country
-159.06186,105.9786,1.2014577,22.200035,16.285528,2.8014498,1.3866078,0.85427326,-5.308038,5.3266177,-3.2735643,-3.325949,-0.324126,99.38401442307692,2058.016824774849,0.0882758120649652,0.08045583,country
-171.14262,108.98929,-3.2559462,25.811285,25.084751,6.0039926,-2.802028,-2.2348084,-5.5309176,3.0316992,-5.836494,-6.9059463,-4.698637,99.38401442307692,1959.3177815973959,0.08493034911542924,0.07147967,country
-124.92549,72.677986,8.306009,21.042112,7.976202,5.003677,1.2751976,6.3271713,-2.1092284,7.414982,8.069447,-1.088497,0.30728096,151.99908088235293,2828.5263859534393,0.11415585121809745,0.08725078,country
-115.38913,83.221085,4.124828,14.37181,5.4761996,8.886035,6.260466,2.9177773,-4.440658,-0.15092829,4.137307,-1.4074556,2.7261207,151.99908088235293,2656.1272553061103,0.10761786724187936,0.09033981,country
-113.89925,66.607025,12.453216,10.927742,5.0177164,11.429547,4.7918243,7.98055,0.70714706,2.2565901,2.9372373,-0.8902777,4.27683,151.99908088235293,3096.0119006908762,0.14103171222447797,0.09464409,country
-99.118675,44.747444,11.7061405,39.696426,9.331909,3.3310757,0.03402972,4.887836,0.5281836,-1.9765753,0.47601542,3.3043907,-2.9238315,123.046875,3564.0352722576026,0.19143910419083526,0.08882573,country
-64.500984,37.227062,6.180883,32.38533,5.0509286,3.9351656,3.2273962,3.143142,0.3360076,1.4472039,1.3755654,1.6022025,-3.3321471,123.046875,3760.8660485376095,0.21876699354698376,0.1083364,country
-105.62561,26.980097,16.489851,40.392853,13.144145,3.9298773,5.20996,12.411033,3.5398095,0.84415954,1.2512872,-1.3185341,-4.397324,123.046875,3955.6754993477216,0.22566524071925753,0.091467805,country
-117.2612,79.675674,-5.9699326,35.722507,11.4023905,-2.930727,0.0162339,1.9403305,-1.3740066,-1.7106614,-4.739119,1.0717976,-4.3023295,143.5546875,2572.739855090581,0.11137457402842227,0.09634513,country
-103.58318,91.26503,-4.8596916,29.426918,3.3731296,-1.0065856,8.878957,4.9203954,-3.644504,-1.5074817,-4.7276726,-3.8358943,-5.001223,143.5546875,2302.2622233564375,0.0957994217662413,0.110640496,country
-87.944725,85.258545,-2.2311397,26.498566,-5.81929,-2.020214,4.4132376,3.4367466,-7.695016,-2.0507085,-2.4831605,-1.3723023,-1.9722365,135.99917763157896,2471.2559667877363,0.11126808113399073,0.11958076,country
-100.37156,78.094826,12.338142,35.12104,23.147278,-2.070495,8.889098,-0.46699852,-7.8837833,6.261662,0.40437227,-2.0061784,1.382407,129.19921875,2729.308182735476,0.10828967879930394,0.114210375,country
-129.14592,88.387215,17.755733,31.257435,24.619268,0.6943967,13.289092,5.148413,-1.8165368,3.2007043,-0.005681226,1.5667332,-0.5251138,129.19921875,2497.3414374168124,0.07785990066705337,0.10791816,country
-105.60503,80.35089,9.157875,29.346895,23.27009,-0.24665086,13.926541,6.304601,-7.50962,0.5333822,3.89146,2.7681942,0.8239106,129.19921875,2675.2503819747258,0.1009733903712297,0.11706566,country
-108.24032,83.21822,13.405139,35.570126,17.1755,8.638575,-0.45885983,-4.662658,-2.7736344,-0.8689511,-9.87184,1.1358436,0.64840317,103.359375,2376.1803821909684,0.07955359084976799,0.118792,country
-98.18369,87.145485,4.1844926,26.999945,11.195856,13.143084,1.4079964,-5.4247565,-3.17345,-3.503401,-6.7565265,5.6279182,2.4605398,103.359375,2304.4280432933924,0.08457688333816706,0.11901031,country
-97.6263,82.14701,5.6426845,28.573177,13.221497,13.138362,-1.2870715,-4.71259,-1.1190755,-1.5212988,-7.885398,1.7726606,-1.443165,103.359375,2479.126738754155,0.09639079720127611,0.11493341,country
-101.92273,82.78958,-21.079538,19.252146,7.941799,8.77367,-0.59594953,2.3201058,1.8893656,4.1214848,-0.8404044,-0.71600837,1.134648,135.99917763157896,2580.623504053984,0.13720816415313225,0.09505078,country
-96.82794,86.69363,-13.465279,19.886257,11.043499,6.530092,-2.4227164,3.467941,-1.9653676,-1.4911945,-3.9506354,-1.1655552,4.663644,135.99917763157896,2534.6161565373895,0.13175436847447797,0.09689156,country
-104.859886,86.859665,-24.504087,22.52908,10.933292,7.4792953,3.3286371,4.436889,0.19733034,2.157501,0.45167428,-1.9721348,0.63369703,135.99917763157896,2476.5606035169208,0.13315237093967516,0.09259871,country
-213.4317,131.59363,6.042354,18.683886,28.762373,5.081349,9.610722,0.2407225,-5.4437113,-3.3202796,-0.21549715,-0.35875255,1.8824785,78.30255681818181,1461.3747564799482,0.04933453270011601,0.09576819,country
-134.40707,110.38733,-4.346927,19.836283,21.47639,9.899124,4.4792595,1.2567247,-3.3882806,4.4664936,8.733695,-0.74086446,3.0063221,78.30255681818181,1901.9585240238557,0.07865179995649652,0.12317185,country
-140.19354,117.58107,-10.349978,22.973272,33.111504,1.4892246,4.045086,2.0421054,-2.26168,-0.12123331,4.6975436,-0.06836192,2.5449007,161.4990234375,1827.1144456801997,0.07104888703596288,0.12158476,country
-71.71708,68.804245,-16.227333,13.301863,2.9260764,-0.6547086,-1.8000159,-0.332718,-4.798208,5.5964723,-2.4823651,4.75824,0.6148888,78.30255681818181,2862.015227393784,0.14054682968387472,0.13805363,country
-67.837944,75.09278,-20.851192,22.484833,5.918257,-3.1790292,3.2847219,2.9055357,0.53319305,5.4428873,-1.8560941,5.2367644,1.2504439,151.99908088235293,2635.2638443698793,0.12389881815545244,0.14085114,country
-44.33031,70.011734,-13.917178,15.621618,6.32666,-8.691258,-6.459982,1.0093336,1.7224224,3.8779328,-0.76547354,4.5563245,-2.323166,78.30255681818181,2833.573347816814,0.13403037086716937,0.16049294,country
-122.77457,98.635574,-29.017189,62.807606,1.1609076,-2.019123,-2.8766575,-0.88722205,-3.8144429,-1.166397,6.78116,-10.828965,-0.8667956,151.99908088235293,2184.8501965333135,0.1231250453161253,0.10571721,country
-129.31133,109.97858,-30.49066,52.50294,-6.995893,0.50666785,-1.7703016,-0.7056964,-0.78601766,0.18406163,3.6188784,-7.7218056,0.8675329,78.30255681818181,2017.316396757873,0.10648043249709976,0.098862514,country
-128.60985,101.84376,-36.01585,60.77999,-0.0071264207,-7.9219575,-4.109924,2.661895,-4.5214,-1.5101874,6.350049,-11.858644,2.1865458,78.30255681818181,2127.1135481625397,0.11748205481438515,0.10500279,country
-164.64787,116.4062,-34.704063,42.114414,-2.628382,3.141213,6.989678,-8.924429,-2.5372508,1.1606429,-12.812026,2.5740917,-11.321151,151.99908088235293,1809.8351711746247,0.10084650522041763,0.093706064,country
-161.14124,118.44947,-35.161045,44.711056,0.36655477,4.098717,7.3707843,-4.64388,-2.0088627,-0.9969435,-11.094191,3.4795625,-12.474176,151.99908088235293,1777.6234751238915,0.0955105314675174,0.090786226,country
-170.49835,118.79329,-30.916061,40.867523,-1.7721246,4.2548532,7.205436,-7.9657407,-0.3136111,2.4760277,-13.578581,2.6205018,-13.2321205,151.99908088235293,1766.0016932344765,0.08548320584396751,0.087052986,country
-148.90517,106.001205,12.412103,28.994522,14.2659855,-4.4845223,13.337728,-5.077999,-12.209541,3.1627579,-8.859101,3.8947623,0.26470408,117.45383522727273,1950.423994860448,0.06381416763341068,0.11695943,country
-110.57503,101.87463,5.4802237,21.652914,2.1353333,-5.2569146,15.225949,-6.1140223,-9.972776,1.6093237,-7.1910696,3.688953,-0.38183236,117.45383522727273,2099.4397695502703,0.07059799158932714,0.13011882,country
-187.64806,114.08602,15.719523,29.4628,17.886137,-1.6897417,13.589628,-6.4603534,-10.965041,3.723999,-9.299321,2.0280855,-2.1604805,123.046875,1766.4731916403011,0.0572206714037123,0.10316188,country
-112.98526,137.44751,-19.953672,19.03174,-3.4112625,-6.6458583,-8.492661,-1.3802295,-3.7150853,-3.6882308,0.5752105,-5.866867,0.019142771,117.45383522727273,1550.4268003088239,0.06931441234048724,0.14626862,country
-104.796486,131.66872,-28.456306,18.049543,-6.024098,-1.5593287,-4.755122,-0.7579543,-9.173431,-2.0173726,1.6465068,-2.4282343,1.2117772,112.34714673913044,1679.3515564502288,0.08688007540603249,0.14142965,country
-112.41615,135.22278,-23.59761,21.135069,-3.7399147,-6.2355814,-10.161047,0.95690084,-3.3737674,-3.1824813,0.12404603,-6.027609,-1.7379282,112.34714673913044,1569.435037358248,0.07088688188805105,0.14255014,country
-160.48024,125.72145,-10.32977,49.30698,-12.010581,26.69571,-9.203144,20.72607,-11.6041765,17.226015,-11.937603,10.611924,-4.208947,117.45383522727273,1679.5334017642708,0.07357299521461717,0.09820252,country
-134.09587,116.604485,-9.046483,47.049866,-11.561523,22.668564,-11.252263,22.30751,-15.943626,21.468477,-11.106103,11.597322,-5.160766,117.45383522727273,1864.9156176810247,0.08008378951566125,0.1240192,country
-135.83206,124.74953,-22.031261,48.297066,-15.774038,22.047264,-13.868667,14.803616,-14.775509,10.348785,-12.105149,9.751231,-9.62638,117.45383522727273,1794.1599634663348,0.08255465124709976,0.10564665,country
-216.8588,124.26596,-10.667529,48.791264,-3.359237,14.549658,-17.408628,15.787889,-21.896597,9.362218,-15.234727,-1.2955365,-5.1804686,64.599609375,1429.490899274031,0.04566392655162413,0.09561802,country
-205.76312,121.18445,-15.76359,45.55521,-5.318429,19.751831,-11.71669,14.60056,-18.7412,12.932694,-13.275468,3.462456,-7.777078,129.19921875,1557.8430152079934,0.05942303509280743,0.086520396,country
-192.48235,121.96181,-28.268135,46.027317,1.9851182,18.11791,-16.190681,14.85022,-18.571993,11.507817,-12.823529,2.398111,-6.378315,64.599609375,1671.3736393419485,0.07237664950696056,0.08844045,country
-282.04044,138.8693,10.223025,47.929775,-1.3345761,20.043587,7.5223927,21.546232,-11.48645,11.889438,0.19780616,7.6582503,2.1139014,71.77734375,1040.3026507022546,0.028097130582946637,0.066223115,country
-250.20747,127.83067,2.039693,53.271336,-3.4004223,24.471636,4.9093895,14.981212,-12.206616,22.875336,0.98863816,10.257024,-0.80714875,71.77734375,1289.3725397612282,0.04422627247679815,0.07282039,country
-263.8294,150.55244,5.5892324,41.771027,-3.0240617,19.13607,-0.7084496,16.862562,-12.785519,12.0981455,-4.9191384,6.19577,-0.0963452,71.77734375,1017.884318545552,0.03388513268561485,0.06925435,country
-99.07075,100.028305,-10.787813,52.62502,-15.435456,22.97339,-19.966185,19.310099,-19.247803,13.218412,-16.54709,9.329998,-15.432966,89.10290948275862,2242.6747680615763,0.09917887180974477,0.12704313,country
-85.60823,103.86858,-16.797495,51.156586,-17.97145,20.872843,-20.580408,18.63294,-21.329197,16.747997,-16.180183,10.25782,-12.640373,89.10290948275862,2205.676648269932,0.10550386999709976,0.13504197,country
-69.66761,99.14487,-20.453293,51.424934,-17.859587,23.849285,-20.388414,18.737272,-17.925758,16.05351,-20.46909,6.237518,-16.961744,89.10290948275862,2365.739297906294,0.11965043140951276,0.13812107,country
-185.1499,115.592285,7.968604,56.97116,-4.10896,31.374743,-8.481052,20.37426,-14.8224745,14.595566,-8.117289,9.753741,-6.4555907,75.99954044117646,1592.183612827399,0.05687740175464037,0.099692576,country
-171.6788,112.4731,5.9691486,58.70147,-5.2709603,29.233505,-11.3503685,20.881182,-15.927995,14.781866,-8.021166,6.1987433,-8.82013,75.99954044117646,1736.909560128852,0.0649255456061485,0.10557967,country
-168.57768,119.4949,1.0535502,59.118385,-0.94459504,28.67414,-10.661724,18.060356,-18.52705,12.229182,-10.679062,6.0411267,-11.715354,75.99954044117646,1633.8540817093415,0.058491788718097446,0.10722778,country
-83.36064,121.30215,-16.98668,40.16358,-11.578073,21.51957,-19.038017,18.707144,-16.97918,16.40088,-16.095211,7.5961347,-9.964297,129.19921875,1889.5170501019938,0.08253652479698376,0.15511508,country
-77.90991,124.38425,-16.204327,38.90264,-22.360939,20.500904,-17.642496,18.991734,-21.257038,19.893023,-17.23953,7.679764,-6.8944044,129.19921875,1874.617360087917,0.07795053291763342,0.16551077,country
-88.17775,122.424446,-17.261166,41.41713,-11.54673,23.442888,-18.509468,17.801834,-16.101274,15.046303,-15.176919,10.710136,-9.6792555,129.19921875,1878.0555718856613,0.0824209686774942,0.14383891,country
-180.17876,123.31188,7.759504,48.649376,1.6020285,28.019796,-6.53525,20.701065,-10.175195,16.324133,-10.53669,6.535445,-6.127524,80.74951171875,1371.9534494867203,0.05156182025812065,0.1295595,country
-123.93001,118.08517,-8.937267,44.71425,-16.54838,20.647484,-8.665053,17.039865,-10.139064,30.716085,-7.8737946,2.0683196,-7.493653,83.35433467741936,1731.4743312334062,0.07440114740429234,0.15594329,country
-190.42688,129.23473,13.655466,53.233105,-0.7006117,20.083937,-8.384493,20.42208,-12.909848,16.91013,-11.007183,7.01825,-4.943134,80.74951171875,1302.1320662970807,0.03846206133990719,0.12264888,country
-171.1603,128.7174,-18.36562,41.619087,-7.595847,13.030231,-6.075071,3.5455682,-20.472847,4.946897,-21.477314,5.0601788,-13.949063,135.99917763157896,1583.4539399248836,0.06629295968677494,0.11099753,country
-153.30064,128.04141,-12.438815,47.88387,-8.461627,12.378437,-7.03334,8.627215,-22.035276,8.318809,-22.589314,9.754049,-11.014461,67.99958881578948,1592.389696275435,0.07005533098897912,0.12384645,country
-90.33614,109.56303,-10.52762,41.963474,-17.625084,29.669998,-12.128743,16.532463,-18.095325,16.374905,-15.885827,7.07174,-13.744075,135.99917763157896,2049.334903522186,0.08958431518271462,0.15490118,country
-118.28329,120.78975,7.764154,53.003765,-16.100569,19.599546,-11.660609,17.046885,-14.058208,14.790456,-7.856689,8.24783,-6.966382,112.34714673913044,1693.456409176313,0.06436249274941995,0.16252486,country
-117.73516,119.07561,4.038203,51.78792,-13.272263,20.620827,-12.903974,19.844297,-14.733168,14.197048,-5.8817353,7.245762,-9.481928,112.34714673913044,1766.1195659171274,0.06434889791183294,0.1539786,country
-69.454155,123.22299,-14.691405,43.937412,-19.872297,21.00554,-16.32281,20.340303,-19.81225,18.156363,-5.406073,5.7921863,-15.886352,112.34714673913044,1927.191356673866,0.09066737057714618,0.1741193,country
-239.56032,128.0467,36.34088,60.95496,0.6597855,23.598082,-2.6362736,20.056395,-13.052649,12.299635,-6.9767222,-1.9868973,-10.434607,135.99917763157896,1301.310107628282,0.04049675536542923,0.10977125,country
-179.4164,122.46539,28.023438,63.74738,-1.2596812,23.194574,-12.956229,23.855654,-12.287355,7.075436,-6.2533555,7.9096217,-6.7918243,135.99917763157896,1543.4633398679907,0.05715496302204176,0.1448253,country
-138.94313,115.142456,20.95013,47.730343,-11.637448,22.76862,-18.261293,18.778473,-17.971127,10.299399,-8.221702,5.9697556,-10.873335,135.99917763157896,1759.5373823526406,0.0596620776537123,0.18115363,country
-190.49594,136.31476,14.31765,46.061928,-1.9694731,27.272005,-1.5918288,23.481426,-13.913926,13.48953,-5.2873597,8.7423725,-4.5449467,69.83741554054055,1257.279583426638,0.03551084868039443,0.13209663,country
-166.14816,118.59716,13.878014,49.249958,0.913661,20.23501,-8.248971,22.518349,-14.499019,14.176792,-10.520626,10.155467,-6.537142,69.83741554054055,1635.4252466235803,0.05531286252900232,0.14874533,country
-179.64941,136.56493,7.027187,46.768135,7.8776593,25.671225,-5.0106335,23.128841,-5.1402593,13.707508,-5.2534904,7.901228,-7.7918744,69.83741554054055,1226.8368160322134,0.03774606656032482,0.14186323,country
-210.22876,128.75316,11.099571,51.0233,-0.7935404,21.73571,-14.430564,16.88816,-13.43149,8.657389,-4.40663,10.732036,-5.3234754,60.09265988372093,1423.7886068167393,0.04572397041763341,0.08825788,country
-203.92451,140.28291,5.907545,45.97355,-4.337898,20.039371,-11.708932,14.449105,-13.207319,8.290313,-8.756231,4.810459,-10.880029,60.09265988372093,1227.7283242442302,0.04124447143271462,0.104663186,country
-144.60352,138.1519,1.1078461,40.128033,-11.804596,26.245707,-12.495511,19.724945,-14.290821,11.941859,-11.666446,4.1343846,-10.765736,60.09265988372093,1543.6954026978465,0.058434010658352666,0.12821594,country
-98.820015,109.92024,-10.358252,43.039635,-19.510427,23.392763,-19.753656,19.406624,-16.29134,17.528534,-10.303305,9.990205,-10.544745,172.265625,2142.8209413304653,0.09608491335556844,0.12943064,country
-88.102104,111.49124,-14.589761,38.02525,-17.695972,23.27379,-21.902126,21.029678,-17.45495,17.754217,-9.531866,8.305949,-10.515367,89.10290948275862,2140.3561819021206,0.10113879422853829,0.13390331,country
-95.97281,106.70541,-11.175403,44.08499,-21.783484,25.364796,-18.623436,21.214806,-18.620596,14.97514,-11.24372,10.374033,-9.526942,172.265625,2217.3546466569414,0.10921299485208817,0.12686151,country
-199.63008,114.51486,26.171125,48.122326,-3.2070775,24.036901,-7.6141615,22.568758,-15.209716,9.629155,-3.336896,5.254733,-3.1024175,83.35433467741936,1665.4866389060064,0.05683208562935035,0.12879619,country
-193.68848,122.792725,18.438303,51.182392,-2.0225477,19.060244,-9.377396,17.517658,-10.365955,8.782663,-5.8828783,6.76104,-0.76763374,83.35433467741936,1532.382393860053,0.05529813478828306,0.13044901,country
-163.5643,119.27116,7.7989306,47.98772,-1.8213938,21.474932,-10.507648,21.962902,-9.154311,9.749198,-7.5943155,5.5646396,-5.342524,83.35433467741936,1647.7917971269508,0.06238444388051044,0.1342883,country
-236.08742,128.00162,-14.070203,38.26208,-1.7368786,14.409066,-18.93529,14.754415,-18.317314,4.9226284,-7.7175736,-1.7258852,-13.109758,135.99917763157896,1537.7918159141418,0.06074966466067285,0.0744603,country
-185.11942,128.6189,-3.9837482,35.78865,-7.547937,22.64365,-17.67572,24.665699,-14.164541,9.384589,-4.6849475,3.8608077,-12.406201,66.25600961538461,1539.0123230067327,0.060847094330046404,0.101205565,country
-233.58682,130.62811,-6.593987,45.70785,-0.19665144,19.152842,-10.440954,12.356656,-14.744671,1.6704359,-8.330576,7.6954904,-9.995722,66.25600961538461,1461.557001839534,0.05845780162412993,0.07179069,country
-275.9359,173.06395,0.08521641,33.515812,6.9300733,12.180145,2.4351115,-3.9576147,-5.4827375,-3.171563,-13.318505,1.5283233,-10.507688,123.046875,799.5655300572864,0.03364155851218097,0.100320905,country
-212.64584,153.32932,-18.952589,33.191097,-6.594524,3.618856,-0.7243603,0.6618778,-9.374309,1.9030839,-6.7227006,0.44849864,-11.1095495,123.046875,1057.698203424823,0.04698829031322506,0.1440387,country
-274.3333,176.1991,-3.1788056,30.821486,12.433919,8.398234,10.0602865,-3.1843135,-1.8519382,-0.6653355,-12.058886,5.970556,-6.821921,117.45383522727273,827.5808460268739,0.03524348354118329,0.08706522,country
-95.40066,138.91402,-56.03393,44.34846,-8.167772,12.292192,-6.8376403,15.353858,-13.729401,17.06014,-7.851961,7.44589,-7.146234,107.666015625,1739.5218020309765,0.09883900087006961,0.14296241,country
-109.79192,136.87827,-48.78631,27.4391,-14.684309,30.279655,-11.096316,18.347033,-10.764576,8.903208,-10.207555,2.2285461,-8.37445,107.666015625,1674.3380703272906,0.0995935143561485,0.12913123,country
-104.11019,133.82831,-38.301,28.760155,-13.064542,30.11229,-13.643818,19.238413,-12.639117,15.695372,-5.4766307,6.3630786,-10.801896,112.34714673913044,1691.625444962735,0.09754975710556844,0.13688539,country
-312.74124,160.00023,2.2594094,34.96964,7.0987334,11.240805,15.282811,11.775686,-13.763632,5.936647,-10.949346,-6.8019857,-10.01755,107.666015625,993.5436548079562,0.04012289733178654,0.06158403,country
-342.52695,166.34857,16.809273,27.128838,16.773457,18.05768,10.0032215,3.8541706,-14.53926,2.4204078,-6.3526425,-3.1722286,-6.436152,135.99917763157896,809.2682787786243,0.0326162811774942,0.052191503,country
-334.02588,179.18858,16.399261,26.971369,7.9155865,15.493707,8.501783,9.061193,-7.980089,-0.19226655,-8.453761,-0.91331035,-4.2891884,64.599609375,770.5457684662507,0.033129486296403714,0.052299116,country
-224.59512,154.54474,-22.03428,33.68564,-6.6495466,19.513464,0.7884541,15.063155,-5.7823715,10.871939,-3.5200408,4.990692,-5.8956304,172.265625,1262.3137136240057,0.058232353900812064,0.07814858,country
-225.0306,162.03807,-21.814533,27.815462,-0.94217443,15.447621,0.8126604,10.536626,-7.772489,6.8189235,-4.247744,-0.62243056,-5.8247647,161.4990234375,1101.5347940559395,0.051536896389211134,0.093889974,country
-242.38011,160.3443,-11.318215,38.978275,2.6951196,19.355484,-1.5430175,14.728592,-1.3256382,5.7337995,-7.502701,1.86584,-7.7422667,172.265625,1030.5548641424268,0.04066215922273782,0.07818044,country
-234.0776,132.40657,-5.8466287,52.965946,4.1394486,19.076193,3.4973037,13.945663,-5.1935067,5.301855,-4.6501784,5.3783407,1.4574199,112.34714673913044,1376.1152117900576,0.063973906975058,0.08051424,country
-215.28665,135.83464,-15.081025,55.30144,4.1136193,15.703112,-4.1650476,15.269119,-5.7483687,10.812957,-3.9072895,5.440318,-5.0231423,117.45383522727273,1334.6589698526031,0.05836377066415313,0.08491943,country
-203.53915,142.40521,-12.132777,47.94221,-2.390758,12.423946,-3.1989305,9.361979,-9.285038,8.727809,-8.99915,1.2020097,-5.9076304,112.34714673913044,1273.549912888973,0.06063070983178654,0.09583428,country
-125.10828,121.50433,-25.867626,46.78737,-11.449482,26.156342,-11.669462,13.368106,-9.947563,12.90859,-8.696297,10.432869,-6.6365266,112.34714673913044,1846.19386604289,0.08054261528422274,0.12103942,country
-71.88253,115.7114,-34.91764,40.278183,-20.585093,31.103846,-15.112137,14.513459,-14.170352,10.701346,-11.082036,8.462764,-8.064274,112.34714673913044,2054.96708516808,0.1098564838312065,0.15473902,country
-102.53009,117.529274,-30.747427,37.335354,-15.621943,28.5164,-10.870713,13.8749075,-11.615184,9.629822,-7.945241,7.7805057,-7.1679378,112.34714673913044,1903.1261892293326,0.09324132649361949,0.15659364,country
-202.0924,151.9424,-19.87029,23.54364,-1.041995,-2.5222936,-5.0436096,-4.7998676,-16.422972,-4.768562,-16.224201,-2.8067698,-15.40337,143.5546875,1286.1706038834152,0.060043866009280744,0.10678727,country
-217.97966,176.64774,-24.411703,20.328732,5.1090817,-0.64926326,-5.177397,-6.787863,-17.307222,-3.2109025,-15.811447,-5.600073,-15.913461,143.5546875,986.513940721952,0.046945239994199535,0.10977864,country
-146.05452,148.58707,-40.096786,24.70099,-20.391047,4.8261323,-6.3674097,-3.2026906,-18.898819,9.704862,-19.685812,-1.6733916,-21.340614,135.99917763157896,1511.0979410712807,0.07424254096577726,0.13828503,country
-117.65257,129.24448,-22.43523,38.720364,-23.421877,14.808004,-6.835684,14.523365,-19.344505,12.192861,-11.069947,6.3449283,-13.202285,151.99908088235293,1733.8636231915693,0.08301574282192575,0.13753971,country
-88.63591,131.60864,-30.116087,34.874744,-22.246868,14.090157,-13.228727,11.080077,-22.453306,9.419014,-14.489516,10.343776,-13.774289,151.99908088235293,1737.9553847286843,0.08573131162993039,0.15913689,country
-82.98028,135.64415,-27.130331,34.858727,-23.385021,15.1753025,-16.01201,10.462577,-22.329536,13.593267,-13.810142,5.3421803,-15.381414,151.99908088235293,1661.9797766134407,0.07760839617169374,0.17273904,country
-184.74496,134.19077,-15.848689,46.03275,-5.6132607,22.728973,-5.6190734,11.504516,-15.642166,7.4287715,-14.879148,4.533001,-10.062813,151.99908088235293,1472.6815524870183,0.06428545533642692,0.08817841,country
-148.9546,132.319,-26.790318,50.78463,-1.6255093,18.879616,-12.046998,6.3550987,-14.957779,8.503944,-21.200666,9.090741,-12.456496,151.99908088235293,1630.464430619747,0.0801834849912993,0.10343622,country
-168.4963,132.48685,-10.756943,45.407833,-5.217798,22.594578,-10.173145,9.099798,-16.042547,9.608343,-15.81454,7.359447,-11.195111,151.99908088235293,1545.1377497498765,0.06443386564675174,0.09555059,country
-325.5967,158.36229,-17.088842,30.092163,4.6243796,15.205542,1.7152952,3.1148314,-14.074307,5.173784,-7.401776,6.5399194,-9.237611,112.34714673913044,1172.8760345410083,0.04919858432424594,0.03605591,country
-181.22163,133.66751,-23.998356,34.884216,-7.3045735,13.077324,-7.037014,3.0815158,-19.89329,10.26451,-9.063044,5.3313103,-12.227777,129.19921875,1575.4010061713457,0.0705050935324826,0.09026208,country
-131.41669,122.209885,-31.025658,46.31008,-16.108456,22.365034,-17.38161,6.281868,-20.208622,9.772388,-12.908759,5.7983813,-17.971045,135.99917763157896,1853.1743288159132,0.09331043358468677,0.12038668,country
-73.18528,106.78444,-15.342124,36.801308,-14.832946,38.70006,-11.352315,18.581419,-14.682133,11.490622,-7.919941,12.952368,-10.780682,95.703125,2146.5290011394263,0.10904192647911833,0.16366217,country
-46.638374,109.53511,-21.152472,40.6755,-18.448141,36.362167,-12.636372,15.991333,-17.240211,12.418191,-11.85316,11.676192,-12.967466,95.703125,2119.2192937803266,0.10958911869199536,0.19703734,country
-63.53679,100.96247,-15.114758,45.545998,-12.663326,33.910545,-15.306201,18.695242,-19.145025,12.196775,-11.403217,15.722126,-13.61412,95.703125,2296.020595128831,0.1217723589762181,0.17779434,country
-165.12369,152.6548,-35.513687,48.84915,-9.532605,10.0474615,-0.9785016,5.9281816,-14.865598,2.0781174,-11.74528,1.5370791,-7.8220963,143.5546875,1437.1043957437719,0.07438981837296983,0.13482702,country
-152.10977,141.84799,-33.01018,53.551804,-13.661846,8.151297,-0.14670755,6.361297,-18.386742,4.210776,-19.581879,0.2070015,-10.027289,143.5546875,1595.5735566152846,0.08353461245649652,0.14577305,country
-235.01445,185.31703,-1.2049088,26.976097,-5.453737,8.497508,-3.9664173,0.83271766,-6.8379474,-3.7024689,-10.532129,2.6525114,-4.314642,143.5546875,932.7930747255652,0.04140647658062645,0.10393961,country
-137.44525,160.86702,-42.789444,31.955994,-15.876349,7.857271,-4.905316,16.616896,-12.127085,14.088673,-13.692607,5.155318,-10.935369,184.5703125,1414.7345916236138,0.07886931735788863,0.11445858,country
-110.66974,150.5441,-49.418816,32.03648,-18.618538,7.7679133,-4.5573015,12.291508,-15.130821,17.521698,-14.27592,6.1637816,-11.088329,184.5703125,1563.862119669907,0.09136184019721577,0.13411894,country
-107.763504,149.26068,-49.11551,31.085924,-19.19991,4.9284015,-3.3420484,11.8894,-13.74909,16.972982,-12.708126,7.1551466,-11.244832,184.5703125,1562.2570881638262,0.09277457040313225,0.14510952,country
-326.8216,150.37865,-20.508898,37.606457,-12.507513,20.31451,3.552329,9.431389,-4.433435,12.835708,-1.0519243,7.7053046,-1.1147197,103.359375,1306.3673701360497,0.05368488072795824,0.028932992,country
-358.30396,169.17816,-4.581837,38.149673,-3.2387671,21.79369,1.420719,5.995368,2.6127586,6.7441688,-0.84288996,9.774208,0.5416313,71.77734375,933.2118770973136,0.036119217662412995,0.032463606,country
-243.13925,159.59132,-12.892758,29.038935,-5.802087,15.662068,2.9103427,8.164829,-1.3689477,6.5712233,-4.6151075,10.009746,1.74252,66.25600961538461,1194.9001697759584,0.05948761057134571,0.06831363,country
-243.65733,185.31189,4.3023224,21.685488,-1.1974987,2.9663548,-6.7008095,-0.30149046,-12.3904085,1.2210453,-12.673103,-1.848718,-12.461326,80.74951171875,943.2087756531735,0.04771108251160093,0.11116083,country
-206.35715,173.74866,3.3016524,23.8364,-9.115594,4.18317,-0.09702211,3.545276,-17.789572,2.9523966,-16.039875,5.2937503,-15.065425,80.74951171875,1054.9351697081515,0.05009471070185615,0.12685025,country
-241.70023,187.79472,1.1394541,30.883673,10.56986,7.3988614,-13.520725,4.617016,-11.302169,-2.3839262,-13.217624,2.4774349,-13.725983,80.74951171875,891.8674041043369,0.03928568191705337,0.107373886,country
-108.813576,111.83117,-14.970166,46.54012,-1.7660221,28.643963,-11.848866,17.016596,-22.23151,16.63377,-20.09036,11.023129,-13.224057,95.703125,2001.9810361298328,0.08137416618329467,0.14744924,country
-95.13613,108.274216,-14.990591,46.730507,-6.7672086,31.623955,-6.267623,19.867573,-23.350702,18.508568,-17.684809,12.3412285,-13.3452635,99.38401442307692,2132.2444606644144,0.09472316379060325,0.15431051,country
-99.7572,115.66283,-10.412023,41.496243,-10.303366,28.71696,-6.659677,22.798098,-22.617521,17.520973,-16.523731,11.7000265,-11.554072,99.38401442307692,2016.109749897661,0.09138789696925755,0.15742983,country
-87.75752,115.08783,-22.400763,50.533417,-4.8387322,18.322279,-18.856262,15.1135,-14.126738,16.02241,-12.923821,10.093403,-7.9867463,89.10290948275862,1953.894952296768,0.09238711753190255,0.15010613,country
-85.49823,109.984886,-19.457865,48.224796,-5.2457747,19.716097,-18.313623,17.957739,-14.815249,15.2678,-16.44866,10.273797,-9.663702,89.10290948275862,2032.7512826996085,0.09212994852088167,0.15464444,country
-50.12504,98.92825,-22.62699,43.880646,-8.8731,16.328337,-25.02109,12.837716,-19.889717,16.739676,-15.481733,12.463518,-13.509479,89.10290948275862,2317.0212147789434,0.11811308185904873,0.198382,country
-59.07386,104.56083,-20.435268,51.56474,-8.588053,18.945482,-22.829815,13.939946,-18.135262,15.989004,-20.661955,12.890756,-12.142954,117.45383522727273,2214.255103561223,0.10646683765951276,0.17568925,country
-81.05195,100.111694,-13.522955,53.520065,-8.53712,20.817394,-22.639765,16.884592,-18.893536,14.768691,-17.014505,11.256088,-13.941218,117.45383522727273,2215.8681383133703,0.09853085121809745,0.15727952,country
-66.3163,99.98776,-17.3572,50.004993,-14.15525,20.905912,-20.42719,16.316635,-19.879498,18.832308,-16.537392,12.730516,-14.013123,117.45383522727273,2331.315309884719,0.11262076747389792,0.16563803,country
-192.9806,147.1374,-7.3566694,48.977966,9.031814,13.651383,-11.053188,15.01149,-9.414345,9.381811,-8.845367,10.846852,-2.82977,143.5546875,1248.3138235351396,0.04818576892401392,0.115115896,country
-126.56805,135.28572,-18.537424,44.781567,-2.780656,15.259882,-17.04475,12.829097,-14.089513,13.931703,-12.878572,11.401168,-6.448247,143.5546875,1615.5333660316142,0.06865392981438515,0.13353589,country
-127.58686,143.44951,-23.741621,42.01983,-5.0761056,13.673888,-13.155776,11.563584,-12.927092,14.496012,-10.897324,8.609261,-6.9335546,143.5546875,1445.0191636709653,0.06147019105278422,0.1441128,country
-105.29102,109.09975,-20.012302,58.371365,-4.3894906,15.304108,-12.794385,13.47465,-16.219778,9.089342,-16.791729,7.818193,-9.192831,172.265625,1888.8545622133875,0.08629776319605569,0.15289009,country
-91.708496,108.06154,-26.27405,56.569042,-6.5981197,17.529644,-18.12004,11.6294,-15.702638,10.461518,-13.47603,9.90168,-11.484596,172.265625,1943.6738104524861,0.08918553328016242,0.1700511,country
-45.311913,109.673676,-27.32435,44.981766,-10.420947,14.400476,-24.081419,6.1335964,-18.573462,9.128209,-19.519455,8.068366,-13.233278,86.1328125,2062.9458505734137,0.10285287666763342,0.21823007,country
-156.02748,124.151085,-14.115327,50.837948,1.3141481,20.277819,-8.161427,18.16687,-12.054143,15.325378,-7.3408685,10.848966,-3.1456,143.5546875,1593.6305610937682,0.06916033751450117,0.12832233,country
-145.6194,125.20025,-24.364935,47.765137,-1.3792523,22.40083,-5.9533625,18.016665,-6.144401,17.028446,-7.0094066,10.093564,-1.9132185,73.828125,1612.1414357054973,0.07731384135730858,0.13284172,country
-136.9678,125.32611,-16.036451,49.70858,-1.0187489,26.170715,-7.9994574,14.722692,-11.417523,14.446837,-9.006008,12.239493,-5.679796,73.828125,1582.529744255587,0.06063524144431554,0.14473778,country
-80.808105,115.04689,-18.616972,52.375935,-2.7708542,20.72097,-20.533506,15.0186405,-15.489269,17.11225,-14.556627,10.193699,-11.948501,117.45383522727273,1938.2814435116359,0.08527022005510441,0.1585437,country
-146.6679,101.06559,-9.790021,56.658916,-5.0959997,18.042713,-14.229467,12.943654,-14.727094,11.610104,-15.30388,11.610485,-10.670116,117.45383522727273,2005.1657522247347,0.0825977015661253,0.11518286,country
-140.2727,118.844,-13.129656,52.86986,-0.5856469,20.74502,-8.142837,13.7753315,-12.3747835,15.682683,-12.559749,6.334163,-9.488834,117.45383522727273,1696.1810838642837,0.06665548868909513,0.12626544,country
-218.64601,122.705246,-19.397585,27.56337,-10.041499,9.213858,-14.682069,4.858747,-12.879479,4.0099125,-15.971149,-5.5039845,-16.44851,143.5546875,1514.2464741902854,0.06867318916763342,0.075314194,country
-169.03656,126.86293,-13.167928,45.143887,0.84456307,21.122557,-8.978657,12.613773,-9.221886,14.471578,-11.32595,7.958611,-4.913851,143.5546875,1564.8577583907415,0.07098204575116009,0.11188139,country
-125.432205,125.72472,-26.090464,45.622177,-2.8112674,16.31161,-15.914066,8.745926,-13.968478,16.134226,-14.540401,7.3811603,-9.406298,71.77734375,1692.2771854363523,0.08160414551914154,0.13832013,country
-114.50294,127.04756,-14.184144,52.001633,-3.0294192,17.801886,-10.838212,18.078825,-16.268494,15.007824,-8.829998,10.528101,-10.555181,103.359375,1635.3191007666148,0.0685519685324826,0.15815468,country
-152.50723,126.57915,-7.194587,52.142654,0.36667508,23.8717,-11.076742,20.021576,-9.256941,11.243375,-8.9547,9.652139,-5.014957,103.359375,1507.377679301335,0.057998975855568444,0.12930262,country
-101.21563,119.58474,-7.423077,53.86143,-0.9396449,22.786844,-16.842352,13.720728,-12.0353985,12.153905,-9.237117,9.869934,-12.895422,103.359375,1725.6841861611802,0.07131851798143851,0.16992176,country
-232.94656,141.87953,-10.903898,35.08845,1.4031017,7.486739,-7.352711,6.833354,-18.81919,7.528663,-12.483219,6.0822973,-5.123714,143.5546875,1362.0493628145796,0.05137715704756381,0.06958379,country
-209.45082,145.01163,-3.1476307,43.52539,8.324456,19.847828,-2.197814,18.479755,-8.08668,15.186281,-6.418042,12.897278,-3.4117599,143.5546875,1201.8964097714236,0.04612388522331787,0.112587504,country
-175.01755,139.4231,-15.888752,35.307735,6.603218,20.01355,-6.018334,13.794561,-9.7382765,14.965855,-6.823236,12.593429,-0.16458109,143.5546875,1404.0633800620699,0.059637153784802784,0.1312015,country
-72.512634,118.917274,-26.869274,51.76052,-5.053051,19.020424,-13.813005,15.346873,-16.188124,16.481558,-15.87222,10.777176,-12.721639,135.99917763157896,1920.3325825924871,0.09193395627900232,0.16719751,country
-101.282265,113.47139,-35.01977,48.958813,-7.278164,18.258621,-16.853754,12.329601,-9.218095,19.810339,-8.995816,11.137465,-8.116403,135.99917763157896,1941.1278348621688,0.10685882214327146,0.13709733,country
-101.8234,115.75286,-29.304144,56.60669,-3.2540586,14.096368,-16.839659,13.4566555,-13.344082,12.094214,-11.512912,11.759517,-9.526795,135.99917763157896,1921.190020716923,0.09746932098317865,0.13733952,country
-231.97234,126.10832,-23.817766,39.12624,-10.715165,3.929092,-13.936289,6.590063,-15.520587,1.4153849,-14.339014,-2.6310713,-9.683143,117.45383522727273,1560.1207453541506,0.06984574390951276,0.06704259,country
-196.37872,131.5243,-18.36571,48.9334,-4.0804815,15.500848,-5.7379208,11.704118,-13.24616,6.958137,-9.2980385,9.325737,-1.2052372,117.45383522727273,1460.6874727830552,0.059838810542343385,0.088656396,country
-155.831,122.93986,-24.368052,54.570576,3.3176482,22.325144,-3.1976333,16.731634,-6.620766,12.444921,-6.969466,10.931435,-1.9647769,117.45383522727273,1670.9526068450004,0.06377564892691415,0.11236103,country
-43.422073,99.340904,-26.890987,62.77614,-16.016745,23.924376,-20.94491,13.579253,-18.325562,13.386118,-13.364142,8.820524,-10.589335,161.4990234375,2307.779779468655,0.11899674630220418,0.18178461,country
-48.15463,100.425186,-26.08327,67.7372,-13.605555,23.420307,-22.100174,12.659381,-19.612137,12.531506,-12.751864,10.256624,-10.682701,161.4990234375,2253.7575154227106,0.11185152624709976,0.18426967,country
-60.89676,90.47054,-19.99193,67.72679,-14.483128,25.857014,-20.09582,11.147587,-16.546171,13.911813,-12.354233,10.35909,-12.814238,161.4990234375,2442.717592156775,0.1322211245649652,0.16287008,country
-213.42772,121.05378,-24.75393,44.306442,-13.961084,4.5386286,-6.0720525,7.1657386,-21.652697,3.5069764,-11.611172,-3.289992,-9.6108,86.1328125,1480.5286251459888,0.06574350166763342,0.099948935,country
-218.09433,121.35898,-21.825891,45.447853,-11.955899,8.861796,-10.988655,5.3752403,-19.938223,0.42657384,-14.25764,-1.8819954,-13.016654,86.1328125,1489.7380388165627,0.0651249365574246,0.08983573,country
-209.98782,111.13145,-20.632128,48.60473,-6.5648537,3.1917362,-20.02187,5.5098066,-13.054833,-2.3459373,-17.681087,2.5424674,-9.019313,86.1328125,1644.4516167754819,0.07317421331206496,0.087543584,country
-117.128876,123.170815,-19.635645,55.317158,-1.6020393,21.112738,-9.768844,19.990112,-18.123793,11.9780655,-12.204485,2.0718796,-7.9365325,112.34714673913044,1644.1875702984416,0.06420162050464037,0.18655026,country
-98.05542,140.3551,-21.19074,50.283028,2.0338683,20.948992,-12.645785,14.710013,-17.5182,9.497826,-11.027496,7.738427,-4.775087,112.34714673913044,1429.3025301940006,0.0651317339762181,0.21653697,country
-98.84861,146.90453,-23.055607,54.097294,4.6114874,20.247694,-13.455369,19.29123,-12.43227,12.568545,-11.5364895,1.989912,-7.4762874,112.34714673913044,1349.4678312129997,0.05927349187935035,0.21629144,country
-126.68467,129.29724,-22.093718,47.841667,-1.5439272,13.462084,-10.0553875,15.933123,-15.792324,6.166726,-8.693233,1.4473993,-1.9208097,89.10290948275862,1523.8106004522865,0.06247167742169374,0.17758437,country
-123.338715,129.25423,-27.51213,49.385807,2.6577485,17.30666,-11.7795925,17.053009,-15.836099,6.1422534,-11.63782,2.891861,-3.2695513,89.10290948275862,1592.5182472416343,0.0760959704901392,0.16850996,country
-125.964905,125.54211,-22.45318,46.813377,-1.3634682,19.068312,-9.816324,17.204702,-20.085768,9.501506,-5.5249596,6.5248017,-0.6890437,89.10290948275862,1553.4119287862957,0.06287499093677494,0.17932037,country
-90.25801,121.24618,-26.35694,50.384926,3.0481007,25.215637,-3.6574085,23.41977,-15.561565,16.589186,-10.087157,12.161421,-8.199732,117.45383522727273,1712.251353974427,0.09302267618909513,0.19579215,country
-91.2812,124.7579,-30.404709,52.401047,3.193756,24.751825,-5.7960825,25.26898,-15.117665,14.143933,-11.304367,7.9930654,-8.638173,117.45383522727273,1652.9271188976038,0.07941424376450117,0.19304883,country
-29.181328,128.07355,-42.005302,41.65743,-3.372755,19.195147,-18.096645,16.898767,-17.527536,17.703823,-17.104404,9.658114,-11.398184,117.45383522727273,1897.5159055488216,0.11931056046983758,0.264432,country
-173.71704,128.94188,-18.045431,49.593613,6.787637,16.879951,-7.063356,15.448605,-14.74896,12.780025,-13.102893,9.224436,-0.14236075,112.34714673913044,1437.2562277403624,0.05761605459686775,0.13392717,country
-136.77682,134.57298,-21.743788,51.276062,10.05424,21.080297,-7.7485228,16.421713,-13.52088,17.30416,-6.7739534,11.095069,-3.9570901,112.34714673913044,1477.7422414972032,0.062026446490719256,0.1639844,country
-135.3006,117.80719,-19.451132,58.508663,8.173819,16.4118,-10.119552,22.07335,-18.840336,10.94194,-13.494698,8.605879,-2.143271,112.34714673913044,1768.004127910615,0.081556563587587,0.16057326,country
-172.59904,125.96354,-16.9232,52.16611,2.2905374,10.513749,-5.5220847,10.6369915,-21.31384,-3.8583417,-13.92069,2.6736019,-5.7555327,117.45383522727273,1338.2001656821562,0.05598467408642691,0.14795642,country
-122.221596,131.12982,-23.622952,51.893906,-2.66137,22.391459,-12.922344,11.90919,-19.736645,6.580665,-10.372765,5.726948,-6.426957,117.45383522727273,1471.6972969510787,0.06438741661832946,0.1911214,country
-125.2378,131.25696,-21.94693,45.903866,-7.9422536,19.72983,-8.206587,8.567703,-20.862036,6.2017393,-10.834868,4.1523833,-8.221949,117.45383522727273,1466.4305199422386,0.06453016241299304,0.18869463,country
-53.39474,106.74705,-17.558458,48.186947,-10.312756,23.00086,-13.761413,17.474283,-20.354832,14.715326,-15.072186,9.412993,-9.466814,143.5546875,2096.6428087992576,0.09325832004060325,0.2114477,country
-28.428598,112.57889,-30.280502,42.996193,-13.972629,17.986374,-16.53957,17.618053,-18.752062,16.815424,-15.847746,8.649998,-10.145016,143.5546875,2091.1579662819927,0.10976585158062645,0.23498607,country
-44.855015,99.67274,-24.932436,42.92416,-12.809611,20.686968,-17.974228,20.485416,-17.345312,15.117923,-15.613337,8.827268,-10.475928,143.5546875,2283.143974242715,0.12117531902552205,0.21493919,country
-127.74516,84.96852,19.979126,20.088675,6.3471065,16.268965,-3.86708,3.3322396,1.7836087,-0.76801676,-3.0531845,-5.2572737,-3.1666236,117.45383522727273,2516.778582346065,0.11605233106148492,0.12761782,disco
-106.214005,100.615776,8.618448,13.163363,7.0702887,15.172604,-0.3894312,7.884429,0.89292204,-3.7187066,-6.0440335,-5.860905,-2.017726,117.45383522727273,2150.477379378293,0.08505156975058005,0.14482397,disco
-99.746124,96.39244,9.071753,16.960312,11.055567,15.6298485,0.1483591,9.870266,0.22430155,0.028451694,-0.08913519,-4.0861382,-5.881229,112.34714673913044,2227.4296796027857,0.08694238507830626,0.1539546,disco
-26.166393,58.2427,-10.425974,19.86009,9.400514,19.972326,8.019683,8.191761,-0.22783834,10.146086,-1.8165011,2.087013,-1.1093519,117.45383522727273,3132.1535780618374,0.17711127827726217,0.18504472,disco
-30.846718,50.381744,-7.127524,24.216213,9.922525,17.269407,3.0930512,3.8165388,1.6532931,10.707534,-2.903846,1.6578317,-3.3984601,117.45383522727273,3352.5866781890822,0.1953102341937355,0.16682664,disco
-30.031282,47.380722,-5.3249927,20.735268,5.1077967,17.109568,9.528959,7.6847425,0.7331331,12.592568,-0.80433625,1.2889141,-3.3653839,117.45383522727273,3385.3492053358395,0.19191152479698376,0.1788004,disco
-59.269463,57.4192,22.310925,11.436149,21.137203,0.24205923,0.1258814,1.8888351,-6.009938,1.8247856,2.4185197,-5.277798,-2.3018417,92.28515625,3627.788900480885,0.1547602323810905,0.1580624,disco
-59.159214,53.342636,21.952583,10.456482,17.599138,2.4659655,1.7085313,0.8169071,-5.211258,4.190931,4.486911,-6.63558,-3.2945468,112.34714673913044,3720.3479015377825,0.15342680539443154,0.15669973,disco
-41.18161,60.92387,19.257414,12.030213,15.58738,2.3154707,-0.7365649,4.315753,-4.075338,2.256073,2.596564,-4.596068,-3.847378,92.28515625,3425.502156683916,0.15090496302204176,0.16861412,disco
-28.060266,53.34021,-6.729725,45.48861,8.209309,21.482159,3.8223648,12.718997,1.9346241,7.65795,-2.3341277,9.837607,2.471083,129.19921875,3012.4902094147733,0.16916849441705337,0.20228024,disco
-55.526737,51.66201,12.506641,43.093777,15.771883,25.794628,4.7008805,17.20539,2.6073093,11.409974,-1.6051666,8.027663,-1.3029361,123.046875,3071.5616391528497,0.138188125362529,0.19432749,disco
-49.27631,51.807514,4.109233,42.85019,13.83131,26.000145,6.3797655,16.033964,1.6136476,12.101636,-0.62299925,8.66602,0.08643495,129.19921875,3057.0642390881153,0.14029645809164734,0.1922567,disco
-107.57162,62.432266,15.108756,6.4895887,4.2947226,6.1602635,2.5749493,3.363928,-1.6754766,-0.80481476,0.31553638,0.33755603,5.629653,123.046875,3487.111819399308,0.17282323992169374,0.100203544,disco
-81.90471,68.73129,1.6286854,-1.5632104,-3.1849773,6.813185,4.4091816,4.3619103,-4.370067,0.96841466,4.75127,-0.10565341,2.7437735,123.046875,3150.07750049702,0.15155411651682135,0.120130934,disco
-61.364323,62.325787,0.23807195,3.1765494,1.2493726,5.538871,-1.3299237,-1.7933807,0.58882743,5.4160004,2.305248,-0.9054814,0.49318126,123.046875,3348.7356154910212,0.18171766241299303,0.12275085,disco
-15.816923,72.01566,-10.090532,29.509834,6.7251,4.594462,4.649353,13.063121,-2.6767778,13.654392,1.0770491,-0.8587481,0.7520523,215.33203125,2793.5253502514374,0.14965876957656613,0.21138383,disco
-29.66758,78.60539,-8.271955,30.905674,8.434104,1.4431249,11.884619,13.400958,-6.0106907,11.084653,1.4154695,1.4165547,0.6538998,107.666015625,2607.6427163649673,0.12787870685904873,0.203633,disco
-28.832819,70.699425,-16.331148,24.804876,3.5914726,1.383497,9.415795,10.4356575,-3.59334,15.417903,3.2762108,-3.4396958,0.4361556,107.666015625,2763.385057009342,0.15545130329176335,0.20579547,disco
-26.728844,66.58111,-23.22985,35.038,-3.2128842,8.388541,3.1397226,6.6252856,-4.7012396,6.094697,-7.3176208,1.5450264,-4.162916,123.046875,2795.1740730190704,0.15747919989849188,0.18232395,disco
-6.192434,65.438965,-19.437319,29.471756,-4.844889,13.162565,10.767341,4.648278,-3.1807878,11.1445,-3.6692507,1.4819262,-4.373708,123.046875,2861.1423900469654,0.16950723245359628,0.19753927,disco
-10.967398,63.641785,-16.972588,30.002615,-6.403326,14.0358095,16.095978,6.609356,-3.4526951,10.932724,-2.1660843,6.9840627,-4.777446,123.046875,2886.7947432424858,0.16316070910672853,0.19529603,disco
-52.214382,57.34817,-4.199495,32.041397,6.2788415,16.07699,3.4767382,2.3031678,-0.30847666,2.5214171,-1.2356608,1.6544243,0.22163513,129.19921875,3105.8746499442627,0.1395272168648492,0.1611137,disco
-55.769516,56.524372,-4.6550107,31.949387,5.0556827,16.694778,2.5299857,3.8591263,0.18323037,2.7450283,0.08212959,-0.13769284,0.44818285,129.19921875,3102.745261065918,0.13238539551914152,0.15658587,disco
-52.691814,54.736443,-9.956157,30.641277,2.3641894,16.274593,6.250283,-0.47267163,-1.0640469,2.279767,-0.47704357,1.3617036,0.76587707,129.19921875,3082.685799962574,0.14802625616299303,0.16063097,disco
-32.287937,62.516525,-26.835466,26.79407,7.876549,10.730989,0.11703831,9.81368,-3.8916147,6.568322,-2.6776257,0.70819503,-0.13392416,123.046875,2846.5554656272357,0.1697111550174014,0.19381683,disco
-42.741398,66.81155,-25.35899,31.484764,9.780998,11.996326,-4.3933105,11.641933,-0.7851156,4.4498134,0.1361516,-0.7502523,-2.8998098,123.046875,2763.8227886083187,0.15974613906612528,0.18713804,disco
-22.548132,65.67875,-27.898315,32.567074,-0.39923626,12.525231,-2.1917775,9.872335,-2.3928998,5.005617,-8.856146,-2.5220616,2.48767,123.046875,2795.6876390387547,0.16296131815545242,0.18993661,disco
-84.342476,65.92119,-14.968043,30.075247,12.187241,7.59477,-4.7395864,9.233871,-0.19612576,-1.7300906,-6.7556677,-3.0642433,-1.1212637,129.19921875,2945.766570176338,0.16284462913283063,0.1127375,disco
-57.755665,60.037594,-17.40628,28.985983,6.373119,6.452463,-5.20635,10.078518,-1.2569513,-1.8149918,-6.0956492,-4.3232856,-0.63371336,129.19921875,3081.2642599214614,0.18147635404582366,0.12519819,disco
-64.78689,63.603874,-15.19579,24.900322,5.918516,7.85254,-4.910835,9.210804,-1.4445862,-1.2462424,-5.726126,-4.4277363,-1.7850025,129.19921875,3022.1633149436643,0.16673615139211137,0.118396804,disco
-12.160077,59.738743,-14.485845,27.872883,11.162121,17.937145,6.3888254,10.333931,0.08879528,10.043447,0.9028679,3.0885823,-1.6329625,107.666015625,2909.5748596486724,0.1505027824100928,0.22672118,disco
-6.009706,61.30853,-16.711843,27.44491,6.2703094,14.654206,3.9620857,12.367743,-0.19543967,9.241071,4.3000464,6.079065,-2.1096935,107.666015625,2884.0475097470235,0.15267229190835266,0.232896,disco
-2.3880754,62.347496,-18.744928,26.992552,5.7155857,15.411103,3.5148091,11.606656,1.0915227,10.217756,4.3804364,5.931327,-1.8090111,107.666015625,2838.4737825639754,0.14702590269721577,0.23821165,disco
-39.617184,61.043297,5.69604,9.311144,6.142393,11.070282,4.9621634,15.908082,0.5333969,8.614236,-3.278564,-8.496087,-3.646508,92.28515625,3192.014937971966,0.1351394830336427,0.18878727,disco
-45.690025,64.46378,10.400106,14.698942,4.1963606,7.530817,5.972143,16.035471,1.6931212,8.876724,-3.8988328,-8.394039,-4.5360565,95.703125,3091.8976247794258,0.12287354082076567,0.18639989,disco
-38.826565,62.921436,5.921014,12.371086,8.749853,9.183296,-1.6922503,9.652972,-1.7311002,6.7224646,-0.87925804,-4.710447,-1.5062379,184.5703125,3114.9695975328145,0.133816252175174,0.19085166,disco
-61.044346,67.43874,-16.369684,21.511135,15.68278,13.579594,2.2190905,10.9242735,-0.349278,12.883037,-0.45084998,2.7843037,-0.070160195,112.34714673913044,2770.795607977898,0.13051497244779584,0.17075782,disco
-53.87485,69.79022,-14.6689,25.571604,14.235551,11.312436,0.14253338,12.180236,-1.0710273,12.880792,-0.6118579,2.6838152,2.0084355,112.34714673913044,2765.0583191981564,0.13792415893271462,0.17199218,disco
-58.439983,67.976135,-14.679001,23.113607,14.650164,14.596582,4.248849,15.283829,1.6266888,12.566996,1.1742077,4.6553545,0.5344921,112.34714673913044,2678.589459003636,0.12615216248549885,0.18412487,disco
-48.568386,52.511528,26.890965,36.396404,2.9762616,4.3246207,-3.0819664,2.3114605,-1.0102115,1.0755018,1.0844766,1.3630731,-0.7497122,184.5703125,3446.431545446337,0.1616369543938515,0.16205047,disco
-44.527634,56.703987,24.154541,31.949877,4.2853003,0.63662726,-2.541005,5.1984572,4.911961,5.76114,-1.4764243,-3.565791,-3.949386,184.5703125,3402.7213680190894,0.15680965414733178,0.1708055,disco
-27.329437,59.405262,20.003424,27.434324,0.087748304,2.7648468,-1.8062513,1.7450951,1.731889,3.2241096,0.41109616,-2.3212936,-2.639805,89.10290948275862,3325.415560782401,0.15929977523201855,0.17883275,disco
-28.55923,60.804325,0.7690393,26.072222,-0.40904266,6.2789807,2.2811463,6.4570823,-0.14611253,9.975371,-5.341229,1.5134822,-3.4784482,103.359375,3106.66847530811,0.15513522331786542,0.16868414,disco
-21.878042,60.866352,-0.87095,23.518723,1.1587516,7.0707226,4.3016596,5.8630853,-1.1476061,9.06028,-5.298946,-0.2244487,-0.5391796,103.359375,3077.0236859354545,0.15527457040313225,0.1806551,disco
-64.93132,107.09284,39.770237,3.6182837,-5.0583053,4.4883804,13.2564125,4.0100794,-10.655299,-8.296711,-5.9627876,-8.522606,-7.8083706,123.046875,2196.130432921821,0.07502197832076567,0.2219052,disco
-42.380867,105.99902,16.628887,13.565557,8.645876,-9.691853,1.3959715,0.5107032,-8.766025,3.8712592,1.1424726,-1.6851156,1.8704154,123.046875,2421.1449217510494,0.0936537032337587,0.21150073,disco
-33.276207,98.13405,10.005763,10.565689,3.2559311,-9.202752,-0.25174353,-1.6687107,-8.824865,1.2309458,2.235944,-5.5561776,0.68209654,123.046875,2465.1031442686067,0.10153191161542924,0.21336032,disco
-31.842314,81.13912,-3.450415,31.804012,8.112181,4.7991714,0.07260918,10.859124,-0.7481211,7.9024773,2.7072754,4.2741294,2.2624233,123.046875,2543.8015900594896,0.11673887035962877,0.21399103,disco
-41.570496,86.33222,-2.2406335,33.100765,9.278072,4.303546,-0.74851936,12.366547,-3.7355006,7.244177,-0.46042126,2.0096102,1.9623413,123.046875,2485.4976290361296,0.11141875725058005,0.19606653,disco
-34.799168,83.61632,-2.4458125,32.366875,10.24354,3.3331614,0.7828991,10.156768,-4.173481,8.605746,-0.37958068,4.675255,7.0331736,123.046875,2537.4642194597927,0.11437903313515081,0.20608757,disco
-106.28319,92.45687,8.495209,15.906608,7.60312,-1.2578207,-2.3988419,-2.858689,-10.856212,-3.6409853,-4.5113597,-8.976136,-5.751053,123.046875,2632.5508148710333,0.12036302747969838,0.11332848,disco
-79.31467,85.88104,-0.35896432,14.31073,4.5659447,-3.3765175,-2.8342981,-2.6872954,-8.345558,-3.6707282,-4.8361845,-3.3123596,-3.6587346,123.046875,2772.5910481497635,0.1403247806699536,0.12137788,disco
-108.90168,98.96066,-0.10397261,27.864239,-1.4481487,-0.65654093,0.13978541,-3.8967118,-7.9972234,-4.8667436,-6.2378545,-4.132527,-3.2379198,123.046875,2286.8575384168685,0.10082044844837587,0.11313282,disco
-90.07321,68.082214,16.505247,1.6274818,8.10871,14.555705,3.1581683,3.3193414,-5.9157352,8.890711,0.06277629,3.9707022,0.596739,123.046875,3152.201792457119,0.14331904364849188,0.1185709,disco
-73.46679,76.54153,13.009484,2.9230747,5.3504,10.35995,4.746688,-2.212601,-8.131548,10.472722,-3.060719,2.7554572,-3.0241218,123.046875,2923.542621404677,0.13651369453306264,0.13980249,disco
-55.908188,70.65197,6.6610203,-0.32612568,0.07467361,7.600262,3.7629247,1.6985546,-3.9469402,7.686069,-4.116248,3.9258854,2.034923,123.046875,3054.100894529959,0.1500654818010441,0.15725096,disco
-161.4408,129.08633,-13.22654,19.624773,32.3615,13.666752,1.1007993,8.557483,3.9825091,6.877495,0.9963929,-1.0167555,-0.16585712,117.45383522727273,1801.5014682314652,0.06910482526102088,0.12143033,disco
-70.100716,100.81124,-35.654755,14.428325,14.456581,12.589152,4.6471515,5.596102,5.451555,8.291035,0.54702884,-0.12114587,1.5548322,117.45383522727273,2266.7591605946204,0.1175704212587007,0.15898845,disco
-54.2052,98.544044,-41.93079,15.28788,13.131999,9.769252,4.6441665,4.4547315,6.1159844,10.724147,-0.5168748,2.2776937,0.263969,117.45383522727273,2285.3757282923157,0.12386936267401392,0.16010784,disco
-106.77206,103.504776,-12.001645,40.020737,-7.255773,15.621505,-7.9521766,6.1763296,-4.609207,1.4976176,-11.543703,1.0823035,-3.0379438,161.4990234375,2102.559302934682,0.09420655996229699,0.12340537,disco
-91.0742,95.127754,-11.877789,36.345917,-11.7407,18.01587,-7.3086777,7.9725857,-3.4863071,2.6544435,-11.243082,-0.906018,-1.7147171,161.4990234375,2343.6825918610784,0.11668675681554525,0.12302527,disco
-114.27407,118.96412,-19.130161,33.828037,-12.043952,16.755133,-5.183485,10.298746,-5.2193384,-1.1455023,-7.1850357,0.9784398,-0.38045266,161.4990234375,1905.3563904253451,0.09836318155452436,0.12689865,disco
-127.435036,79.81584,13.391769,2.346299,9.994238,1.1386167,1.8647684,2.5724812,-3.1171796,3.4327674,-5.466456,-5.357578,-2.6080325,107.666015625,2909.623693479647,0.11558104335846868,0.103076905,disco
-113.706894,66.00387,44.86921,17.683893,16.155693,7.2825847,1.6093696,7.6145797,1.7881395,2.5521948,1.9200414,1.8614112,-1.3231856,107.666015625,3414.2531300895585,0.12474509679524362,0.11477352,disco
-104.41061,65.54607,35.499683,13.501375,13.039887,3.1935933,2.0071583,4.7420774,-1.7565197,5.796699,-0.3274532,1.4350104,0.70986193,107.666015625,3419.2907949359724,0.13126382141821347,0.11601746,disco
-85.86437,46.06406,19.484648,35.711033,13.775892,5.7477794,6.756317,1.1509751,-2.033492,1.0454357,-0.84206593,-0.6789994,-3.5403388,123.046875,3606.7778724914,0.16266789624419953,0.13115384,disco
-65.65398,45.48368,22.268816,27.8754,7.8742046,1.6867892,6.073186,1.4670442,-3.1089752,0.9003769,-0.35266247,-1.9928902,-3.675906,123.046875,3773.10392237716,0.1816428908062645,0.13879548,disco
-64.54295,49.19692,21.308523,26.315931,6.8840966,-0.18033977,11.893364,4.9030924,-1.3388628,-0.6074712,0.47987124,-2.0130439,-3.6188478,117.45383522727273,3739.8606886847124,0.17366611985208816,0.14025085,disco
-41.50311,64.0167,3.341508,19.604166,5.4466105,1.1974044,-0.8141731,1.1482533,-4.4691596,4.6261086,-7.0364933,-5.198999,-1.5407624,112.34714673913044,3026.866617525309,0.13374601218097448,0.18409024,disco
-29.291628,58.777847,2.9894872,19.56925,3.602364,0.7482613,-2.054173,1.0556685,-4.5812283,3.839833,-5.6490226,-4.5437136,-2.6610246,112.34714673913044,3213.2952485634974,0.1588454810759861,0.17324398,disco
-26.005856,57.49353,3.8212097,17.669998,3.8932655,0.11292651,-3.202669,1.8023778,-4.8499,2.9550192,-7.4984226,-4.904109,-2.787563,112.34714673913044,3258.9920502451223,0.159690626812645,0.17668802,disco
-82.54017,89.56618,-14.53561,0.26416728,10.349785,0.6865147,1.7711451,5.6568413,-2.4341948,2.419907,-1.7962468,-6.280206,-5.157752,129.19921875,2514.055281955576,0.11051470055104408,0.13816868,disco
-63.53592,78.17898,-16.086246,-0.11168173,5.1747327,1.7994967,0.69481754,4.2801986,-1.5038,4.142677,-1.8086323,-8.753662,-5.7302136,129.19921875,2738.636612219717,0.12869666292053364,0.1437019,disco
-62.842926,81.51821,-19.135704,0.17600465,6.7364507,-0.1606398,1.5627868,4.1512284,-0.29349506,3.4468675,-5.0142837,-9.587789,-6.384889,129.19921875,2620.9065881067404,0.12096006743039443,0.14629096,disco
-131.06926,92.656235,-6.4066305,14.660327,1.089441,-1.8540893,-0.33012128,-5.6278853,-4.6697197,0.25329718,-4.87603,-0.42604858,-2.2936966,123.046875,2410.01329987857,0.09965808983468677,0.102292426,disco
-127.17416,93.73069,-11.586787,11.7678175,-0.8993098,-3.0898013,-0.06964143,-4.3987284,-4.3675137,0.19947213,-6.5651183,-3.8532488,-3.4036117,123.046875,2315.5879217792904,0.09019494997099768,0.1078682,disco
-114.46716,84.16831,-15.9557295,6.3427405,-3.6326632,-6.3346834,-2.1847532,-1.4931145,-2.1026762,-1.2651443,-6.0416174,-6.0344267,-8.177979,123.046875,2505.206485553663,0.10836331750290024,0.11306846,disco
-81.382195,71.094795,14.252082,21.937576,12.800848,10.429452,2.497429,5.676215,3.876945,7.407755,-4.1509914,-0.28927135,-1.177716,117.45383522727273,2864.342585006908,0.11252333780452436,0.14397089,disco
-64.91956,64.52068,12.018951,21.554268,9.105174,6.891185,1.5795709,3.4802966,0.8919328,5.9101415,-2.9746003,1.3246521,-0.14963268,117.45383522727273,3112.150251419965,0.13657713710846867,0.14645311,disco
-58.055153,63.505947,9.35597,22.490995,7.3577757,2.7525692,0.7764138,2.3443577,-1.8750836,1.006897,-5.4816604,-1.1891079,-2.334322,117.45383522727273,3151.311238130413,0.14488584868039442,0.13820271,disco
-186.84697,53.974823,30.265743,30.92296,31.084755,20.342451,7.9471264,9.899317,9.225211,8.123556,6.78371,4.81372,7.3749886,112.34714673913044,3000.1535239545747,0.09663550427784223,0.11116789,disco
-163.66156,55.328434,30.208033,32.444424,26.514809,17.457651,9.865709,7.8249993,2.9698527,6.7010365,5.8455853,3.273786,9.570288,112.34714673913044,3019.919406301827,0.10483319134280743,0.111996986,disco
-116.56558,72.46349,9.0720825,30.157877,17.492895,12.938704,10.593595,7.6679053,3.7737422,4.9320903,4.702464,3.6931164,5.6705,112.34714673913044,2705.7926829097537,0.10187744707076567,0.123152904,disco
-22.780252,54.4723,8.410882,7.603347,18.329596,11.737517,3.825669,6.9693103,0.25256953,2.399673,1.7811979,-1.5177317,-5.7735467,123.046875,3737.6697119776754,0.19890380292923435,0.17159463,disco
-15.050503,50.98683,4.928165,6.1532936,18.488037,9.480331,4.4618144,6.445192,-0.86467534,2.280234,4.903209,-0.677873,-7.220722,123.046875,3850.1925983957462,0.21560279509860789,0.17736487,disco
-23.724113,55.75504,4.582458,16.705397,14.365552,7.393197,5.5586324,5.7616577,-0.38165554,0.5310374,4.4232945,-0.092747204,-4.65292,123.046875,3550.4880929757883,0.17944392582656613,0.16782588,disco
-69.50767,72.75824,-8.600936,4.516768,5.4859858,3.3673863,13.353022,-1.5629092,1.0110492,3.3673747,-3.7302108,-1.8006568,-3.1270792,103.359375,2983.6293912745828,0.12963810542343387,0.13020565,disco
-55.266026,65.826996,-5.7600245,2.403024,5.5430098,1.9737766,13.262979,-1.9816442,2.661776,4.777568,-3.978459,1.1649646,-2.0652747,103.359375,3206.673414335371,0.14530049122679814,0.15279321,disco
-52.35981,68.158844,-10.958425,3.8852684,4.164606,4.492144,13.969447,-0.5576904,1.329608,2.9835525,-3.4331462,-0.30166075,-3.301649,103.359375,3031.7706205145505,0.13990107489849188,0.1591714,disco
-33.990143,63.83262,1.7088317,16.195772,11.148764,9.354433,5.232082,6.544865,-0.37546903,-1.058507,2.562943,-1.740062,-2.2107978,135.99917763157896,3129.0900186038366,0.14924525993329466,0.17288452,disco
-52.316677,65.250244,5.5725822,17.559677,16.33178,9.109852,4.225404,3.4399533,-1.3058034,1.6650716,4.435605,-2.2227948,-2.514118,135.99917763157896,3185.892745902683,0.15589086970707658,0.15900756,disco
-36.048424,62.793743,7.4921637,15.362294,8.870199,9.560031,4.1397567,5.589717,-0.049451787,-0.7941122,1.8287702,-0.46898282,-0.5508148,135.99917763157896,3187.8936012095264,0.1463076421113689,0.17706451,disco
-76.21912,53.68933,-15.044666,11.712711,1.810614,2.1321616,1.3475463,-7.98451,-5.727681,-0.9878951,-5.6011534,-9.573509,-0.7363796,123.046875,3253.011625189342,0.16755410745359628,0.12363341,disco
-62.366444,57.62141,-10.116168,19.819187,11.66133,13.793499,3.5954936,-0.9844974,2.081813,0.8999369,-6.40533,-0.3693762,-5.195361,123.046875,3270.6593447003825,0.18347819388051045,0.10588093,disco
-61.16069,63.68952,0.60378647,14.916763,3.2070053,7.1687374,7.2290874,-1.8011554,-0.34120926,4.886422,-4.45437,-1.2696706,-3.8051457,123.046875,3245.7098175260016,0.16932483504930396,0.11724296,disco
-112.66392,89.863686,-21.006739,4.379466,7.4330993,13.1530905,-1.9024947,2.752776,-4.072482,2.8724017,-1.3036846,-0.25616926,-1.4855709,112.34714673913044,2420.02390972584,0.11476422020011601,0.11977783,disco
-121.79021,85.14944,-28.871977,8.278465,10.158362,10.792284,-1.5344895,-2.7308216,-3.3849869,2.5780246,-0.13247791,-2.0125763,-4.736499,112.34714673913044,2445.394491832806,0.13025553763051045,0.1088525,disco
-135.51141,86.02219,-17.624075,8.118102,7.7954974,14.043205,0.8459545,-2.4634447,-2.2904289,2.4355457,-0.9411975,0.99549025,-5.3064356,112.34714673913044,2475.9086113441954,0.12401550717807425,0.1045829,disco
-75.2531,92.05465,-5.79129,40.483818,8.600237,9.8509655,-3.308975,13.777179,-1.2738997,9.598293,0.6540163,5.2549767,2.7821991,129.19921875,2310.7822787630653,0.10465079393851508,0.15181418,disco
-46.67618,85.91885,-13.049938,39.270367,-0.024050258,8.408369,-1.8654712,7.7600126,-1.7530727,10.59826,6.628641,12.218984,2.0370743,129.19921875,2469.9686563991804,0.12911583707946636,0.16664898,disco
-51.579494,81.69321,-16.49933,36.545383,-1.4627212,8.200703,1.3279964,8.21541,-1.9267856,9.317864,1.7454486,5.1011667,0.35602728,129.19921875,2569.9185442133216,0.13890978465777262,0.15182804,disco
-90.57454,45.409737,24.977713,18.868896,9.293191,5.4148374,-3.7254846,0.39274538,-3.1648765,1.3010396,-8.660658,-3.8511648,-10.546363,129.19921875,3874.049749971405,0.1894871120939675,0.10728778,disco
-42.93325,58.806786,11.891658,7.441703,0.9474431,8.791105,1.3778188,0.36774287,-1.6126425,3.098578,-9.2762985,-4.521271,-9.269014,129.19921875,3532.4460461327612,0.18014292705916474,0.13662735,disco
-63.94184,54.387943,12.867,11.264415,6.4635487,10.878371,0.51926005,-2.6075466,-7.4572897,-2.357605,-5.458964,2.6404834,-1.9500468,129.19921875,3551.755033024951,0.1718500761310905,0.124254175,disco
-51.093586,51.123005,12.805797,10.726304,16.537117,6.1964135,3.074201,3.4083102,-7.0813947,-0.36101466,6.0318036,-1.607912,-7.2180037,123.046875,3765.891564921341,0.1905395791038283,0.15616514,disco
-57.91034,55.77153,11.921037,7.163746,9.002899,7.411527,6.600121,4.6666193,-5.2830763,0.9994175,2.059348,-1.0783757,-3.4296691,123.046875,3595.745796418497,0.16916282990139211,0.14207156,disco
-46.526226,60.194878,9.497827,4.578191,10.43503,5.2124076,3.4298546,4.930153,-5.4110937,1.0532831,2.6902735,-4.4610434,-6.7871284,123.046875,3508.7441809138813,0.1677988145301624,0.1581805,disco
-30.0923,61.77622,14.852577,15.966538,3.1217356,12.518569,2.380222,4.5905066,0.2902891,5.679005,2.4735746,0.48629504,-2.9589894,135.99917763157896,3305.07246436487,0.15094008301914152,0.1686081,disco
-24.799599,56.71877,4.832394,15.717042,5.1386857,11.267628,2.1827972,4.258118,3.0615711,7.4889803,0.015639126,0.13928966,-4.42922,135.99917763157896,3332.139319899541,0.16009960484338748,0.1743482,disco
-15.950755,53.550766,1.2758362,18.003717,8.144408,11.870417,0.44226712,7.55668,4.919712,8.825762,3.4070115,3.147952,0.3994414,135.99917763157896,3408.0983908545677,0.17411135078306264,0.17556979,disco
-18.13549,52.407463,3.2301629,11.252276,18.800768,7.7751245,3.342325,6.171146,1.7887895,1.1652404,1.7155659,3.4813886,-0.8481438,129.19921875,3640.2938341599806,0.18253108686194897,0.17582138,disco
-30.569315,53.002464,4.6958847,13.840545,15.961128,11.925979,4.1146684,6.8356695,0.5528014,-0.29532406,5.2781396,1.3236622,-4.7952332,129.19921875,3585.646228896701,0.18340455517691415,0.159813,disco
-31.178514,50.828533,4.6329384,13.501845,15.448682,10.693385,5.9773293,5.9551787,1.1197498,1.0471925,6.8862395,1.6095059,-4.4437776,129.19921875,3685.9893392782164,0.2033980296548724,0.15546411,disco
-88.00544,58.96461,-5.4393544,15.570264,9.181303,4.6682467,15.062584,8.365516,-5.4098396,-1.04007,2.9959009,-0.05785106,-3.6620865,123.046875,3156.341174606411,0.13606846360208816,0.11050656,disco
-73.99749,49.27764,-12.291105,11.323471,7.2652726,1.269459,5.739543,1.6231403,-10.431635,-4.717189,-1.1974291,-1.0567406,-2.4816217,123.046875,3442.4642458244853,0.18643280524941996,0.10819161,disco
-70.48236,48.308216,-9.286174,11.722975,9.217929,2.7085636,5.9554133,2.04403,-6.201072,-1.0127683,1.0448437,-2.0715292,-5.1742983,123.046875,3460.313178280738,0.1814480314675174,0.12040103,disco
-117.86768,92.647766,-5.640157,37.200684,-0.21757363,3.0122142,11.315824,9.769047,10.921465,2.2868514,-2.67891,-4.166322,-4.751181,112.34714673913044,2302.7201969935722,0.09589685143561485,0.11731578,disco
-103.60149,88.009254,-6.089488,32.248726,-1.4094871,7.1350102,12.683949,5.48635,4.607312,8.696218,4.194168,-4.2240944,-2.1015348,112.34714673913044,2365.457544673318,0.10120563551334107,0.13040836,disco
-100.84166,92.38738,-13.28178,33.384743,-4.145085,1.2555703,7.588467,1.4757428,5.31748,3.3329237,0.5224652,-3.1805315,-0.85513866,112.34714673913044,2317.434132019519,0.1058630002900232,0.12472012,disco
-87.89344,82.76111,-4.5921116,24.279308,-5.0254316,15.661599,11.932735,0.011457049,1.5821958,6.551379,3.0038397,-0.95477146,0.5055518,135.99917763157896,2573.9217355070105,0.1210087822650812,0.1398991,disco
-81.70505,77.834145,-7.9812574,31.32552,0.8244995,15.499923,2.3563712,3.4144,3.5218298,6.6244745,-0.45615,1.6933038,0.16583358,135.99917763157896,2648.2181128654943,0.1292869054524362,0.13881849,disco
-65.493935,79.66341,-14.88914,20.709034,-5.9800262,19.248156,7.5352626,2.0192153,-3.6397192,5.77115,1.8959048,5.749232,1.369218,135.99917763157896,2591.891933989832,0.12801692104118328,0.15629493,disco
-157.68771,121.94123,41.01885,28.04645,13.444694,2.312485,3.8430898,-0.100920536,-4.2824492,-3.3388677,-1.8111784,-3.1782556,-3.7835984,161.4990234375,1571.6752037363096,0.04110852305684455,0.16587226,disco
-122.938156,117.51704,27.352016,18.368328,6.94382,0.29036534,-1.4589001,-2.043406,-4.3443875,-5.0276637,-0.87697506,-3.8603091,-0.28873956,161.4990234375,1873.51312034741,0.06382889537412993,0.15939136,disco
-85.466576,111.129166,16.612305,27.729988,12.445543,-8.24336,-6.559268,-0.6989992,-1.9921714,0.47227433,-0.6999647,-5.5052986,-3.5878863,161.4990234375,1883.3571768965223,0.05629395664153132,0.20043674,disco
-31.71741,79.32563,-27.121677,15.242485,-1.0709358,-0.85007143,-5.9015217,8.967875,-2.9611986,2.2359397,-0.05664395,-0.6813092,6.2551417,103.359375,2626.72371587194,0.14675853755800464,0.15831438,disco
-80.863396,95.63011,-10.260801,18.571096,-3.7399597,9.978366,-2.9801176,11.082879,-1.3919367,2.5836241,-0.7858006,-2.6137698,0.26937157,103.359375,2361.4940047725613,0.10909517292633411,0.123514794,disco
-74.5524,101.32899,-21.79133,19.150885,-4.740966,7.1516685,-3.1413126,6.6352696,-3.151014,4.691473,-0.7378879,-1.1577144,-2.65255,107.666015625,2221.0415481620275,0.10854118329466357,0.125669,disco
-58.423374,77.47359,-4.399813,26.048025,3.2511253,7.6871877,10.188538,-3.2073495,-0.04395827,10.547432,5.202103,2.523849,4.915853,129.19921875,2801.992342739789,0.14357621265951276,0.17579055,disco
-74.423065,79.54084,4.876598,29.435246,6.152447,14.539992,9.833643,-3.9751027,2.1495054,11.29039,2.9419937,0.7450672,5.248355,129.19921875,2819.2279031793146,0.12951008736948955,0.16445144,disco
-55.651154,76.59439,10.0189085,22.682589,8.309048,11.762941,13.264352,1.3241545,3.3425548,5.6993275,4.10319,-0.34155244,6.7427726,129.19921875,3006.097197163727,0.13021135440835266,0.18016273,disco
-60.743435,98.752174,-25.257006,14.032508,2.3498425,-7.0202174,-0.33084735,0.97101027,-3.9361925,-1.934168,-4.5938354,-3.5525868,-3.3995786,123.046875,2263.896890494598,0.11112080372679814,0.14991185,disco
-67.08667,102.43396,-16.682295,0.073123515,1.075649,3.748018,4.256676,-0.08391233,-5.1808987,3.2608283,1.336984,-4.732238,-6.4423466,123.046875,2279.517814982796,0.10477767908932714,0.15485558,disco
-85.93046,92.19752,-13.184621,11.538422,12.097203,0.53605866,-2.411841,4.0178905,-5.2192063,-1.1019286,1.6088452,-5.031524,-6.048615,123.046875,2445.390842551527,0.1123205481438515,0.1413856,disco
-89.03327,110.59067,-12.203444,22.487514,3.0951169,6.975375,4.2939477,3.9351878,-4.7081294,-2.6810663,-2.1525152,-5.3546634,-2.2410712,123.046875,2155.9722769689615,0.10679537956786543,0.1295088,disco
-74.768974,106.12092,-9.899509,14.272225,1.7977198,9.302772,3.1606858,3.799901,-2.8863475,-1.5986323,-2.2402935,-3.213296,-1.5074344,123.046875,2295.035695608636,0.11282469003770301,0.1365825,disco
-80.30773,102.81222,-6.5365644,17.148346,4.069438,8.641236,4.233924,5.012738,-3.5728123,-1.962945,-2.2358024,-5.1690598,0.28932792,123.046875,2292.0696146934038,0.10905552131670533,0.13976821,disco
-138.0697,101.638794,-12.897683,35.43407,-15.665591,21.603857,-8.128914,18.912811,-15.536521,17.232143,-14.453887,10.953308,-17.558815,123.046875,2216.6867727008957,0.10626064928944315,0.10352817,disco
-124.75434,104.86303,-17.870638,32.78822,-19.42118,27.226383,-7.1537676,19.253439,-14.488223,23.408073,-15.396492,13.930907,-14.348014,123.046875,2222.332908010183,0.10948942321635731,0.11794127,disco
-115.500885,100.47869,-23.019135,34.24388,-12.1207285,23.767239,-12.063928,18.829613,-13.494765,20.570164,-16.844143,15.2379,-12.197238,123.046875,2339.0984676774096,0.1265702037412993,0.11699162,disco
-334.20468,113.15069,-25.817163,37.975204,-13.153113,-3.7890465,-19.268787,-0.68461406,-19.269106,-1.0091078,-21.229177,-4.3798203,-11.876022,161.4990234375,1722.7916653873285,0.06949341103538283,0.032203034,disco
-293.092,129.5084,-35.18168,24.6672,-9.521987,-2.8886962,-16.473484,-7.799064,-17.779047,6.5442185,-20.837532,-4.182012,-4.7842336,123.046875,1615.774945921405,0.08158488616589327,0.035576347,disco
-220.99036,127.70675,-59.447178,30.729404,-16.542852,-6.230122,-11.380803,1.3631042,-12.086306,12.713123,-21.736954,-3.9792802,-5.8411336,123.046875,1793.2465779051513,0.10944977160672854,0.07303492,disco
-118.71822,78.34163,-37.414265,58.344456,-5.4626822,25.515575,-13.103552,26.885378,-14.314267,16.743961,-9.070292,10.710302,-6.6170073,99.38401442307692,2664.8000643930613,0.15899502428944315,0.10622716,disco
-109.99254,82.63654,-41.026024,53.956688,-7.514774,25.137552,-13.758725,29.590546,-13.783765,15.374969,-6.056843,11.873105,-8.701027,99.38401442307692,2560.959077461987,0.14831288065545242,0.109859474,disco
-87.180305,80.67744,-45.90499,50.730213,-13.157691,27.581297,-11.518561,30.672024,-17.93902,15.649286,-8.657265,15.60444,-7.5542245,103.359375,2624.212043561574,0.15505138848607888,0.120376505,disco
-44.882305,91.31332,-25.495668,42.65558,-18.147655,24.790108,-15.134499,11.682296,-16.832172,17.68484,-16.559948,9.575074,-12.638804,117.45383522727273,2555.031637816892,0.15288867640661252,0.20026131,disco
-50.121204,103.29626,-20.467384,39.29557,-19.729164,28.089811,-11.917196,15.957117,-15.748958,15.462754,-13.095327,6.8900323,-12.644042,123.046875,2321.1773907326187,0.12434971360208817,0.21365428,disco
-41.08639,102.07774,-28.773289,40.256817,-17.18954,26.219711,-11.714762,15.059578,-14.330071,16.0964,-14.097032,8.591652,-11.112246,123.046875,2316.0038858857765,0.1281426732888631,0.21290012,disco
-47.76599,102.66437,-31.439453,33.612446,-18.951416,33.712513,-15.198367,23.561127,-16.171103,20.021975,-12.4189,18.050358,-10.638545,107.666015625,2371.444289308347,0.12833526682134572,0.1582234,disco
-50.751854,101.30351,-28.30442,39.798058,-13.438728,32.673923,-17.721785,22.154045,-16.049889,15.891893,-15.071001,16.883652,-9.47896,112.34714673913044,2381.624675546712,0.12541577544953597,0.15333915,disco
-39.805603,102.50555,-37.646904,30.548134,-21.439705,31.78512,-15.165833,21.581034,-17.212057,21.274946,-12.796198,15.643049,-10.689104,107.666015625,2374.24722348297,0.13192656975058004,0.16483392,disco
-78.86156,90.00402,-33.69908,37.969597,-23.430126,32.636063,-15.747774,23.5623,-15.904718,20.505753,-12.640065,18.253979,-11.016687,107.666015625,2647.1528848892945,0.15642106837296985,0.10605939,disco
-82.941666,88.67227,-29.960688,43.791664,-17.961756,31.145573,-18.03921,22.158094,-15.803932,16.089092,-14.639759,16.83402,-9.620966,112.34714673913044,2667.3991689120035,0.15746673796403712,0.100394905,disco
-70.37066,90.05258,-39.590538,34.77423,-25.960838,30.419184,-15.86479,21.77235,-16.845404,21.73951,-12.927739,15.54257,-11.036198,107.666015625,2638.554341846223,0.1583107507975638,0.11219802,disco
-78.19347,95.91666,-45.841293,32.39676,-19.421694,23.9779,-29.638514,23.06483,-21.425291,15.417822,-15.853858,10.870284,-11.852607,123.046875,2526.177649838651,0.15896103719547564,0.115319714,disco
-76.03331,92.4226,-46.760437,36.75614,-17.457872,24.34317,-29.697895,25.57453,-21.542233,13.855896,-18.946093,9.886413,-11.723754,123.046875,2564.172631915932,0.16315731039733178,0.12329832,disco
-58.124737,84.19457,-52.59282,41.920254,-17.154362,17.458614,-32.189724,24.480116,-19.344376,15.126759,-21.627457,7.58889,-13.47245,123.046875,2683.565438179359,0.18667864522911834,0.13675377,disco
-192.14102,43.242325,37.892475,54.92046,6.4203367,49.2859,-9.391528,35.75451,-16.01401,24.9667,-11.72664,15.207519,-7.65672,135.99917763157896,3459.8461553430675,0.16900309055974477,0.1436065,disco
-84.24844,89.64044,9.045988,39.73008,-9.725334,38.07672,-15.871056,32.18958,-22.913555,25.094593,-10.660841,19.41318,-11.211578,135.99917763157896,2760.54904389984,0.12907278676044084,0.18225406,disco
-50.40434,78.65429,-3.9322815,43.45569,-14.372027,39.566307,-16.851263,31.235817,-23.696554,21.713335,-15.339905,20.737438,-9.527981,135.99917763157896,3017.605872073396,0.1639639374274942,0.19094697,disco
-213.83043,82.191505,6.673443,56.20367,-5.01861,14.875782,-11.747474,22.113575,-14.671454,19.76272,-18.454636,6.858659,-11.0767,112.34714673913044,2485.856372412236,0.10796340269721577,0.054034874,disco
-235.66911,73.47424,14.039146,55.919937,3.020855,8.479784,-10.2612915,27.468351,-17.53781,16.305246,-19.135216,6.882556,-9.869718,112.34714673913044,2681.024792300108,0.1161282355713457,0.051084165,disco
-230.11742,79.56776,2.428506,49.845806,-1.9120089,10.998747,-1.9638652,23.908648,-13.094658,19.785912,-20.253254,5.090887,-9.5964985,112.34714673913044,2531.4608735261945,0.11869312826276102,0.051171202,disco
-104.69615,107.11211,-31.740368,54.752224,-9.604703,31.167027,-9.460442,20.894686,-9.301116,19.03636,-8.443111,9.9605255,-5.4939475,129.19921875,2081.0121581550507,0.10262063152552205,0.116080195,disco
-83.11215,103.29823,-42.205727,52.50942,-11.528893,31.210852,-11.092484,23.042484,-11.7522545,19.080082,-10.562364,11.252966,-5.434567,86.1328125,2221.4562187937063,0.12932202544953597,0.12550229,disco
-121.965904,112.476,-27.04686,51.547287,-6.64464,29.085989,-7.853308,25.546072,-15.007697,16.740408,-3.969847,7.2888293,-5.6854687,129.19921875,2022.500236337668,0.09859769250290024,0.122641616,disco
-189.42867,129.177,-13.820821,38.149673,-5.9126024,27.215883,-11.609051,19.781069,-11.282854,16.617645,-8.88294,6.5635734,-9.3850975,117.45383522727273,1686.2938156670582,0.07251939530162413,0.06902817,disco
-179.83638,120.44827,-8.594899,42.56856,-7.6811333,28.401731,-14.06314,19.803612,-18.618298,16.770985,-10.543439,1.6029143,-10.61178,89.10290948275862,1840.1453805855517,0.08025372498549883,0.079384446,disco
-179.84186,123.66011,-8.344122,44.4819,-9.152879,25.748205,-11.848125,20.43939,-18.743347,15.738628,-11.744498,1.5684981,-7.340656,89.10290948275862,1737.8757797246324,0.07766617423143851,0.08016081,disco
-140.85837,124.15389,-28.410057,26.173481,-25.484592,23.213121,-18.418053,19.44032,-18.324238,22.075972,-13.326378,9.909058,-13.5085745,117.45383522727273,1943.5850402821468,0.0966060487964037,0.07572523,disco
-139.7423,120.19436,-24.78174,31.758123,-23.500063,21.17734,-20.654305,19.28976,-17.630632,17.136808,-15.294518,10.048706,-11.716153,117.45383522727273,2002.840299059351,0.09553205662703017,0.07452787,disco
-149.91031,124.391335,-19.560984,27.481619,-23.063822,25.818626,-15.609429,18.4651,-20.861246,16.710453,-14.040425,10.099596,-12.33913,117.45383522727273,1868.9147583709996,0.08469130655452436,0.0780534,disco
-108.454056,100.32059,-17.610163,45.688614,-8.851095,28.296696,-16.044327,20.481823,-17.029741,16.976608,-12.951981,7.7046347,-9.187444,129.19921875,2270.2773484265476,0.12004241589327146,0.12371575,disco
-117.531,108.08696,-13.921602,46.13829,-10.290041,25.933138,-18.75121,25.798817,-17.749617,15.0255785,-11.874995,10.519357,-9.460148,129.19921875,2129.5862798327894,0.0946483921838747,0.120145015,disco
-103.74782,105.18944,-18.3567,45.494488,-12.664914,23.54282,-17.833746,21.532133,-16.873693,18.658522,-12.497829,8.863678,-8.88284,129.19921875,2253.8850649824617,0.11749564965197216,0.12233331,disco
-101.11014,102.52525,-23.958004,21.134886,-18.468054,20.986845,-12.853906,20.635584,-18.006622,16.902262,-11.002624,13.227485,-4.3118014,123.046875,2345.4528003986024,0.11912363145301624,0.12165343,disco
-106.8098,104.78292,-17.797897,22.3565,-19.954622,22.060043,-12.425492,21.284843,-19.017086,19.036177,-11.39551,13.001943,-5.689777,123.046875,2364.35971498817,0.1153102795098608,0.11928825,disco
-120.00752,114.01889,-13.781431,27.430044,-15.6123705,14.692616,-16.363188,14.86281,-18.758574,19.95255,-7.3636193,9.951119,-7.29472,123.046875,2130.327049424259,0.09577223209106729,0.1094458,disco
-121.81119,116.7538,-21.395315,46.887417,-4.4789877,31.588055,-12.26402,20.455454,-13.653852,17.413342,-11.391422,8.342882,-9.025167,129.19921875,1952.9650487168335,0.08751336825696056,0.11075063,disco
-99.44707,110.39238,-30.034273,46.09868,-7.664405,30.857365,-13.336283,21.016953,-16.243402,16.585945,-13.387076,8.406595,-8.802081,129.19921875,2113.6414322715104,0.10913595743909513,0.117580265,disco
-141.98293,123.62562,-16.766012,42.19842,-0.3992537,28.208408,-10.936428,23.60355,-19.60857,14.572388,-7.097848,5.1624103,-10.185486,129.19921875,1857.4698647241821,0.08196101000580046,0.114555344,disco
-90.42866,81.479195,9.09355,36.776817,-17.600168,18.013283,-17.417477,18.13325,-16.419497,18.439135,-15.65702,10.0024605,-17.14389,123.046875,2793.149988622183,0.12162621447215777,0.17494811,disco
-81.243095,89.11542,-6.625923,34.56929,-23.040585,21.764683,-14.880081,18.594204,-15.201427,16.573772,-14.777452,13.2147875,-8.694021,123.046875,2517.9081127143972,0.11212568880510441,0.19668795,disco
-104.74291,93.06719,-9.352143,32.172295,-14.565069,19.04128,-12.401318,15.310046,-14.98428,16.704084,-10.852432,12.947948,-4.095001,123.046875,2338.7506408330405,0.11316002936484919,0.1809425,disco
-101.4315,88.428,-37.226276,39.691605,-8.750564,28.66265,-7.6166143,28.442303,-5.4006286,18.361155,-5.1547875,9.338235,-5.452621,107.666015625,2284.8255239419354,0.11771316705336426,0.15085924,disco
-109.64886,78.05971,-28.984938,43.285664,-8.491339,34.98902,-12.297551,25.41019,-9.595754,19.16911,-5.159906,6.549385,-4.909926,107.666015625,2466.9582672740053,0.13565155524941996,0.15345155,disco
-113.88021,81.128395,-27.33746,42.664616,-9.901888,31.893328,-8.160711,25.625055,-11.196044,17.409662,-4.8440013,7.4962716,-3.8155906,107.666015625,2410.016888238849,0.1290048125725058,0.14840233,disco
-57.157978,72.46397,-2.0097919,51.523922,3.040114,35.71099,-4.5841765,24.394966,-8.990807,22.357183,-5.540176,15.805967,-3.605406,129.19921875,2492.522916507961,0.09210275884570766,0.2951429,disco
-53.45042,69.11891,-5.763792,49.23626,-0.060295157,36.515953,-4.135528,26.22042,-10.247963,22.35663,-6.895311,18.558186,-2.4600668,129.19921875,2645.5689147667995,0.109854218024942,0.277937,disco
-44.685905,69.46774,-3.9531953,48.481358,1.7865999,34.87791,-3.529879,23.772005,-9.89016,21.407125,-5.921042,17.22943,-2.2283752,129.19921875,2613.6735382393053,0.09671707330336426,0.30737865,disco
-172.09123,99.668465,-8.489766,37.38714,-8.334433,33.876633,-9.6730995,22.440813,-6.1822906,26.611917,-8.401984,13.226738,-0.6136747,123.046875,2061.8963659309884,0.07389473970417633,0.094189115,disco
-188.16872,92.80496,11.0354395,44.186245,-7.8782616,32.294483,-13.662555,25.065485,-7.1096063,24.822117,-6.3732123,18.198097,-1.863556,123.046875,2170.028335272674,0.06261102450696056,0.09451476,disco
-207.87723,90.19402,20.306217,44.998142,-5.895273,30.286385,-15.175389,25.9022,-5.6403575,22.784042,-3.9613338,19.529877,-4.173504,123.046875,2206.76419538339,0.05765570620649652,0.08767075,disco
-139.2631,112.83966,10.218316,48.701492,1.570726,41.34684,-13.285435,25.855633,-11.781503,12.512696,-1.9889287,7.028523,1.3258405,129.19921875,1675.0869712715507,0.05086395192865429,0.17065348,disco
-98.15402,105.566666,-6.169885,53.211193,0.98089415,36.790092,-10.833355,22.773787,-10.693084,14.081417,-3.0644457,11.33525,-1.1431199,129.19921875,1898.7001032026171,0.07449404546113689,0.19250187,disco
-83.65621,101.26736,-23.287172,50.94188,-1.4762866,35.386642,-7.2361493,25.764275,-5.794934,20.479568,-4.6578174,12.854777,-4.7197847,135.99917763157896,2085.782355248847,0.09523183729698376,0.19244325,disco
-68.31815,92.70226,-22.098837,42.067703,-15.08449,27.71227,-15.92144,21.286541,-15.495672,18.84642,-17.876114,11.771341,-11.364724,135.99917763157896,2554.892718477487,0.1394988942865429,0.15785436,disco
-63.453053,99.78679,-22.160727,38.297386,-19.540127,28.063412,-11.783677,25.184114,-17.20915,18.328608,-15.907746,11.220813,-10.036622,135.99917763157896,2455.7974380097744,0.1367436738689095,0.16295095,disco
-41.52197,98.26079,-29.628485,40.118782,-17.764032,28.212116,-12.760556,23.591103,-17.430185,21.599003,-13.1553955,12.960656,-10.718057,135.99917763157896,2467.1414308336007,0.13872058983468677,0.18739341,disco
-73.89724,89.824356,-40.577095,40.93646,-24.010078,20.338467,-19.987726,20.962212,-13.567568,16.695576,-16.26376,14.113451,-17.650581,99.38401442307692,2618.6159826273447,0.16608813080046403,0.10756005,disco
-126.13994,93.22007,-22.365322,38.649662,-24.900595,25.523119,-16.767965,19.116951,-15.028617,19.805145,-14.705824,11.58428,-12.323256,99.38401442307692,2515.0767167938025,0.13636075261020883,0.079621054,disco
-112.51953,95.95367,-20.223768,39.52727,-21.622364,17.531548,-17.947697,18.209259,-18.427704,14.056941,-14.412276,12.446312,-16.277885,99.38401442307692,2490.1430436334877,0.12682510694605567,0.086696915,disco
-74.98715,78.48391,-23.136017,45.23701,-13.522978,22.877522,-15.590283,19.26213,-16.123013,17.11613,-17.553917,17.573511,-18.193285,107.666015625,2877.613341436297,0.1721842825551044,0.112639725,disco
-108.19843,78.00512,-4.6017504,44.15685,-10.073424,25.742998,-17.02461,23.515913,-15.964152,15.516153,-13.242004,14.723579,-19.80826,107.666015625,2931.029968943757,0.1565683457801624,0.09975422,disco
-97.22696,77.411156,1.0145707,37.11472,-10.5909605,24.431145,-21.522543,24.293982,-16.400696,17.800285,-16.578182,14.316544,-16.707262,107.666015625,3061.579530754204,0.1584138449825986,0.10766821,disco
-130.63176,109.750755,0.38722232,39.874657,-16.454962,31.30916,-25.159332,7.41856,-10.7820835,12.522753,-5.600273,11.5353985,-4.142167,107.666015625,1994.5574908654594,0.08427099949245939,0.10410105,disco
-102.26146,114.148636,-13.322529,38.577023,-19.545382,25.923637,-23.534363,9.390485,-12.104244,12.564796,-5.9735036,13.7537565,-3.9308085,107.666015625,1962.0550688647388,0.09040680285672854,0.121414416,disco
-122.34027,118.84707,-7.347746,33.716995,-16.2367,27.791147,-22.453669,10.988384,-8.38198,12.750809,-3.8247492,11.416829,-3.5204926,107.666015625,1835.268841044377,0.07581161180394431,0.10877999,disco
-84.514755,98.83522,-27.52417,35.954865,-18.639345,32.306946,-15.311664,22.513899,-16.107788,18.860111,-12.809045,16.65917,-11.253131,107.666015625,2436.181000003,0.1326380329176334,0.10965586,disco
-86.94386,96.943924,-23.218605,42.414997,-13.2209635,30.96078,-18.037401,21.097094,-16.494482,14.431106,-15.183586,15.440677,-9.85849,112.34714673913044,2460.3254375527094,0.13181894395301624,0.10742019,disco
-74.83544,98.279076,-33.27814,32.820557,-21.167711,30.28333,-15.72584,20.524548,-17.235367,20.152588,-13.23534,14.312397,-11.143353,112.34714673913044,2452.9605256147333,0.13848041437064965,0.11584825,disco
-108.65163,80.1714,-14.099895,42.64839,-12.217241,23.665344,-19.344366,24.958155,-18.904728,20.13173,-11.677199,13.618835,-9.912131,112.34714673913044,2757.032067371785,0.15242645192865428,0.0961946,disco
-105.532394,78.82437,-17.072527,43.530197,-11.190791,21.180275,-20.027763,25.115862,-15.948827,23.59586,-10.877771,13.54646,-10.796906,112.34714673913044,2779.3902760873766,0.15442376015081208,0.09634286,disco
-102.52306,78.722176,-14.451592,36.228897,-13.342998,25.753096,-20.397482,31.814585,-14.629101,20.79639,-12.421904,14.791614,-11.545926,112.34714673913044,2890.7996858427973,0.15988661905452436,0.10161156,disco
-125.83638,73.20897,-26.39316,48.528084,-10.843405,31.955822,-5.103758,16.920393,-8.112865,22.51901,-16.809616,19.687292,-10.776852,135.99917763157896,2827.6450891631894,0.16577431663283063,0.08777496,disco
-89.602,74.668724,-26.797577,54.78872,-14.1568775,28.931963,-13.51647,23.322325,-10.771058,20.362072,-12.307123,19.201317,-9.452695,135.99917763157896,2849.113131599124,0.17218088384570765,0.10893246,disco
-171.562,55.97583,-59.67571,21.44983,-42.27131,10.650651,-23.167719,0.9614946,-25.048338,12.366424,-18.174156,11.962268,-12.763695,135.99917763157896,3033.7682690162615,0.21307528821055685,0.05647322,disco
-92.49618,88.11761,-26.581396,41.124256,-13.318086,25.554388,-22.314648,22.86397,-20.535393,15.409306,-18.728386,13.657378,-11.485646,112.34714673913044,2715.174573355587,0.15872426044083526,0.09476368,disco
-84.04229,87.72438,-29.461899,36.40081,-20.772432,26.398712,-20.044527,24.524828,-20.699316,16.77375,-13.890159,17.804836,-10.778327,112.34714673913044,2732.4198254179796,0.16285935687354988,0.100947,disco
-109.830376,71.57855,-23.23354,35.678593,-15.547358,24.529043,-23.612494,18.637192,-19.551964,17.302872,-16.3218,12.406781,-13.988739,112.34714673913044,3092.0945387604847,0.2065316397186775,0.09056863,disco
-45.707954,86.52055,-25.815308,36.996944,-20.374104,21.972565,-24.023912,18.042198,-19.950953,17.648373,-17.203102,12.149554,-13.785217,112.34714673913044,2655.169285428327,0.1536567847302784,0.16959308,disco
-40.328625,87.56288,-30.975039,39.044006,-19.75694,19.947298,-25.15713,17.674253,-18.746092,19.87399,-15.929042,13.051699,-15.022557,112.34714673913044,2613.9288057493277,0.15083472302784223,0.17570046,disco
-37.648277,87.93331,-25.659184,30.353497,-21.661201,24.615026,-24.227951,23.627264,-15.417754,18.053871,-16.428038,13.547217,-14.215266,112.34714673913044,2677.457333745717,0.14804891422563804,0.18722042,disco
-87.719284,86.586464,-22.444736,42.500507,-16.830732,34.60866,-17.058107,26.222353,-13.325678,20.843508,-13.9187765,14.3935,-12.589646,129.19921875,2652.2095794532515,0.13015697505800464,0.11254566,disco
-90.30762,87.85457,-13.18788,42.349243,-19.91612,33.493263,-17.85291,27.447422,-16.099966,17.831173,-15.920814,11.233849,-10.81094,129.19921875,2680.9664922731918,0.12351023238109049,0.11185247,disco
-97.27956,84.47121,-16.347784,44.38642,-18.337578,33.999584,-20.227829,26.76907,-11.218452,21.894577,-14.004865,12.366797,-14.3559065,135.99917763157896,2738.9011146085013,0.13548275268271462,0.10781824,disco
-95.88546,102.169075,-44.455093,26.958988,-27.339716,15.296048,-24.005308,14.717773,-18.82124,20.730661,-17.411726,11.578726,-13.369347,129.19921875,2321.7178771516196,0.13658506743039442,0.1144359,disco
-82.85613,103.30883,-35.577785,30.065212,-22.950397,2.9811957,-29.53582,14.6861925,-22.81283,16.66942,-19.020012,11.161019,-17.16168,129.19921875,2238.233342634499,0.11928450369779582,0.13815667,disco
-109.76018,105.64077,-30.37968,25.285854,-19.310621,12.607296,-21.40261,18.526125,-19.762854,19.758244,-20.123816,7.77172,-15.640292,129.19921875,2195.6370374040803,0.10931495613399073,0.11986903,disco
-74.110435,97.127014,-16.516876,47.799267,-7.8306923,24.507141,-20.556187,26.363976,-7.0586843,11.662458,-13.554602,10.053085,-8.8347,117.45383522727273,2254.768453406119,0.11657346650232019,0.1944077,disco
-48.794563,95.012474,-17.734447,42.838413,-6.8605504,24.342901,-23.984512,25.769846,-10.632152,11.981086,-15.29916,10.336141,-9.106869,117.45383522727273,2394.1158889097846,0.12261863761600927,0.21521485,disco
-48.177876,99.36894,-19.683575,44.512794,-6.4270616,22.90465,-25.676067,26.20089,-14.078626,8.070349,-17.1057,10.001276,-9.893961,117.45383522727273,2277.242403940935,0.11304673905162413,0.20953122,disco
-227.25475,103.18938,-12.756974,15.677437,-11.0116205,9.957003,-16.89381,18.53906,-21.948772,22.213902,-17.482513,10.386042,-13.245226,129.19921875,2291.38874165888,0.0947242966937355,0.056615163,disco
-156.27298,104.49095,-22.831583,40.103703,-17.855936,23.475943,-14.544269,17.587788,-15.6652355,16.766335,-10.465285,12.552584,-10.657197,129.19921875,2200.345205282609,0.0967873132975638,0.073248126,disco
-163.4055,103.56404,-19.968878,38.69319,-9.71096,23.909105,-8.038827,22.837786,-16.297073,17.301743,-15.740302,12.399028,-11.675446,129.19921875,2166.65248482988,0.09654260622099768,0.074604556,disco
-156.6499,95.12374,-7.5367317,39.72017,-9.219713,26.596767,-13.68609,24.2066,-12.138648,21.875124,-9.271121,4.538823,-10.903448,123.046875,2361.236392790066,0.10020981366009281,0.08278374,disco
-144.1816,103.0505,-13.8050375,40.76672,-12.899666,24.759514,-12.901349,24.755821,-15.008282,22.274355,-10.983086,4.8088994,-10.437137,123.046875,2265.188119074744,0.10093713747099768,0.08149277,disco
-164.02692,96.87306,-10.972144,38.109158,-12.791617,22.209911,-10.198586,24.807253,-14.302322,18.599209,-5.80257,9.275369,-8.712337,123.046875,2252.885769602316,0.09786243837006961,0.08964625,disco
-223.36803,96.71277,14.680995,49.00548,-6.7111154,18.793465,-16.229038,20.656818,-20.399933,9.789209,-15.725729,5.6133585,-13.65746,99.38401442307692,2085.284347627446,0.0774486568300464,0.0581967,disco
-211.90646,91.093956,8.651863,53.097496,-6.5916333,11.592206,-15.900295,22.132893,-23.80358,15.210176,-15.071532,6.860525,-16.178432,99.38401442307692,2257.0329623347557,0.09955499564965198,0.05979213,disco
-223.23996,96.84099,12.604143,44.87568,-8.809883,19.966118,-13.52654,22.787245,-16.252874,15.177652,-16.682228,3.1421108,-16.4269,99.38401442307692,2092.2602260200815,0.07697510332076567,0.05933254,disco
-170.63988,100.28757,-21.880089,41.434635,1.9214017,18.656124,-8.184723,20.265839,-18.345062,5.479876,-14.131161,9.311013,-11.788292,129.19921875,2171.3486860190915,0.0965833907337587,0.08732067,disco
-143.73099,94.96297,-27.857779,41.16363,-5.9644814,21.847271,-8.856625,16.702816,-20.272934,10.464103,-18.002357,14.749476,-11.936211,129.19921875,2273.175775282998,0.11753303545533643,0.09506668,disco
-266.11093,72.96743,-10.799146,34.143417,-4.5692706,11.070797,-7.215384,11.681159,-12.107644,7.6030993,-15.390512,3.4090023,-10.589965,89.10290948275862,2433.2457307957757,0.13432832439095127,0.053503584,disco
-62.960983,95.897224,-12.077517,34.203743,-13.85173,28.2574,-20.38381,24.827133,-12.749374,15.48205,-8.580685,8.130248,-4.946677,123.046875,2564.9082227505346,0.1339431373259861,0.18441302,disco
-68.97851,96.920715,-12.808431,33.745228,-10.157727,25.223581,-17.97214,25.353476,-11.289375,12.124498,-10.12425,9.181235,-4.310743,123.046875,2490.138886536643,0.1283839816560325,0.17871614,disco
-59.480053,90.83694,-15.635978,30.555758,-17.398634,27.109241,-20.073,24.01035,-11.180063,13.714936,-9.824008,9.396392,-5.8751154,123.046875,2673.7680833008317,0.15133433330916474,0.17907025,disco
-171.38564,114.44909,11.048797,47.93372,-8.321875,24.813992,-15.49276,17.80011,-15.061118,12.832445,-14.2445965,9.940683,-11.796367,117.45383522727273,1862.170659309065,0.07299861332656613,0.091635704,disco
-165.84857,122.55117,-3.938029,43.10528,-6.221294,26.098572,-11.825508,17.239552,-15.690398,13.78593,-13.613542,8.725727,-11.074594,117.45383522727273,1756.4246842249408,0.07490642220127611,0.09076215,disco
-165.18307,100.43322,-20.862146,20.148834,-11.287447,32.463596,-16.7502,20.444965,-18.633512,14.589119,-12.080303,11.937544,-11.836163,117.45383522727273,2259.719882850529,0.1215842970562645,0.0802618,disco
-213.37047,81.289055,-38.838303,37.749367,-3.7768583,26.955801,-8.882546,16.198046,-14.223982,12.870008,-12.061945,10.116438,-2.8634858,112.34714673913044,2472.564391326283,0.14162535346577726,0.056015126,disco
-176.64821,89.735405,-34.42236,53.39909,-12.065732,26.159061,-8.229367,12.352456,-9.348843,12.3357315,-13.649177,11.297367,-3.3095784,112.34714673913044,2414.8987123149864,0.16206519177784223,0.0690699,disco
-202.09584,79.83453,-43.315998,40.779182,-6.906701,24.561123,-9.54787,12.252012,-13.46181,11.87934,-11.016391,10.977138,-1.5642424,117.45383522727273,2481.892536256484,0.14983550246519722,0.06080915,disco
-177.0273,62.302467,13.351771,37.638664,-12.402348,28.298758,-20.817776,28.167048,-14.600759,20.513174,-10.258113,16.570494,-5.315748,123.046875,3118.818814992967,0.16399905742459397,0.087636374,disco
-168.91487,70.295944,17.121239,39.7962,-11.006344,28.97568,-21.258924,27.878199,-15.934117,21.035713,-9.465111,14.141854,-7.9031835,123.046875,3032.5799351412516,0.16184767437645012,0.08948409,disco
-155.65327,71.831436,1.9827302,36.214523,-10.612301,26.112303,-15.91861,27.096067,-18.059387,21.268936,-7.229838,13.004591,-5.903499,123.046875,2856.5868236844094,0.1497097502175174,0.090224236,disco
-107.29216,124.6912,-23.11674,50.2765,-8.095705,29.641336,-5.735542,12.216241,-7.454389,11.399852,-17.899567,8.247174,-13.131693,123.046875,1795.5761694900918,0.08723127537703017,0.16628586,disco
-107.5011,120.61356,-24.796104,52.354,-10.388761,28.625004,-7.3052053,11.851912,-6.463346,10.836773,-20.061123,6.872254,-10.714318,123.046875,1887.5296915184717,0.0908225783062645,0.15400189,disco
-72.5899,121.10803,-40.279022,48.45993,-17.543556,27.085,-8.252092,11.70038,-12.054885,12.646012,-17.378437,5.6469173,-11.250818,123.046875,1921.844657330006,0.10477881199245939,0.174786,disco
-125.39988,118.31931,-19.925049,31.838919,-5.398511,23.196405,-13.491619,20.133165,-20.018276,19.034142,-18.692287,7.9582458,-14.661549,107.666015625,1939.0552359681242,0.08216266676334107,0.12099642,disco
-97.01162,110.13141,-25.078188,42.008827,-12.426429,32.754967,-18.207329,20.95429,-18.457098,17.76636,-16.697338,8.260528,-13.528103,103.359375,2133.9401116908857,0.09099817829176333,0.11811165,disco
-79.3917,102.8672,-36.178337,37.85212,-14.695314,31.607578,-14.020662,23.97917,-21.763718,19.881393,-14.929771,12.349185,-14.257811,107.666015625,2345.616732368691,0.1270471559599768,0.11811588,disco
-96.36831,101.76501,-41.211136,51.287468,-11.938146,24.791801,-12.578359,18.207924,-9.244334,16.360088,-8.055135,12.735082,-3.362739,123.046875,2241.436443336034,0.1321565490864269,0.11503477,disco
-104.13923,105.26226,-40.599617,49.595516,-11.213857,21.71384,-14.023695,15.647303,-9.602007,15.625884,-7.199549,11.413,-6.026835,123.046875,2141.7179118778636,0.12476322324535963,0.12000222,disco
-93.210785,96.019196,-39.771217,52.16772,-12.000963,28.64545,-15.5214205,17.712551,-10.022721,19.002289,-6.207872,11.059994,-7.753862,123.046875,2333.807599451679,0.1368660274071926,0.12164169,disco
-111.97314,113.389946,-28.693151,44.346096,-10.855095,28.333454,-14.493035,19.990034,-15.003537,18.319994,-14.408801,9.48712,-11.100389,129.19921875,2110.9625909104334,0.10725193953016242,0.097999215,disco
-95.11902,108.58142,-37.53937,43.144703,-13.195489,27.452929,-15.59213,20.60888,-17.649506,17.612183,-16.241877,9.963317,-10.985213,129.19921875,2232.4394013550955,0.12834659585266822,0.10482501,disco
-137.83755,118.63194,-23.396519,40.376488,-7.0441294,25.284092,-13.489337,23.251644,-20.449656,15.499095,-9.866347,6.481002,-12.347714,129.19921875,2044.3469866679052,0.09938959179234338,0.09770282,disco
-131.93744,80.74589,-15.735401,45.630188,-9.035972,31.207539,-19.27472,20.430676,-15.014948,15.223035,-10.262256,14.034145,-8.118358,129.19921875,2743.418019819982,0.16085411832946636,0.08047679,disco
-139.16266,81.432465,-12.173398,45.29605,-9.174081,32.191315,-20.0074,19.896833,-16.01965,14.196151,-10.450547,14.647388,-7.6548676,129.19921875,2740.6413567948252,0.1624118601363109,0.07840414,disco
-106.6838,104.34861,-23.168737,38.335487,-12.315214,24.985004,-19.548584,21.88126,-19.195108,16.401274,-6.3450108,10.404261,-8.24129,129.19921875,2238.246898331564,0.11443001377610208,0.11253341,disco
-95.543,96.21719,-30.942358,43.580536,1.5108665,30.553871,1.5877389,15.699477,-13.73066,11.389638,-14.141606,10.525286,-2.3558118,99.38401442307692,2138.0674442368336,0.10833612782772621,0.18493156,disco
-123.01182,101.77384,-20.628866,50.103928,4.021742,23.155901,-5.2585106,13.808426,-2.891798,9.341865,-9.118024,4.5288544,-4.070436,99.38401442307692,1991.1254040986178,0.08802204176334107,0.15821262,disco
-133.37552,98.386894,-6.1669087,41.65828,5.2262683,32.542107,-0.3647764,15.334991,-7.2328005,9.209073,-7.652566,4.7163105,-5.850335,99.38401442307692,1977.7611392748981,0.0781408606438515,0.17649013,disco
-139.4489,94.99181,3.0384626,51.775105,-17.913906,29.74354,-13.809086,18.642239,-11.746194,19.670734,-12.661659,13.779019,-11.668398,117.45383522727273,2364.2212542561233,0.10528861840197216,0.10021509,disco
-119.20084,87.13946,-4.2689943,52.60146,-15.025028,27.895945,-12.641782,19.796911,-14.729256,17.341627,-15.616651,14.184793,-4.5842137,117.45383522727273,2487.7804771079745,0.12388182460846868,0.11305367,disco
-114.24469,89.64072,-6.493456,51.124638,-18.021305,29.254686,-13.02694,20.646578,-15.32244,20.371815,-14.967269,12.365481,-11.792412,117.45383522727273,2519.9596959696023,0.1227443898636891,0.10642698,disco
-57.790127,81.40388,-25.533777,56.090057,-3.2143085,17.456667,-10.823428,17.69166,-22.842062,15.573374,-22.471142,9.270826,-19.77797,112.34714673913044,2670.2474866084813,0.1575335792488399,0.17009695,disco
-114.03312,93.62798,-13.872852,50.885593,-0.52561176,22.258587,0.42565322,24.059175,-18.179012,10.565994,-21.77345,13.006052,-11.339515,112.34714673913044,2293.1924500365844,0.11638200587296983,0.14002968,disco
-87.22986,88.57903,-22.095848,55.923367,-0.3872355,19.802422,-2.7050204,22.176313,-18.465508,11.833574,-22.582804,7.235506,-17.379808,107.666015625,2417.6048303779417,0.13660999129930396,0.1494022,disco
-131.42416,100.2361,-3.0875144,50.692543,-14.145518,33.177948,-18.543716,23.484547,-13.873673,13.535706,-11.63614,8.18915,-10.752763,135.99917763157896,2241.538941160286,0.09258424267691415,0.09786788,disco
-141.02914,113.6657,-2.3560262,45.373634,-16.131979,32.097588,-15.8628435,25.260002,-11.526321,12.033208,-11.708193,8.278355,-4.219298,135.99917763157896,2009.5374724586682,0.07862574318445475,0.10147162,disco
-117.997116,94.3582,-8.5843525,54.74843,-17.007576,31.73335,-20.788952,24.738136,-10.862982,16.387238,-15.904575,5.9348016,-13.716893,135.99917763157896,2373.305508094336,0.10919600130510441,0.0980216,disco
-169.75195,89.7337,-12.504634,54.074562,-0.7804975,21.33013,-8.759556,24.106853,-5.7129807,15.301758,-12.628136,9.618892,-14.252151,123.046875,2321.5103357024977,0.09650408751450117,0.09408548,disco
-144.57681,82.22305,-19.270342,54.450115,-5.470034,22.407114,-8.788804,23.686039,-5.520472,19.210838,-18.051743,10.600654,-14.286466,123.046875,2539.3867553370224,0.12448226326856149,0.10409404,disco
-165.51016,74.53358,-19.023005,49.424187,-7.7414513,25.295176,-7.5702543,22.830431,-5.752255,18.934584,-15.843053,12.569054,-12.34145,123.046875,2600.6484986907053,0.1325372045388631,0.0965862,disco
-145.96516,100.18621,-25.133888,62.074436,-24.092262,27.820568,-17.028585,19.047222,-5.7129364,14.733667,-6.0401163,11.45242,-5.867642,103.359375,2361.6615394050314,0.12983069895591648,0.07991877,disco
-121.17943,82.23474,-27.333164,62.07856,-23.659237,34.03198,-14.208167,22.487204,-12.77709,16.301813,-8.497717,14.076911,-5.654087,103.359375,2702.710843541582,0.15371342988689096,0.10195124,disco
-134.91101,98.52037,-20.686268,60.6331,-21.243654,31.52789,-14.060545,19.580765,-9.751863,16.67506,-11.995001,10.713885,-4.7274356,103.359375,2379.2594813378805,0.11857304053074245,0.0938041,disco
-117.9255,75.918434,-3.8891287,37.36471,-4.8175707,32.10329,-11.741369,22.66312,-11.933068,14.514556,-12.877916,14.146893,-13.435439,129.19921875,2817.706037721701,0.1169903748549884,0.10647683,disco
-117.43905,75.29141,-3.656934,37.514927,-6.015968,30.84704,-11.940108,23.58061,-11.193124,14.718582,-12.633673,13.974055,-13.504561,129.19921875,2845.22688862437,0.12075048035092807,0.107779056,disco
-115.64284,76.21063,-5.1122627,37.022778,-5.1925015,31.176184,-12.776138,22.474945,-11.12217,14.634754,-13.604046,12.009209,-12.704634,129.19921875,2814.605934363979,0.12301968532482599,0.109624006,disco
-91.84502,101.8067,-6.3159747,41.265144,-17.172039,23.167051,-20.940952,16.357077,-23.58634,17.246925,-14.713113,15.785184,-14.9999,123.046875,2381.2376002670117,0.11081831859048724,0.12565844,disco
-91.62123,96.685455,-7.381039,41.390335,-15.908114,23.726011,-23.659708,15.613462,-26.371176,18.60822,-13.300456,15.276517,-15.749896,123.046875,2499.4798750964796,0.11634801877900232,0.11885239,disco
-91.59781,100.171135,-13.475765,38.0128,-21.164654,20.940273,-21.429132,15.58695,-27.147871,17.35883,-13.20175,15.995335,-15.8073225,123.046875,2371.941567259184,0.11011138703596288,0.12310472,disco
-91.84502,101.8067,-6.3159747,41.265144,-17.172039,23.167051,-20.940952,16.357077,-23.58634,17.246925,-14.713113,15.785184,-14.9999,123.046875,2381.2376002670117,0.11081831859048724,0.12565844,disco
-91.62123,96.685455,-7.381039,41.390335,-15.908114,23.726011,-23.659708,15.613462,-26.371176,18.60822,-13.300456,15.276517,-15.749896,123.046875,2499.4798750964796,0.11634801877900232,0.11885239,disco
-91.59781,100.171135,-13.475765,38.0128,-21.164654,20.940273,-21.429132,15.58695,-27.147871,17.35883,-13.20175,15.995335,-15.8073225,123.046875,2371.941567259184,0.11011138703596288,0.12310472,disco
-57.55738,89.40163,-45.12168,45.71343,-23.625206,21.623867,-26.125566,14.365631,-21.566729,18.10712,-13.786439,13.453177,-11.553629,117.45383522727273,2553.9872703526903,0.1502410817865429,0.14426678,hiphop
-93.26264,83.168396,-24.105917,29.342278,-18.521154,28.610838,-17.166319,24.472769,-10.530033,20.28645,-13.185193,10.921957,-10.82515,117.45383522727273,2735.3876518549087,0.14627705372679814,0.11544208,hiphop
-92.12516,82.36322,-25.89411,27.218342,-17.894419,20.90234,-23.653105,21.633993,-18.79519,19.75785,-12.851494,10.641982,-10.295615,117.45383522727273,2717.023898553886,0.14474990030452436,0.11556238,hiphop
-75.00999,52.47659,-18.022682,58.618458,8.258806,26.533983,-2.9618948,28.537397,-11.8899975,18.761007,-5.063061,11.8705225,4.182804,184.5703125,2761.994583547517,0.09656753008990719,0.2840667,hiphop
-82.026505,47.60235,-13.737065,58.67393,11.010144,27.562336,-10.038097,30.401608,-7.9291596,20.968481,-2.8886962,11.249568,1.9116942,92.28515625,2813.1218836772073,0.09510608504930394,0.28570384,hiphop
-86.5977,48.919384,-11.929324,56.699265,1.0061274,27.473785,-7.6093903,35.05689,-10.573508,21.329475,0.2591875,15.261436,5.7092347,95.703125,2849.6510911661167,0.10085670134860789,0.28587687,hiphop
-199.59087,132.74998,6.46004,41.38631,-13.277146,15.709866,-14.856282,16.268019,-17.40775,7.7191987,-8.480405,7.8487697,-6.271224,99.38401442307692,1482.778901966346,0.061185832366589324,0.096110776,hiphop
-194.01794,137.31593,13.89441,45.27715,-7.9510694,16.728714,-12.819343,12.49604,-17.670328,10.218196,-15.991969,7.09611,-2.633483,99.38401442307692,1435.4787863808513,0.05445185614849188,0.0981408,hiphop
-215.9134,128.1926,14.49253,45.728355,-10.535572,19.925087,-13.987227,17.36265,-14.653515,11.167486,-11.3025875,6.950074,-4.735978,198.76802884615384,1553.936188422942,0.060216067285382834,0.08596508,hiphop
-51.40922,85.894135,-22.226965,37.31922,-8.888912,30.900187,-3.283799,31.439264,-2.5369513,17.39191,-4.3810844,7.6211443,-6.6763897,92.28515625,2371.0040932269903,0.09058806735788863,0.25749326,hiphop
-46.87268,78.652145,-19.195534,37.65132,-9.502732,30.87659,-3.1064034,31.391172,-1.158809,20.6944,-3.6830454,8.841024,-5.8528385,92.28515625,2532.1854324742776,0.09603733142401392,0.26475504,hiphop
-23.243635,78.682755,-35.967625,40.931335,-15.223939,13.402985,-16.10317,18.001793,-12.58648,12.778011,-2.8528283,9.2968855,-4.639557,92.28515625,2570.2820390744887,0.12343092916183294,0.27605423,hiphop
-153.46916,74.975075,4.7517533,37.687828,7.072401,31.80751,-4.415763,22.053429,-3.0087767,17.04292,-2.2449179,11.229644,-1.3379256,95.703125,2251.6541834174836,0.08842762108468677,0.19821715,hiphop
-144.63712,74.18572,3.0155382,35.731068,5.491358,30.950687,-5.2146416,21.242647,-3.187875,16.223492,-2.678886,10.671309,-1.4878951,95.703125,2409.4661092464753,0.09448298832656613,0.19302772,hiphop
-122.43456,66.08484,-19.330633,43.56554,-0.026021864,31.747381,-2.229992,16.011354,-5.100074,14.766555,-4.6156693,13.668474,-1.0417267,95.703125,2450.8269075297067,0.11634915168213457,0.20921938,hiphop
-22.940367,81.86434,-8.09338,52.12435,-13.4315605,31.705559,-20.867287,26.895918,-14.479154,14.25527,-10.488586,14.656465,-7.8143096,143.5546875,2736.5923648374137,0.1272284204611369,0.2469478,hiphop
-8.11382,83.80875,-8.396455,54.25417,-16.125944,33.766018,-19.77347,20.794521,-15.96169,14.575046,-10.923782,14.573925,-7.772487,69.83741554054055,2658.4502965659044,0.11939892691415313,0.26893553,hiphop
-4.4106073,80.78401,-9.447285,52.35443,-14.989688,30.850138,-18.839113,21.36165,-14.0851965,15.10522,-9.294516,13.165497,-9.021639,143.5546875,2731.090024881941,0.12629604118329466,0.2684803,hiphop
-82.18602,56.67341,9.405771,47.840885,-6.0507216,29.373505,-10.663854,23.348204,-6.5283446,17.878302,-8.22289,15.728547,-4.6626253,99.38401442307692,2946.524509317403,0.13229589617169374,0.25008586,hiphop
-45.195587,67.492386,4.709369,43.799606,-3.185705,27.416283,-12.7294035,25.032719,-7.2842975,15.232361,-8.614808,12.781372,-8.010948,99.38401442307692,2907.4752888319804,0.13257119163283063,0.2750841,hiphop
-51.532738,68.339066,-3.947094,44.2477,5.3183165,28.23693,-16.422731,22.741302,-6.3837185,16.611115,-5.368731,15.146247,-5.0308557,99.38401442307692,2718.8216386177164,0.11941592046113689,0.28532714,hiphop
-72.48665,103.56681,-14.625978,48.875122,-7.1684623,12.111287,-8.896987,19.827627,-13.619157,19.831057,-4.345213,17.902113,-1.5048977,123.046875,1932.8863715893262,0.07881607091067286,0.2575757,hiphop
-60.43781,101.5747,-0.87218046,45.45802,-9.073033,12.132789,-16.79931,20.641296,-12.393182,15.643838,-4.533391,14.730164,-0.66666526,123.046875,2092.151669219747,0.08025599079176333,0.26132473,hiphop
-42.97006,104.41006,-6.426137,40.512608,-9.87517,13.090043,-15.737309,19.69665,-13.526932,16.128477,-3.1309795,14.246678,0.69777316,123.046875,2109.7625250421406,0.07650608142401392,0.27216372,hiphop
-134.53354,50.505344,-8.220782,53.016285,-22.3727,23.244543,-15.264585,16.277538,-11.653859,16.551558,-12.993801,8.762074,-9.875565,172.265625,3091.74419027051,0.16837319641821347,0.14245145,hiphop
-110.97907,50.06794,-8.673925,57.97077,-13.383356,33.50406,-19.226902,17.200304,-12.268005,16.395185,-11.65271,11.948306,-10.731771,161.4990234375,3110.0096438294477,0.16306441234048724,0.16744094,hiphop
-89.140495,66.37743,-39.669456,31.987783,-39.862175,12.11603,-30.152308,5.350466,-24.862028,17.05583,-14.141859,9.20195,-16.822731,172.265625,3007.4913876520413,0.19858885585846867,0.11522869,hiphop
-102.65653,66.95437,-15.648492,46.422672,-14.247362,26.585348,-13.3232765,19.813213,-11.849662,16.993135,-8.176727,9.868087,-6.261236,103.359375,2856.871353183668,0.16372036325406034,0.15201539,hiphop
-84.006645,112.83945,10.325093,50.871113,-1.1214775,37.992165,-3.7293165,21.672478,-7.677661,17.487041,-3.1399956,12.77767,-0.8560209,103.359375,1763.8575866788299,0.05048669518561485,0.2713976,hiphop
-98.92295,103.09846,-2.6038637,51.632095,-4.806722,35.382553,-6.143176,21.729645,-7.302755,16.246042,-4.740505,9.952121,-3.5351272,103.359375,1981.7344229504986,0.08044971722737819,0.22235756,hiphop
-74.64461,92.73026,-39.091835,33.265125,-6.6148615,35.624756,-18.572548,17.312077,-6.3166656,18.950861,-9.825752,6.8832364,-11.118681,95.703125,2292.9096517362022,0.13221092843677495,0.1667008,hiphop
-64.87442,88.87389,-43.470528,46.331284,-20.399536,38.227043,-8.5860195,15.242838,-12.120099,18.253086,-7.179664,9.3784895,-7.6741576,129.19921875,2462.6281258554895,0.15118479009570765,0.1676453,hiphop
-63.599487,103.67395,-34.816204,34.052364,-10.544866,37.589478,-11.5902605,23.043215,-8.874146,17.475506,-5.5306687,13.589628,-8.106858,95.703125,2098.604687026385,0.09229082076566125,0.18025877,hiphop
-76.7087,104.24929,-5.243967,53.049015,-6.4535465,24.333036,-13.429002,21.69761,-14.915438,19.820269,-12.156008,7.4714713,-13.961916,135.99917763157896,2040.1507894371998,0.08208449644721577,0.2112022,hiphop
-79.753265,93.878006,-8.576091,51.045532,-9.852615,18.667656,-20.189224,15.951568,-12.995004,18.754892,-17.682135,4.403327,-15.412612,135.99917763157896,2311.0408384096186,0.11118764501160093,0.19234376,hiphop
-66.7431,116.25795,-11.920258,45.495823,-12.369141,21.936789,-15.954455,19.266472,-11.863469,17.397198,-15.489275,9.258537,-17.124445,198.76802884615384,1936.052914937949,0.08873916944605569,0.20701562,hiphop
-74.142235,112.01198,-23.549006,44.043926,-15.081398,24.047668,-18.663162,21.087267,-12.731896,17.932222,-6.0352626,13.036114,-7.775318,99.38401442307692,1989.3035688910863,0.08728565472737819,0.18728036,hiphop
-67.70057,116.518,-21.62214,41.872936,-21.453773,24.56532,-11.890088,20.232168,-10.31208,21.075172,-7.1754127,14.514566,-9.298643,129.19921875,1887.4899078925173,0.08074653784802784,0.20338695,hiphop
-59.64171,108.810905,-25.851204,46.954395,-20.144753,23.082117,-9.749932,19.172947,-9.000977,22.935604,-9.395453,15.792649,-11.198146,123.046875,2052.7303976789112,0.09319827617459396,0.20529108,hiphop
-71.991066,94.59459,-13.505861,47.532345,-14.447911,26.323408,-20.166008,30.189741,-13.518229,13.345611,-17.138103,14.43576,-13.950199,198.76802884615384,2434.015813486789,0.11443681119489559,0.15049455,hiphop
-168.03845,161.56596,-61.55246,20.558832,-0.39616376,-5.926827,-10.968434,7.2564087,-5.917586,2.4933078,-7.267789,7.7120404,-4.7199388,103.359375,1584.3498121666512,0.10239405089907193,0.1401385,hiphop
-149.01169,170.06935,-53.480186,34.87534,-6.912032,6.4634957,-3.5711975,10.941967,-8.118009,4.582948,-1.1098671,0.9886577,1.7779279,103.359375,1380.2256454922212,0.07245708562935035,0.11877296,hiphop
-42.972244,95.10762,-23.784672,71.08616,-11.973658,26.865257,-13.030853,26.096655,-14.95013,11.540678,-14.102,5.82308,-14.879124,135.99917763157896,2415.9518878648323,0.12222552022911833,0.19691578,hiphop
-53.468803,91.08947,-32.018982,75.94287,-9.409126,24.205238,-13.093211,24.406109,-14.404818,9.73071,-14.099613,7.743359,-14.074255,135.99917763157896,2443.838915583048,0.13340727414443154,0.17773318,hiphop
-57.800114,87.40132,-45.742397,63.03003,-17.685177,18.766748,-15.399036,21.115257,-15.033456,11.0545025,-12.459407,4.851105,-15.420139,135.99917763157896,2451.139429267912,0.14511242930684454,0.18044113,hiphop
-62.5917,94.45347,-18.918585,45.322506,-14.398331,22.73849,-22.261818,17.726904,-16.439148,13.035637,-10.273461,17.802948,-8.955947,99.38401442307692,2453.938409097807,0.11895822759570766,0.15474579,hiphop
-86.26867,94.54624,-13.358212,33.38371,-14.158138,34.316742,-20.966131,19.787262,-15.495604,18.280188,-5.437907,13.284344,-8.888362,198.76802884615384,2403.1762425987063,0.11728039805684455,0.14515164,hiphop
-99.21066,98.23929,-19.415884,45.7179,-11.085895,30.307388,-19.83446,19.587193,-14.575167,13.803704,-8.575046,12.265444,-9.93537,198.76802884615384,2329.497848465825,0.11100071599477958,0.120543145,hiphop
-97.77215,73.18646,-14.787411,50.80003,-9.956553,18.856964,-7.888667,21.424873,-9.005751,16.217718,-1.8703924,11.284204,-7.279068,99.38401442307692,2434.7505153355796,0.10414891785092807,0.21028477,hiphop
-85.22094,77.07343,-17.351633,53.80806,-11.191305,21.073866,-7.41013,18.108587,-8.6582985,13.714531,-3.963497,8.644072,-13.045194,99.38401442307692,2502.8261683556825,0.11791822252030162,0.204591,hiphop
-81.47989,82.17467,-25.371752,50.291878,-14.396748,26.830008,0.87943405,20.944315,-7.503696,14.011171,-5.757339,5.9558687,-14.183363,99.38401442307692,2364.3673935342845,0.10864201167343387,0.20739527,hiphop
-82.848335,100.932976,-5.0983925,48.08667,-9.214232,33.873417,-9.665148,17.914028,-12.476003,16.223906,-12.361285,11.573512,-10.566881,99.38401442307692,2073.717463951198,0.07280828560034802,0.18573014,hiphop
-68.90013,99.16039,-7.5269427,50.500458,-13.4679365,29.516731,-10.838978,17.410292,-12.955452,20.077822,-9.850351,12.122738,-11.585256,99.38401442307692,2173.3110181536003,0.09023233577436195,0.19664134,hiphop
-79.11279,95.34288,-2.7733893,49.72147,-8.526643,36.74411,-9.664413,17.830164,-11.578057,19.918028,-10.972282,11.16287,-9.585534,99.38401442307692,2187.889295659534,0.07744752392691415,0.19106804,hiphop
-104.927505,75.518875,-9.425433,53.787865,-11.524052,25.352781,-14.908458,21.501265,-15.169681,14.851742,-10.855419,11.214464,-13.543921,143.5546875,2550.422037836811,0.1262767818300464,0.17561765,hiphop
-102.37038,54.41156,-29.581112,55.579063,-9.320352,29.836319,-12.178775,22.621721,-11.499682,16.265493,-10.977068,15.82138,-12.472185,143.5546875,2997.5567723622016,0.18642374202436196,0.15490189,hiphop
-133.6723,75.8882,-8.472623,60.02203,-3.8765104,26.03827,-10.252237,18.041,-11.464887,15.32285,-11.340903,15.285524,-11.724952,135.99917763157896,2482.4677624567653,0.12380592009860789,0.16535652,hiphop
-75.90574,78.72863,-15.122711,39.88102,-6.581301,21.77578,-7.5771666,14.70496,-8.86225,12.706797,-8.08273,2.5015013,-10.952436,135.99917763157896,2733.6994038533503,0.13103497498549885,0.19074176,hiphop
-51.9556,91.423546,-8.554414,41.331623,-1.4275694,24.12576,-4.868814,18.020733,-5.7700186,14.322556,-5.832172,3.1976366,-9.421295,135.99917763157896,2403.7689512458774,0.08360711825696056,0.24960554,hiphop
-66.87127,95.27758,-8.076667,44.828865,-0.35635567,23.480574,-7.6231475,17.78736,-3.3704836,12.8482,-7.389539,3.9330556,-9.436153,99.38401442307692,2274.2310265113783,0.08547980713457076,0.2369541,hiphop
-131.21239,43.89366,-23.640453,74.99436,-3.447576,34.080353,-4.5622077,27.028639,-1.6407506,24.079508,-3.92243,15.263264,-3.6701174,117.45383522727273,2622.496930369096,0.0862309219112529,0.19768703,hiphop
-126.91437,49.97536,-23.011066,59.85938,-12.774982,31.416243,-9.996846,17.683641,-11.531413,19.097181,-8.314804,11.719236,-5.379552,117.45383522727273,2821.598966706703,0.12906372353538284,0.15815887,hiphop
-109.16536,58.643345,-37.231056,65.59772,-4.1542215,31.229612,-10.685721,23.18179,-8.149592,20.505537,-6.83551,14.390156,-0.68975407,117.45383522727273,2588.8916025083563,0.10808009171983758,0.17121719,hiphop
-28.491331,95.74101,-18.963747,47.00378,-16.133183,23.286306,-17.080471,24.598225,-16.945433,16.194944,-10.412132,13.018444,-11.164881,99.38401442307692,2389.99653655271,0.11900694243039443,0.24061567,hiphop
-22.002651,95.371376,-21.667732,54.462963,-11.307231,24.86326,-17.41521,25.750774,-14.019285,17.15819,-9.673253,14.746966,-10.136021,99.38401442307692,2395.9754457087743,0.11940345852668213,0.24528475,hiphop
-32.649532,92.19559,-21.246168,48.191006,-16.805117,23.529465,-18.472918,21.822884,-16.775314,16.064714,-11.928607,13.984347,-10.236884,99.38401442307692,2431.1278706300823,0.12028145845417633,0.23902726,hiphop
-82.30599,113.52864,-2.2990937,42.677788,-18.687185,21.66288,-11.098145,13.969456,-13.713871,19.46232,-9.310503,12.802639,-11.299293,99.38401442307692,1975.0311510429779,0.0695285310324826,0.18408495,hiphop
-110.92106,109.448654,5.0370774,32.93378,-11.685799,22.275898,-19.797197,13.724778,-14.740312,14.331378,-7.151895,11.426862,-8.20955,103.359375,2068.3899848029323,0.07913328378770301,0.17720602,hiphop
-109.07341,107.81259,0.24774113,40.833355,-13.210758,18.091612,-23.377016,10.143716,-14.060615,11.676932,-11.420706,10.089679,-9.097419,99.38401442307692,2033.6871850277166,0.07719941814095127,0.15878052,hiphop
-36.246956,99.00139,-26.28024,54.860996,-5.139389,27.613173,-16.60989,21.567747,-16.515284,13.256047,-10.928624,7.8358173,-17.167704,92.28515625,2285.604268074834,0.10894449680974477,0.20203899,hiphop
-45.20086,103.548546,-28.191742,48.763786,-18.0924,28.466059,-11.251224,19.396711,-15.635333,12.648559,-8.303606,9.910272,-14.457718,92.28515625,2198.7648542101606,0.10519232163573086,0.18647566,hiphop
-53.031178,101.56203,-24.703676,55.512547,-12.344165,25.074802,-12.326755,21.527704,-20.642551,10.037816,-13.092026,7.736734,-14.967261,95.703125,2235.39424294828,0.10533393452726218,0.18250042,hiphop
-57.638252,84.92035,-35.978004,40.744934,-13.183737,20.82477,-10.915619,13.261289,-12.44299,15.917819,-3.911578,7.6401434,-6.830965,103.359375,2563.3227792628686,0.14123903349767983,0.18753785,hiphop
-60.19942,88.2007,-40.075596,39.339466,-18.280697,21.351233,-11.632379,13.06295,-12.544396,17.327717,-3.9756267,9.509276,-6.637882,103.359375,2475.0532681364066,0.137717970562645,0.18012516,hiphop
-71.69279,86.172874,-38.24703,39.071835,-18.56044,21.539661,-14.626077,13.28415,-12.468897,17.011837,-4.3655953,9.7197695,-5.7412233,103.359375,2517.2432784340235,0.13683204031322505,0.16779432,hiphop
-51.61979,92.53212,-22.281662,54.771282,-9.792416,33.666836,-6.2217317,23.82532,-13.082892,20.33838,-5.059227,11.030552,-11.255865,107.666015625,2285.4608799756347,0.10566700804814386,0.24607158,hiphop
-33.651783,85.73544,-23.744907,50.56113,-14.071386,38.066444,-7.780292,28.157614,-12.405012,22.416756,-6.225871,10.79284,-13.075595,107.666015625,2504.6794359190594,0.12085017582656613,0.2518242,hiphop
-48.034847,101.927414,-20.759611,41.281887,-17.84625,31.544388,-4.9486003,25.6578,-11.543108,18.551184,-6.03285,13.778109,-10.390258,107.666015625,2125.2716408718707,0.09518538826856149,0.25602502,hiphop
-102.21842,26.955183,23.596567,46.08855,11.559414,5.190876,15.19386,5.0110593,6.6218743,3.6737561,-4.350854,9.559042,-0.6655768,103.359375,3611.7381671662215,0.16494956315255221,0.17401789,hiphop
-89.42066,30.001303,14.501773,41.34256,6.0841045,6.2162337,-5.497758,15.287964,-2.4663932,3.9794693,-1.7973728,5.2977905,-4.619847,103.359375,3532.997803805377,0.20146416400812064,0.156168,hiphop
-117.9589,35.020958,24.359447,49.924812,11.729589,14.396125,-4.892653,16.604795,-2.710687,7.2558665,-2.3159544,9.186862,1.0196351,103.359375,3236.2822436671886,0.15275839254640372,0.1612706,hiphop
-117.572136,67.014175,9.680125,21.278988,2.9041302,8.40911,-8.918023,6.561445,-4.006718,3.6681285,-0.9687118,2.7693505,2.3959253,92.28515625,2886.2577443859586,0.11170198303364269,0.1326639,hiphop
-107.67762,78.8747,-0.4067952,17.476456,1.6668203,10.28835,-7.108661,4.7036986,-5.129929,5.436982,-1.4875995,1.4007968,2.1137214,92.28515625,2571.0575811271237,0.10412965849767981,0.13524827,hiphop
-102.04018,84.95709,-1.4530585,18.475298,-2.88898,5.8124604,-8.117798,6.5954523,-3.7886655,1.8943995,-2.217936,3.7555354,2.2188551,92.28515625,2452.409012662861,0.09201325949825986,0.13660079,hiphop
-69.029465,70.67426,-9.016563,26.099272,16.261248,1.9633659,8.82223,10.630689,-11.125815,10.169151,-1.8484819,3.7632306,3.1258063,107.666015625,2757.7702018849373,0.12083431518271462,0.15794748,hiphop
-63.77192,67.01715,-10.139759,25.100035,14.906688,1.5806096,4.6873355,9.306559,-10.057531,10.544428,-2.5622797,4.939944,3.0586164,112.34714673913044,2842.1776235361967,0.13098172853828308,0.1560403,hiphop
-117.06326,65.41895,22.936848,37.790325,6.6100926,13.360009,5.1535306,4.3590636,6.86933,2.270219,0.9212794,4.070673,-0.41801527,172.265625,2725.017964947466,0.09114998731148492,0.14916316,hiphop
-76.97031,55.332108,-0.4284951,26.177862,6.834033,11.741591,4.913601,10.698176,2.18715,8.115835,-1.4180124,6.159539,0.45988834,123.046875,3124.8532495252603,0.1226344982598608,0.15915476,hiphop
-74.23301,60.40358,6.720513,23.64696,6.0704775,12.972061,7.860587,10.221929,3.7242746,10.416566,-0.19274552,7.788054,0.93418586,123.046875,3062.7893875086997,0.10781046077436195,0.17010133,hiphop
-66.47995,55.545635,11.747472,27.941803,7.115339,9.764805,2.5364265,9.399357,-3.067188,7.5219274,-3.452964,4.040469,-0.9509998,123.046875,3201.807613224394,0.11618714653422274,0.16944431,hiphop
-21.45882,42.720833,29.497847,29.603664,5.9566383,20.221403,0.33961293,5.285925,-3.1371162,4.955256,1.6816105,2.8059793,-3.4561114,89.10290948275862,3731.255462114864,0.17561471323955916,0.19423349,hiphop
-22.188732,47.46569,31.444456,22.851515,0.47179908,21.012114,3.8548827,8.6387,-0.36387447,4.5910654,0.27757296,2.5765572,-4.8139777,89.10290948275862,3678.6768847945023,0.16890566089037123,0.19422235,hiphop
-28.012997,41.068935,30.761719,27.006176,6.577448,24.498018,3.5034044,7.0405164,-0.97821975,4.1640496,-0.6987652,1.9975075,-3.9163153,89.10290948275862,3762.101600347906,0.17286629024071926,0.19274074,hiphop
-24.672619,68.25954,-12.173342,11.896941,9.682308,7.9506135,15.390981,1.6393734,6.2932553,9.850808,1.683545,6.041051,1.6178966,99.38401442307692,2906.924125448606,0.11975125978828306,0.20532,hiphop
-24.711767,59.44853,-4.6067033,6.1130366,1.7965752,7.2704463,19.540306,1.7662718,6.7266355,10.506644,-0.05456996,2.9326253,2.434393,99.38401442307692,3189.704043770626,0.14609352341937354,0.20954828,hiphop
-140.06364,93.617714,-0.50173676,32.938595,28.503328,10.052596,4.1696143,18.130438,-0.29803374,8.099749,7.09223,3.4376314,2.6361117,103.359375,2062.128371542664,0.07281168430974477,0.14106587,hiphop
-140.66454,107.23559,1.0076013,22.194618,19.469627,14.493664,4.9851227,15.816708,2.5512679,10.009053,6.5576205,4.5887685,-0.036154516,103.359375,1877.6259798714188,0.06674838674593968,0.14180456,hiphop
-33.887012,52.20638,5.727672,28.910606,17.752447,9.214799,-4.289994,15.244435,2.8273356,5.123686,2.676798,6.199957,1.9704418,198.76802884615384,3221.606808599183,0.17983024579466358,0.20600769,hiphop
-7.9462595,73.19211,-16.870876,47.82632,4.201696,8.435656,-2.9350288,12.836385,5.4733896,8.555894,-2.25875,3.610175,1.7518753,123.046875,2668.2216182399957,0.12833413391821347,0.25376937,hiphop
-54.01845,54.26164,3.0642197,23.800613,17.302965,10.701081,2.1613593,14.497918,1.1403099,6.7271843,3.028066,1.8328882,1.3316472,95.703125,3058.5821775016902,0.1473113942865429,0.1827417,hiphop
9.253225,58.11475,-4.57057,27.137852,-3.071774,15.846623,3.0059967,6.5968385,6.432897,9.587874,3.9810848,8.106958,2.3909812,198.76802884615384,3111.427638449569,0.15776015987529002,0.23610392,hiphop
9.4480095,56.09317,-4.548,28.18502,-2.7017205,17.00798,3.4831223,7.493815,8.104648,10.682074,4.6036863,8.922747,0.6392202,99.38401442307692,3148.6443797746624,0.16078387833526683,0.24382186,hiphop
-1.3621116,45.6303,-17.77027,25.478851,7.0204697,13.728588,-1.5742083,8.883495,0.41002762,5.5402904,1.6589967,8.524997,0.38504097,95.703125,3312.0114031786034,0.1880913754350348,0.20269339,hiphop
-105.573685,63.37963,13.967073,26.442997,12.684162,11.487914,0.82597065,18.818953,1.2010988,11.427725,-0.35659897,7.821168,3.9998941,143.5546875,2868.027964344881,0.10367536434164733,0.18458019,hiphop
-101.38177,68.73539,12.502917,26.791454,11.94735,12.317704,2.7602766,20.54138,1.1616482,12.530718,-3.1432085,6.6843834,4.3974032,143.5546875,2648.5571394734366,0.09173229952146171,0.20040171,hiphop
-96.090485,60.716892,11.231307,26.150684,12.597273,12.515671,3.7945306,16.128002,2.1547637,12.205059,-0.9988484,5.6874886,3.2120914,112.34714673913044,2959.0424113021713,0.11401876993909513,0.18812053,hiphop
-362.11035,60.85903,-14.954134,27.255592,5.9412146,11.74267,3.9239414,1.6691734,1.804294,4.9337063,0.45555466,1.2479371,3.2563426,75.99954044117646,2527.2420186752856,0.10699023890661252,0.03444384,hiphop
-182.31787,28.617632,-9.304416,32.975155,18.150293,15.548097,8.726509,11.679887,6.5510645,13.341208,6.275987,9.7548895,10.010907,117.45383522727273,3315.9364910079166,0.13250661615429235,0.111037605,hiphop
-124.09101,36.433056,-18.717024,41.492405,12.454257,14.116799,5.1888914,9.536366,7.5054255,13.305279,7.689954,8.576205,6.2687097,117.45383522727273,3034.0341962544935,0.12260730858468677,0.12172653,hiphop
-116.32126,36.19727,-16.81074,11.419472,-12.467928,-5.750575,-6.720292,-3.9666038,-6.8794537,-0.37873036,-3.5559857,-4.8951545,-6.005377,95.703125,3334.2332840623494,0.19610213348317865,0.14593738,hiphop
-93.99917,27.872965,13.522462,13.319648,-9.631668,-0.11652815,-2.2645538,-9.913564,-6.100474,-1.1585263,-5.019859,-3.2043598,-3.9517903,143.5546875,3988.7172312049665,0.22143158171403712,0.16147052,hiphop
-80.34222,27.963703,10.927463,13.384962,-10.638026,-0.48748577,-1.8773097,-8.868723,-3.0617087,-0.5546276,-3.856881,-1.2390906,-4.5382724,143.5546875,3988.7938325590467,0.21967105024651973,0.17104732,hiphop
-177.46162,51.485634,-8.801495,28.561073,8.3462925,3.1907284,2.1468549,3.7269406,-1.9397463,6.591187,2.3456345,2.4183533,-0.45503062,184.5703125,1964.0006688953665,0.08459387688515081,0.1622705,hiphop
-9.281555,81.2239,-21.62839,28.673937,5.970155,0.14210758,4.5861983,9.91314,-4.1859875,6.0856147,0.48669735,-1.1561629,-1.064028,184.5703125,2335.933008585054,0.10462020555394431,0.319535,hiphop
-6.7727075,83.77728,-17.88932,25.007967,2.3146322,2.171904,5.018512,11.822035,0.038460504,4.750165,-2.3973398,-2.1622295,-0.48113498,184.5703125,2305.7990759656495,0.10033216719837587,0.32523793,hiphop
-184.61989,67.284065,27.44341,2.9900165,-1.2277908,6.206314,0.78860587,-8.453865,-5.160928,-1.2078385,3.8155417,-3.8294344,-1.0188537,184.5703125,3036.823375685258,0.15300989704176335,0.11112367,hiphop
-102.977974,85.15061,30.699713,12.335069,4.3837614,4.4100575,8.642823,1.5962794,2.955025,2.5693514,3.9272518,1.8424462,-0.45097575,184.5703125,2471.2357413260215,0.09079312282482599,0.20550993,hiphop
-78.48702,78.22908,29.282635,14.856546,6.327623,4.8583827,5.53083,3.798876,5.637797,5.049681,1.7160388,5.4389687,-0.8799141,184.5703125,2611.0972096372343,0.09358006453016242,0.23149835,hiphop
-275.3718,112.16391,38.281258,19.651968,12.456043,-9.116235,4.9161916,-11.38959,-4.3069086,6.6248436,-3.6351428,9.751388,8.188151,80.74951171875,2058.6138478006783,0.10609411252900232,0.07187865,hiphop
-176.05075,94.70514,58.043507,14.578359,2.8565178,0.06342519,2.1778505,-7.8977404,-1.0027078,4.241533,0.8246055,9.97554,5.5218754,80.74951171875,2537.901644607524,0.0918841085411833,0.14347535,hiphop
-113.76843,88.840675,36.9907,7.852074,4.330658,-1.3776907,3.8627956,-9.875957,-6.368249,5.812568,-0.5443157,3.36334,4.2335653,161.4990234375,2692.975588259006,0.10620740284222738,0.17612799,hiphop
-108.299355,85.809494,-2.2738736,17.495522,-4.689424,-2.9222279,-3.077503,-1.5859873,0.619503,5.4739203,5.653149,3.9528286,3.9523394,172.265625,2464.3465171812327,0.11246782555104408,0.14888386,hiphop
-49.80912,63.211838,-2.3659534,35.015453,5.5503936,9.486384,5.8770695,8.9274645,11.880369,2.8983293,4.8369884,4.612679,1.8871189,92.28515625,2758.2371859550994,0.11926864305394431,0.21385738,hiphop
-72.074394,56.316277,1.5512305,38.51258,9.989167,9.146899,7.012503,1.4593878,4.1397257,5.649456,2.4661148,1.7732248,2.726531,92.28515625,2901.860417742323,0.12804524361948955,0.19486432,hiphop
-90.32039,53.060658,13.0165825,40.77836,5.110969,13.332519,4.869674,9.664593,2.3062265,11.871733,9.376298,2.15162,1.0708958,92.28515625,2832.514116954858,0.09893416473317865,0.22841944,hiphop
-68.30489,47.557056,4.971743,29.263489,12.833328,15.144971,9.043896,11.025447,4.002502,14.975602,11.011856,5.6492615,2.427614,129.19921875,2965.567248033015,0.10444120685904873,0.24502021,hiphop
-64.61136,46.06335,-5.829048,37.576126,19.513454,11.929569,13.136628,17.028137,1.2214154,9.546757,6.9783773,3.9629662,10.214575,92.28515625,2925.8890780069923,0.1037104843387471,0.27013966,hiphop
-182.04854,129.0353,-9.5521145,5.17867,9.567792,1.4272873,6.643184,5.5746017,3.6228132,6.7603717,2.3016512,6.067177,7.9310007,184.5703125,1801.3301775412015,0.07236532047563805,0.08727963,hiphop
-160.50897,111.98507,0.9029356,26.709143,17.470457,10.746672,10.181257,13.77754,11.17184,12.34832,8.675669,14.284437,8.966404,89.10290948275862,1718.2124933529064,0.047692956061484916,0.15439063,hiphop
-125.33539,101.002266,-4.0971465,23.42853,13.117453,12.570416,9.764117,13.779202,12.082552,11.413002,7.220633,8.913634,10.9110985,89.10290948275862,1986.7962910009267,0.0642582656612529,0.16461802,hiphop
-341.0967,47.1751,-36.917973,24.438251,-4.7131734,-14.52711,3.1455853,-9.949574,-15.048901,14.021993,-7.8401713,-6.6234727,6.114895,89.10290948275862,2951.8815231974313,0.18918349405452436,0.020470675,hiphop
-233.1507,80.086555,-27.180386,16.182247,-0.40381116,-11.414598,3.3687747,-8.497854,-9.906195,10.930272,-3.5992463,-10.538135,-2.0281398,117.45383522727273,2605.400428801725,0.14625892727668213,0.0335075,hiphop
-230.51782,106.83824,9.051317,16.981098,11.188339,3.4087777,7.501722,-4.51672,-6.423143,8.13537,2.742998,0.07516841,3.128716,117.45383522727273,2086.7347301640107,0.09412725674303944,0.06009185,hiphop
-184.61989,67.284065,27.44341,2.9900165,-1.2277908,6.206314,0.78860587,-8.453865,-5.160928,-1.2078385,3.8155417,-3.8294344,-1.0188537,184.5703125,3036.823375685258,0.15300989704176335,0.11112367,hiphop
-102.977974,85.15061,30.699713,12.335069,4.3837614,4.4100575,8.642823,1.5962794,2.955025,2.5693514,3.9272518,1.8424462,-0.45097575,184.5703125,2471.2357413260215,0.09079312282482599,0.20550993,hiphop
-78.48702,78.22908,29.282635,14.856546,6.327623,4.8583827,5.53083,3.798876,5.637797,5.049681,1.7160388,5.4389687,-0.8799141,184.5703125,2611.0972096372343,0.09358006453016242,0.23149835,hiphop
-102.30052,91.72819,21.917522,28.019846,15.088749,8.306528,1.17191,7.0355964,4.90508,-3.774922,-0.5034271,1.1853992,2.609085,95.703125,2273.0383596569704,0.08713951022331787,0.2307001,hiphop
-77.34622,89.47517,9.895078,24.925863,12.3480625,11.426063,-0.8502079,5.948234,-0.9185253,0.27998647,1.160466,4.853678,0.59279186,95.703125,2351.97472676042,0.10120676841647332,0.2151204,hiphop
-47.680965,91.87799,-2.2429078,22.390768,8.019741,10.835917,0.09971955,11.693586,0.9545034,4.978793,4.797983,10.450055,0.70540726,95.703125,2292.0966966164465,0.0857449064675174,0.23746751,hiphop
-75.965706,49.531235,33.45282,23.73589,15.647166,10.336794,3.8306134,5.158848,1.8753413,-3.0776298,1.975747,3.6375813,0.4491634,95.703125,3434.770615215704,0.13403490247969838,0.23285857,hiphop
-76.75835,54.452007,31.6633,25.57227,14.690275,9.451894,4.211789,3.9025714,1.465852,-3.4818435,1.8528985,2.7784595,-0.458232,95.703125,3202.2453965712907,0.11006607091067286,0.23292553,hiphop
-77.56997,54.42146,38.852314,29.225775,19.63772,14.255166,9.507226,11.69802,7.7147665,3.6859035,7.7981896,7.0834,1.9556801,99.38401442307692,3067.0688426042852,0.08352894794083526,0.27441573,hiphop
-154.73265,95.57445,25.76764,49.64718,15.05682,21.089636,6.420075,7.35543,2.4965634,2.126836,-1.3300226,0.4749295,-2.5191607,95.703125,1813.139345240502,0.05262448339617169,0.1842947,hiphop
-60.304207,73.790146,25.042942,42.45599,9.031533,17.048779,2.1808438,6.913493,0.49604326,2.2258053,-1.9929953,-0.38772735,-2.8740864,95.703125,2556.819797684433,0.08890570620649652,0.24425098,hiphop
-48.021374,68.89438,24.270197,43.397675,9.435514,16.334507,1.9127969,6.754577,0.77776295,2.7719307,-1.9837111,-0.15433617,-2.7200885,99.38401442307692,2663.9524481403537,0.09033769576566125,0.26160905,hiphop
-47.67645,41.022232,32.80951,53.75365,14.26691,15.17633,9.722138,11.004629,8.093935,0.48824465,-0.1944261,4.72461,5.9454017,129.19921875,3101.9924838590564,0.1079883265661253,0.28839028,hiphop
-44.20072,42.147022,30.89348,52.019043,12.341559,14.105192,8.546066,9.723655,9.62215,3.7856474,2.3614175,4.4996467,4.454172,135.99917763157896,3075.548139184912,0.11031417669663574,0.2904144,hiphop
-41.864834,41.8783,26.046047,49.783497,11.999511,11.892025,5.5589123,7.085623,7.4524136,1.431356,1.2674831,4.5041914,6.1679783,129.19921875,3074.176007281934,0.10742753951566125,0.28642324,hiphop
-104.2068,118.88128,29.134089,35.292286,21.938343,-1.815151,9.289238,-2.1990619,7.069593,-6.2312946,4.9923725,-0.69183564,-1.6781348,99.38401442307692,1630.415674703954,0.04371420026102088,0.27407494,hiphop
-115.59005,112.63542,14.433224,37.568127,28.300144,1.1374735,16.258095,0.15541221,6.34977,-4.3905096,8.074207,-1.0046369,1.6660008,99.38401442307692,1691.826130986192,0.043640561557424594,0.26651496,hiphop
-122.51229,98.909836,10.121727,40.926308,33.68137,4.8798127,21.14847,6.3067727,8.670413,0.6343115,11.635302,1.1670356,2.0002317,99.38401442307692,1729.0663027722235,0.03961535672853828,0.2795715,hiphop
-92.08706,80.78636,45.108196,43.042942,3.5316439,14.665495,-0.013658493,6.139404,-0.7690689,-1.6140519,-0.58763826,-1.6666095,-3.5984666,103.359375,2307.181631885769,0.07622512144721577,0.26196247,hiphop
-84.18967,63.20928,18.673866,54.525303,3.9435658,20.095627,2.3626306,9.579274,2.2865741,5.443672,-2.6689463,0.23275127,-4.1593566,107.666015625,2704.6916704809746,0.11771203415023201,0.23192392,hiphop
-59.989086,75.5199,1.7066339,50.0365,1.8656158,20.179451,3.1942239,9.431435,2.7094586,8.804816,-0.7172097,5.222194,-1.2457743,107.666015625,2486.277303382493,0.10422368945765662,0.23739581,hiphop
-159.4499,92.62611,30.08562,28.20095,7.3308997,16.443834,7.9201655,10.320367,6.327836,4.6935763,0.39367655,3.3373702,3.892414,103.359375,2229.4765489747524,0.06300754060324826,0.109518886,hiphop
-125.86313,75.83769,24.425596,23.806698,9.798851,15.562567,6.112761,9.340818,5.045364,5.6539435,2.1798007,3.154322,3.0113285,103.359375,2754.9734278082324,0.09116471505220418,0.10705115,hiphop
-154.36673,76.16895,41.427876,15.392733,-1.7664152,8.863366,5.404817,5.5333805,1.9409486,4.695578,2.9257445,2.0638547,6.6607614,103.359375,2804.6447514824386,0.09209596142691415,0.113036595,hiphop
-156.86533,61.894775,45.898712,30.266943,7.1855764,8.305901,12.839123,5.2596207,3.7950494,7.0826097,2.7950306,3.2642014,4.513881,107.666015625,3063.3255557804605,0.1047856094112529,0.10262722,hiphop
-137.45374,64.06354,39.75453,16.947844,5.748584,9.271784,12.511134,6.600417,2.9539146,6.2012568,4.3184147,2.7459607,2.90499,107.666015625,3228.6121316958297,0.12331990465487239,0.10813385,hiphop
-140.71529,74.03181,47.144726,20.420933,6.5860248,9.003303,10.333977,5.6437383,2.4123676,6.094841,3.6119914,1.6065887,4.0649924,107.666015625,2944.5769891586347,0.09240184527262181,0.11555253,hiphop
-101.07253,66.8971,25.63511,8.811664,14.270313,12.015934,6.476446,4.333466,6.182232,4.7151966,4.3982916,5.725621,4.3168893,112.34714673913044,3189.293367172494,0.12416051877900232,0.12511183,hiphop
-109.57856,59.16789,30.275122,10.120504,16.642662,14.881155,8.799592,5.2047405,6.9598527,5.406371,4.65429,4.068889,3.2914424,112.34714673913044,3396.083569166749,0.13593591393561485,0.121905185,hiphop
-103.743744,66.04327,30.475348,12.69837,14.608822,12.253088,8.732454,6.156484,7.1141553,5.3117986,4.326183,3.6157005,2.430301,112.34714673913044,3190.5555348793673,0.11822863797853829,0.12517944,hiphop
-158.32593,100.5671,-13.501414,46.964966,13.985462,14.954677,8.941295,9.689068,5.023937,5.9400654,0.8552334,4.334576,-1.5738953,107.666015625,1767.956129349178,0.07638939240139211,0.13302578,hiphop
-162.49739,109.68933,-12.154315,39.856968,13.088013,15.097035,5.477128,9.56716,8.5446205,6.1706505,2.3361647,3.3314912,-3.6113796,107.666015625,1656.8367407701621,0.06651954031322506,0.13275635,hiphop
-163.78214,102.03324,-7.132234,44.164555,14.770295,13.2948265,8.155724,9.246405,5.8052664,8.890725,0.88709056,5.6192064,-3.6241374,107.666015625,1780.0696580680515,0.07423914225638051,0.13504991,hiphop
-100.66745,72.03117,-1.9424136,44.019077,4.026713,25.051138,4.590341,15.999232,5.483134,11.971162,5.03998,10.021677,2.8100803,99.38401442307692,2375.5605470295786,0.07015615936774942,0.16399403,hiphop
-104.00968,71.430984,-1.2384343,46.967117,7.6018376,23.633224,3.0438597,13.909241,5.422142,14.774668,5.315096,9.838775,2.8272288,99.38401442307692,2360.2260063193044,0.06907423687645012,0.16569136,hiphop
-98.949066,73.78538,-3.806719,47.131348,5.011044,24.007612,2.996781,13.686347,6.080539,13.809878,4.5803447,9.878533,3.2279067,99.38401442307692,2329.2149013247267,0.07089367930684455,0.16915058,hiphop
-118.52665,91.934525,0.760148,53.95156,17.88726,15.800473,11.703895,13.783701,8.613643,9.502049,7.9151034,5.5333514,-0.07270146,89.10290948275862,1734.9260362107416,0.0490252501450116,0.22422443,hiphop
-106.338165,85.59736,-2.4023528,51.641613,17.44636,17.891539,17.487778,15.095457,7.02733,8.668907,6.6111016,3.188428,0.100139715,54.978390957446805,1901.2010223568357,0.05462405742459397,0.22340682,hiphop
-116.05553,83.66611,-0.35744566,51.099335,22.79595,25.416256,17.002657,12.202048,5.178163,9.030816,9.363776,4.516421,-0.48597813,89.10290948275862,1798.197384561025,0.0501944061774942,0.22602825,hiphop
-117.64221,63.4627,-15.128921,43.28357,7.0303373,22.19985,8.1032095,9.493423,0.791038,5.3531446,-2.3233023,-1.072809,-2.0966823,184.5703125,2617.0667205180303,0.127907029437355,0.1261383,hiphop
-108.038086,67.298645,-15.040496,43.727234,4.618708,24.632816,9.0375185,11.652125,1.2018867,4.7903066,-1.5045282,-1.1937562,-2.121296,172.265625,2549.975653795184,0.1249059690400232,0.13378844,hiphop
-104.101746,58.576992,-11.2464695,42.047764,6.8102818,22.699379,6.981321,10.858614,0.96211785,5.836368,-1.6544526,-1.9617789,-1.3331505,172.265625,2861.9090676806877,0.15489164914443154,0.1307766,hiphop
-124.280174,84.68774,-2.7341359,48.769123,15.337264,12.190744,11.294843,8.64512,7.6058655,13.274205,1.0930113,4.8518195,1.2855424,92.28515625,2205.0724135037244,0.08196214290893271,0.14706852,hiphop
-132.58879,98.25801,-4.475857,48.4934,11.605121,17.49741,11.5149,10.981266,7.258738,10.568434,3.340578,5.02619,0.34958354,92.28515625,1856.8775158349172,0.05430911035382831,0.1536078,hiphop
-143.02914,98.945076,0.5437075,53.288097,10.657026,15.361618,11.697297,11.09171,8.987974,8.592955,1.4758799,5.698765,1.6046262,184.5703125,1784.7813872614458,0.05243982018561485,0.15256482,hiphop
-158.0568,94.61645,-9.483459,57.51691,7.5182405,21.237465,15.359364,14.517576,8.926705,13.679247,8.204933,6.9803443,2.794328,184.5703125,1641.7612913106757,0.04179166364559165,0.18666229,hiphop
-160.7855,89.79134,-13.912864,58.841805,9.3909445,19.130169,12.256199,11.067847,9.069079,14.750934,6.02027,8.035538,3.8207626,184.5703125,1696.723264851102,0.050399461644431556,0.18240184,hiphop
-141.76639,94.086464,-24.289167,57.470684,8.731992,15.0829735,12.168306,7.9442043,4.78335,10.529593,2.632963,6.0609684,2.037339,184.5703125,1814.800753486494,0.06908216719837587,0.17072302,hiphop
-140.28639,93.463974,-10.214519,41.9196,24.359566,23.164797,10.434367,8.995703,6.0274887,3.731325,6.7295537,2.7142832,1.0795852,184.5703125,1806.780818971573,0.0669013286687935,0.15320621,hiphop
-124.150185,99.10735,-12.841484,36.62321,18.425943,21.258673,7.263862,10.600725,9.1501665,7.302462,6.988109,3.8833916,2.3745317,184.5703125,1764.1203850513155,0.06491988109048724,0.15588719,hiphop
-117.53979,94.93319,-15.320886,35.24472,18.918888,25.132793,7.0960736,9.226741,10.875451,5.5202975,6.3170805,5.430418,1.7145758,184.5703125,1863.040354326263,0.0696361568300464,0.15689784,hiphop
-143.60089,71.5199,8.547874,21.327211,10.388043,17.163456,8.810763,7.3376017,-2.1541717,-1.4376433,1.0707407,3.5051496,-0.33322328,92.28515625,2474.194732424774,0.11081265407482599,0.19401962,hiphop
-141.8107,77.19062,5.300051,24.374992,15.34371,13.23563,9.512472,6.0676203,0.18554765,0.79873013,1.8782154,2.8235412,0.9881924,92.28515625,2369.9654360199124,0.10173130256670533,0.21002737,hiphop
-146.59561,71.78623,-0.017718323,26.221838,12.93365,11.499544,7.5904613,7.1864,-1.6252213,-1.8735894,0.5970602,1.4032232,-3.9809418,92.28515625,2497.637098505435,0.11553572723317865,0.16776118,hiphop
-98.95525,59.10474,-7.967828,25.398632,2.6118543,10.028126,-7.1194487,1.3802239,-1.6331855,0.0051033036,2.8158572,-0.70296556,-0.7693885,92.28515625,2961.8016147683193,0.14648324209686775,0.17385371,hiphop
-91.89409,78.030365,-11.307166,35.45067,6.344348,-1.8911473,-10.510003,-7.5675015,-7.0991354,-6.4867735,-2.7616527,-2.5858476,-1.2227287,46.98153409090909,2503.18186762193,0.10670814602668213,0.199387,hiphop
-106.07896,76.60566,-11.177369,34.44081,6.2138968,-2.23551,-9.148524,-6.5673537,-9.178494,-6.2720532,-1.9984616,-2.3440404,0.3837094,92.28515625,2545.310377451448,0.11276124746229699,0.18588164,hiphop
-75.86659,69.38683,7.141435,42.57831,2.25516,8.629824,-4.566747,1.8699685,-2.599237,-5.0674615,-2.7613738,-1.9917078,-4.2948956,172.265625,2552.3705694258456,0.0963794681699536,0.22875662,hiphop
-77.86921,70.70467,12.382287,52.074284,4.634844,13.351339,-1.643875,6.6731925,-0.5590274,-2.7885804,-2.735005,0.7701221,-3.2511215,172.265625,2402.9782043396885,0.07401935904872389,0.24405843,hiphop
-93.44705,69.988686,12.4296875,51.701267,7.002364,17.742886,0.7820204,6.773604,-0.10720464,-0.5312444,-2.1666362,1.9117996,-1.8903565,86.1328125,2333.815901804197,0.06859388594837587,0.23422544,hiphop
-122.09152,76.24335,38.137512,28.788559,13.579958,9.862414,2.4220293,7.3047295,-2.2571785,-3.5306354,2.7322512,3.3279142,-1.5554646,95.703125,2573.631321043385,0.09497806699535963,0.21472664,hiphop
-148.3773,78.72274,44.63614,27.511791,9.129581,11.1967125,5.1698923,9.752815,0.536568,0.51320434,5.822869,5.3663416,-2.2767894,95.703125,2445.2438840191626,0.08707833345417633,0.1941766,hiphop
-150.01222,76.26061,43.082077,37.598293,13.937525,9.567116,3.6367097,7.9377947,-2.9187434,-2.313846,2.3112893,5.125589,-3.7838604,95.703125,2322.4195550340005,0.08346097375290024,0.21045193,hiphop
-103.45822,93.08926,11.150326,33.863144,-4.7968206,3.2351265,-1.2914687,6.7876854,-2.6800234,2.8446984,-1.6258794,0.17213403,-5.382778,92.28515625,2172.393371163345,0.0829069841212297,0.2016993,hiphop
-91.41883,91.001526,17.167604,34.296257,-4.251751,2.5392873,1.9788209,7.470834,-0.69007593,5.1067367,-0.4130794,-0.16995059,-2.0482476,92.28515625,2251.9757404512934,0.07342118619489559,0.21267653,hiphop
-140.96034,83.35914,11.133824,40.97252,-0.88646144,5.9389896,1.0027802,4.803157,-3.18886,1.0047375,-2.8529005,-1.0282403,-2.9758296,92.28515625,2311.0220838554415,0.081538437137471,0.15444912,hiphop
-70.458565,52.73956,15.734184,25.494211,13.298362,5.1700134,4.0048866,2.7427335,4.433584,0.6203375,1.6230133,2.1450007,4.080494,95.703125,3228.4519105058275,0.14331904364849188,0.22712074,hiphop
-74.15119,58.632786,14.28457,23.435514,14.240552,5.8881373,2.8245468,5.585593,4.738733,0.10968595,0.6170904,3.2508414,4.048933,95.703125,3003.1364176489883,0.11258791328306264,0.22837822,hiphop
-79.759155,64.94402,-0.13663152,15.763975,17.61147,3.6522243,-0.029260056,8.064595,0.18309782,1.1390887,5.197386,7.287379,2.353723,198.76802884615384,2928.3248185327075,0.12357933947215777,0.19779497,hiphop
-55.892868,74.16087,22.815313,41.73629,10.011235,16.768894,0.8529739,6.46155,1.2036594,1.4271656,-2.4463792,1.5357525,-2.6923006,198.76802884615384,2539.7009217761793,0.0928606710411833,0.24550676,hiphop
-47.59047,72.99849,20.983763,41.881317,9.58084,15.461649,-1.3934474,7.184166,1.4092213,0.6416745,-2.8967664,1.5017655,-2.1370978,184.5703125,2582.1075064606375,0.09578695983178655,0.2534977,hiphop
-94.82668,77.811775,18.199495,34.13478,4.801504,13.099181,-0.61188436,3.0784237,1.7401825,-4.0396614,0.6768161,1.3714172,-2.4227984,95.703125,2508.323058396799,0.09813660092807425,0.18609463,hiphop
-60.18417,35.315723,41.899906,50.065556,8.50653,18.881874,11.003473,5.2640343,-0.46258622,1.4016014,3.3607068,4.337137,3.589509,135.99917763157896,3304.5623238405196,0.12462274325696056,0.27859595,hiphop
-61.032246,33.139317,35.984283,47.62326,11.662696,13.430531,6.7393703,0.5417855,3.8579602,0.0383863,0.07969924,1.1259737,1.7837579,129.19921875,3436.635563107179,0.13258252066415313,0.25046077,hiphop
-56.672012,40.25017,41.61166,52.207783,10.300449,18.375708,11.583296,7.521889,3.8462198,3.6323066,3.6943574,6.286678,4.243831,129.19921875,3155.644551534889,0.10470970490139211,0.28536877,hiphop
-64.39168,73.80736,48.197315,28.483864,14.916696,18.827734,10.37984,6.693437,1.3414488,-0.2600186,1.7798548,2.0283434,-1.8548152,95.703125,2694.6668731370796,0.0752802802349188,0.28344417,hiphop
-75.39122,79.8167,53.71098,24.11128,15.713223,19.926012,7.560565,5.9756403,0.57006806,2.2186337,0.8129158,1.447069,-0.4525466,95.703125,2580.796470358782,0.07121995540893271,0.28452003,hiphop
-105.37215,93.38185,58.791374,23.931786,16.498133,18.768883,7.3285947,6.4772596,-1.240828,-1.4364308,1.0678911,1.183973,0.19530895,95.703125,2227.2226876475574,0.06093772658062645,0.26775607,hiphop
-86.69074,45.256092,43.377934,28.331802,21.423382,6.54939,7.615267,7.7481623,-3.4669344,3.9088533,3.3530686,4.879944,3.5046046,95.703125,3369.1326773471515,0.12360426334106729,0.23924735,hiphop
-68.14045,54.467617,41.357307,30.495903,21.174217,7.235339,8.78187,7.574726,-4.880119,3.6822138,4.4268208,4.773789,3.533829,95.703125,3071.7727305597614,0.0913935614849188,0.259066,hiphop
-81.457504,54.709923,41.864048,31.396603,17.757435,7.2400312,7.71135,5.3220205,-5.5284133,3.358628,3.1398182,3.2992468,0.7288292,95.703125,3119.1723262577493,0.10661864667923433,0.24196821,hiphop
-135.63269,98.56094,25.745554,41.952805,30.083033,3.2186599,18.313568,4.82267,12.57075,0.8041665,8.351041,-0.18744166,1.5044043,99.38401442307692,1728.7917299894725,0.0364194369924594,0.27447355,hiphop
-103.55665,110.11201,24.567507,36.151,22.505606,5.8103266,13.5225315,-4.353054,5.0465555,-2.9431968,7.4734335,0.8001186,-4.687771,99.38401442307692,1742.0269501954165,0.04640824390951276,0.2680393,hiphop
-114.72459,98.12708,12.004128,32.87609,20.576378,14.406966,15.885467,-5.2531195,2.6592858,-0.18144049,9.880403,3.8382201,-9.444476,99.38401442307692,1989.4111410092223,0.07116557605858469,0.21532424,hiphop
-90.40008,61.249565,41.50029,35.217644,13.907043,9.3096285,-0.82959324,-0.35631528,-0.21828353,-1.0730906,0.7425296,-0.62984407,-0.99972486,184.5703125,2946.4751754615163,0.1237186865574246,0.27104312,hiphop
-75.19274,74.202034,41.993412,41.258675,14.296815,11.287107,-2.3413582,-1.9121312,0.42407176,-0.066497095,1.0754001,-1.7306558,-1.8450952,92.28515625,2452.2476176473324,0.07467191125290024,0.29027537,hiphop
-69.200775,75.216156,54.188396,49.64398,17.024963,11.444288,1.1410534,0.44967106,0.9020598,0.04030779,1.4799162,0.2792772,0.40636662,92.28515625,2301.1120485072915,0.05816437971287703,0.33857092,hiphop
-64.8129,64.92607,23.963104,53.118954,-4.6805425,13.058761,-4.470356,11.90579,-0.52064776,9.551452,0.10970299,5.0797234,3.2417696,99.38401442307692,2723.2176296391003,0.10903059744779582,0.2136201,hiphop
-76.309746,60.72707,25.406973,53.802402,1.6543121,13.403309,-4.238956,13.294064,1.0665346,8.200651,-2.8426437,2.4679422,0.54528147,99.38401442307692,2781.023877927922,0.1078138594837587,0.20613126,hiphop
-65.307144,61.6453,23.398134,54.423805,-2.6400285,12.01487,-4.4516277,11.744074,-1.245869,9.387995,-0.24640515,4.226548,1.9560981,99.38401442307692,2819.662960683348,0.11491829502610208,0.20455016,hiphop
-97.83329,56.255165,23.718275,33.830383,1.0243294,3.6907277,1.0989671,6.7124176,7.6111593,0.2950242,-1.1214303,4.9485245,4.9137344,92.28515625,2975.839370562688,0.11954960303074245,0.19823194,hiphop
-91.31014,44.7263,14.419299,28.376568,5.251924,4.280624,-3.9139736,3.0374396,10.938649,4.7277365,-2.594186,3.579953,3.6404052,92.28515625,3307.509991303282,0.16821912159222738,0.19294472,hiphop
-94.37938,54.327507,14.43862,24.480392,-0.20132117,3.1721122,-2.6505272,3.3527927,7.760589,1.31196,-0.41792727,5.460439,3.63401,92.28515625,3133.430623525747,0.1518260132685615,0.18280907,hiphop
-105.21452,94.491425,3.087554,11.764401,8.873319,-9.385998,2.4994905,-0.31065664,-4.1178904,5.894757,-0.32602715,2.808861,3.793263,95.703125,2226.536862050511,0.08933281068735499,0.24103521,hiphop
-105.298256,87.84156,5.6761017,16.414354,9.101272,-9.19945,1.518813,2.3235638,-5.68211,2.8009932,-0.9202262,1.0672458,4.0698853,95.703125,2371.8677350271,0.10181513739849188,0.23978713,hiphop
-123.333855,87.375656,4.5211306,15.506222,11.863337,-9.792554,4.6666136,-2.5330112,0.5530148,1.1427481,-3.1976016,0.82928425,-0.67573905,99.38401442307692,2388.085298869471,0.09780919192285382,0.2301294,hiphop
-17.196915,77.545044,5.3195286,19.73808,2.5924141,4.8052473,-0.20412429,-5.419692,-0.5906087,-2.8504884,-2.3696225,-0.0495233,-2.1971948,117.45383522727273,2810.772687773108,0.13344919156032484,0.240988,hiphop
-32.298195,82.6703,7.048303,14.684291,-9.08336,-3.3693821,-1.0569203,-6.2031684,-2.4759836,-4.5802355,0.89184904,-1.2003496,-3.4410913,161.4990234375,2703.5761361768273,0.12912829901392112,0.23518902,hiphop
-28.209896,52.677586,16.32952,18.105116,1.6480416,-3.048733,2.0430489,-2.308974,1.340544,-1.8181053,-5.748102,2.3749442,-0.87562835,117.45383522727273,3442.535575002849,0.14995785600348027,0.23851418,hiphop
-105.21452,94.491425,3.087554,11.764401,8.873319,-9.385998,2.4994905,-0.31065664,-4.1178904,5.894757,-0.32602715,2.808861,3.793263,95.703125,2226.536862050511,0.08933281068735499,0.24103521,hiphop
-105.298256,87.84156,5.6761017,16.414354,9.101272,-9.19945,1.518813,2.3235638,-5.68211,2.8009932,-0.9202262,1.0672458,4.0698853,95.703125,2371.8677350271,0.10181513739849188,0.23978713,hiphop
-123.333855,87.375656,4.5211306,15.506222,11.863337,-9.792554,4.6666136,-2.5330112,0.5530148,1.1427481,-3.1976016,0.82928425,-0.67573905,99.38401442307692,2388.085298869471,0.09780919192285382,0.2301294,hiphop
-85.94767,55.550217,-11.49297,23.622507,16.278486,-18.151535,3.3134181,1.9887534,-6.0390954,0.49339652,-5.2484508,1.0563533,2.3624778,103.359375,3259.7464894089167,0.18255487782772623,0.16246806,hiphop
-75.561676,66.63617,-3.7046938,15.46573,9.500272,-12.133601,7.283876,0.93710333,-5.197422,1.6660525,-2.094831,1.8486297,4.3145804,103.359375,3127.8497439312127,0.15855092626160092,0.15505561,hiphop
-78.0465,64.867905,-0.1844283,15.597778,12.913858,-12.130771,4.1455646,2.0251346,-6.2400317,0.30426195,-4.0643353,3.110938,3.6934812,103.359375,3250.230864638576,0.17520800101508122,0.1462219,hiphop
-60.15733,49.691936,4.8113465,28.935219,4.464283,-0.8418197,2.4898565,1.0737085,-0.50991994,0.47582164,-0.18021685,-4.848876,1.0629262,95.703125,3368.5884659325015,0.154753434962297,0.14560343,hiphop
-62.236404,52.640255,3.5483532,29.487185,5.5064836,-0.074984595,2.2186592,5.275731,-0.61747783,-1.1252674,-0.73919183,-5.9292,1.2112194,117.45383522727273,3287.566335640164,0.15926125652552203,0.14154263,hiphop
-69.682686,50.14439,11.516461,25.073544,9.9241905,1.7826778,3.7225642,3.3176615,1.6402664,2.4884708,1.2223128,-4.380686,5.784556,95.703125,3475.799535774965,0.15033171403712298,0.13640784,hiphop
-233.26122,121.86814,7.1859293,39.15642,10.957647,26.239048,-2.5226247,19.535238,-5.687977,15.794235,-4.9050384,7.118837,-2.462012,103.359375,1420.1813396139712,0.04845426696635731,0.08332828,hiphop
-202.23834,127.64959,-1.6404029,37.783897,6.252805,25.633194,-3.5322948,16.511997,-7.7490144,12.918885,-4.7941284,10.625888,-4.188084,198.76802884615384,1457.7637521560112,0.05074386419663573,0.08957647,hiphop
-213.0848,118.49566,-3.1069636,41.366848,10.356661,26.53045,-6.273066,18.93779,-6.270745,13.2150545,0.30810833,8.986335,-6.593961,103.359375,1531.1007465174605,0.055879314095127613,0.08598549,hiphop
-125.34134,99.45755,-25.917036,46.7893,-18.359411,25.351727,-14.346703,18.73179,-7.28398,12.923537,-7.2049274,16.074312,-6.7596216,103.359375,2221.2427661328115,0.10941125290023201,0.102078885,hiphop
-122.50907,96.04538,-28.377108,45.83244,-17.243185,27.529335,-13.02494,19.838001,-5.3268147,16.769814,-6.585964,15.827745,-6.337318,107.666015625,2282.649751133555,0.1099641096287703,0.10267308,hiphop
-121.01943,90.38275,-34.379707,48.375145,-13.0175495,29.078045,-12.600044,22.797432,-4.1161594,17.284895,-7.476021,15.563096,-7.534693,107.666015625,2366.560714324358,0.1198147023636891,0.1016629,hiphop
-116.98265,92.14235,-25.683064,42.80283,-1.9064962,27.599827,-13.144646,24.239109,-11.872462,18.023739,-9.207047,20.043524,-8.099208,103.359375,2292.921845603923,0.10184232707366589,0.120009616,hiphop
-132.32697,87.16845,-22.15103,42.668674,-4.7465744,28.532053,-17.86526,21.077713,-9.649674,21.359808,-7.604203,18.184175,-8.637648,103.359375,2401.083847308451,0.111332656612529,0.10440766,hiphop
-117.19145,89.99461,-29.88967,37.84072,-6.6666174,26.996708,-16.038162,22.34445,-11.390022,20.42905,-9.542521,19.44397,-9.047283,103.359375,2409.027196840974,0.11842123151102088,0.10704572,hiphop
-230.65501,117.94593,-33.697186,38.84543,-2.0006678,5.84161,-14.143527,8.46533,-12.181421,6.4130945,-5.8452973,5.5933394,-1.0612445,112.34714673913044,1781.721207255966,0.08810814240139211,0.0631694,hiphop
-196.79684,80.002975,-35.5775,58.097103,-15.4404,17.49136,-20.18193,15.729848,-12.404938,10.369413,-9.098839,6.724551,1.0820653,112.34714673913044,2372.551272458857,0.1297661234773782,0.06672132,hiphop
-215.56764,102.9619,-31.065119,44.68516,-9.406722,15.5155325,-17.512415,8.960188,-10.47018,9.541813,-8.480071,6.45431,-0.26942596,112.34714673913044,1979.1986817166376,0.09688247716067286,0.06742858,hiphop
-110.30142,81.04794,-18.537346,52.681164,-16.847248,27.808306,-19.041948,20.85283,-17.477365,15.382919,-10.600145,16.13347,-5.8170342,112.34714673913044,2585.343477698192,0.1261442321635731,0.11067707,hiphop
-118.64565,80.14747,-19.029558,51.31545,-12.27426,29.873796,-20.455969,17.689667,-17.769678,17.936968,-11.173926,15.712818,-4.0627923,215.33203125,2615.857645728879,0.1274074191560325,0.10238964,hiphop
-114.27353,81.46811,-17.080263,48.072384,-15.770611,30.168291,-20.783476,17.271235,-17.855963,16.810799,-12.539532,17.10881,-3.6179247,112.34714673913044,2624.2251288134726,0.12739722302784223,0.10523709,hiphop
-217.19511,94.58222,-16.190336,41.52797,0.52620107,35.81068,-4.326376,23.01245,-4.7614503,9.596711,-0.53349936,18.544111,0.0076704975,99.38401442307692,2000.703478596084,0.0709888431699536,0.07537439,hiphop
-209.95479,95.52463,-20.68034,38.509037,2.2259245,35.007576,-5.962414,26.71611,-1.3433096,13.26582,-2.695594,15.312876,-2.2166157,99.38401442307692,1979.724252607373,0.0732421875,0.07774104,hiphop
-170.2364,88.20505,-22.090464,38.90815,-5.02323,30.262547,-9.477141,33.129433,-1.4290543,22.418818,-6.025921,11.152718,-8.185678,99.38401442307692,2269.5214720053696,0.09491575732308585,0.08389443,hiphop
-157.90211,71.503944,-9.65995,56.48021,-9.90259,30.61933,-3.699929,28.21762,-9.383956,19.318567,-6.685809,14.49344,-4.2169027,99.38401442307692,2496.0661988242914,0.09223077689965198,0.107957594,hiphop
-164.54536,71.27409,-5.695316,55.421085,-11.123083,30.118818,-1.7912581,28.9984,-8.4119625,19.077354,-6.353586,13.897498,-3.5755434,135.99917763157896,2453.9439100413815,0.08762779147331787,0.10992918,hiphop
-182.99689,70.2444,6.2187467,52.387424,-15.158457,30.60672,1.0425453,29.10429,-8.875122,17.660654,-6.562003,15.284343,-2.7626574,135.99917763157896,2455.281137152011,0.08303386927204176,0.10579358,hiphop
-96.80757,83.05367,-20.29997,49.032764,-11.822478,37.205196,-19.33002,24.47189,-10.967472,20.05305,-16.778479,14.269055,-8.506275,117.45383522727273,2588.6070494938917,0.1301649053799304,0.123181514,hiphop
-99.765854,78.80586,-20.945312,45.894485,-12.720645,28.899282,-21.918106,25.276283,-13.106788,17.691248,-17.287497,11.443584,-9.055938,117.45383522727273,2702.8542686063606,0.14516114414153133,0.11807766,hiphop
-73.5751,78.03463,-36.59845,48.750504,-6.1422405,29.093859,-25.868067,30.81421,-9.36716,19.305141,-13.199851,18.04205,-13.079233,117.45383522727273,2793.782467631594,0.1733602360063805,0.114042595,hiphop
-108.9741,76.68493,-20.1353,53.293694,-6.91946,30.134775,-16.832823,17.886421,-7.185772,23.335598,-6.6870203,16.801018,0.5397361,123.046875,2580.3497845937486,0.11277257649361949,0.11941306,hiphop
-107.300644,74.618744,-17.924994,51.349728,-5.6954155,34.093216,-16.003231,18.418844,-9.836047,21.384102,-7.635723,18.266432,-0.29498023,123.046875,2665.7549669565365,0.11121936629930394,0.12223207,hiphop
-94.003334,71.805016,-30.148045,51.005405,-9.500035,34.646328,-13.018722,23.42515,-5.0420203,22.898424,-8.458811,18.579948,-1.1545609,129.19921875,2766.0141843460297,0.12786851073085848,0.12022585,hiphop
-107.84552,96.50796,-21.568563,37.013084,-7.1625137,28.796648,-11.741435,24.989483,-9.789917,20.323467,-10.352685,19.778002,-4.3224764,151.99908088235293,2309.738566791723,0.10694605568445475,0.107701086,hiphop
-111.8925,97.26913,-21.15426,38.234177,-0.67332095,28.875715,-15.819461,23.883034,-7.2138534,20.339241,-11.9443,15.86189,-3.3680701,112.34714673913044,2249.970941381356,0.10312930503190255,0.109614305,hiphop
-109.163536,98.69385,-19.491453,37.187714,-1.8605609,28.464056,-15.354517,23.020794,-9.51451,19.400564,-11.908321,18.498837,-3.0400712,117.45383522727273,2260.55887359551,0.1027316560324826,0.10975898,hiphop
-98.01959,75.56186,-24.769848,53.208035,-14.720603,27.096825,-18.783445,23.131168,-12.32382,20.252796,-8.804104,16.421457,-5.8986635,103.359375,2692.4280315317037,0.14626799050174014,0.1215088,hiphop
-95.70612,74.16108,-23.261606,55.774513,-7.534848,31.915728,-13.870643,26.182188,-10.328918,19.752687,-9.887805,16.158627,-6.491111,103.359375,2675.9856069532716,0.13566061847447797,0.12264894,hiphop
-124.46893,82.29175,-28.243238,58.563625,-4.440468,29.578295,-16.42043,31.380804,-4.5823607,23.035093,-7.4024515,10.757992,-8.85651,99.38401442307692,2518.671338039859,0.13285668322215777,0.096140414,hiphop
-154.4061,84.21217,10.256255,45.58262,10.583488,37.211533,-13.974782,24.982653,-10.86415,23.97252,-10.054248,19.418407,-1.6383431,112.34714673913044,2250.946447429613,0.06700895446635731,0.12251542,hiphop
-138.60443,84.24065,7.51647,42.158207,3.173415,35.259758,-15.960402,26.733232,-11.041213,24.253374,-7.529673,20.319056,-4.5098677,112.34714673913044,2375.9218276798238,0.07898260767111369,0.121162735,hiphop
-142.19408,84.300415,14.447358,43.321728,4.6902733,36.166336,-14.346801,28.978891,-9.398225,26.190922,-8.867025,16.946049,-7.342609,112.34714673913044,2361.86575051453,0.07157342118619489,0.12344684,hiphop
-173.69113,48.954376,3.718097,65.465,-2.277971,43.22974,-14.629465,25.305874,-3.9838822,16.46771,-6.8441963,17.707214,-8.224915,117.45383522727273,3090.777628126697,0.14138744380800464,0.07315025,hiphop
-208.54956,31.922346,2.0396504,60.024208,-11.212904,39.565063,-11.722102,21.322603,-6.412208,15.845213,-2.3503253,15.057255,-12.740574,117.45383522727273,3407.4950556494673,0.1842723589762181,0.056734834,hiphop
-192.5902,43.30156,9.302408,70.59516,0.39589426,44.93233,-10.288606,24.774069,-2.3627477,15.6971655,-6.0374527,16.426758,-7.0265307,117.45383522727273,3055.7162053052734,0.13012978538283063,0.07146886,hiphop
-169.91638,103.8363,-16.080608,34.236805,5.1124873,22.903185,-13.260352,25.576765,-8.862534,18.884668,-4.4495225,17.241234,6.1716156,143.5546875,1892.0229784851647,0.06101363109048724,0.103188604,hiphop
-171.16644,94.34574,-11.013459,43.678684,9.549997,23.80206,-14.730126,25.628294,-4.3983493,21.098583,-3.6199572,19.668573,6.2946,151.99908088235293,1937.9273341630908,0.04939910817865429,0.115533955,hiphop
-170.44289,98.42905,-9.056787,39.10226,-1.7720727,31.665531,-9.635415,26.234062,-5.387472,19.580925,-2.5274224,19.46223,4.122669,151.99908088235293,1957.2734235792293,0.05172722411542923,0.113142885,hiphop
-79.04257,77.31937,-33.4224,57.607254,-14.158052,33.42512,-11.942873,27.403585,-13.445516,18.858177,-7.002353,13.573403,-7.9408445,112.34714673913044,2753.4043041161335,0.16380419808584687,0.116015054,hiphop
-92.6725,76.39496,-35.002323,52.8412,-14.6571245,36.324474,-12.161379,28.848299,-13.217567,20.852987,-6.911196,14.380861,-7.0716586,112.34714673913044,2769.5309889124283,0.15902901138341066,0.10188292,hiphop
-107.388756,79.979935,-31.237123,54.750843,-12.178611,32.586246,-13.485257,29.13304,-10.525807,18.047213,-7.3224115,12.367797,-7.1577873,112.34714673913044,2683.5342348600766,0.14924752573955916,0.092165776,hiphop
-121.55899,122.58525,-37.06562,45.44036,-16.312166,19.57252,-8.091627,22.21987,-6.329775,13.155056,-6.02493,12.475368,-6.067261,107.666015625,1804.9478814645759,0.08715083925464037,0.11288923,hiphop
-132.44989,126.44509,-39.468796,45.812626,-9.496057,21.458326,-11.762707,19.880692,-8.094396,14.754109,-7.430698,13.774267,-5.069109,107.666015625,1728.9164985287132,0.07998749274941995,0.10798164,hiphop
-132.86064,127.80171,-38.047276,43.461037,-15.489067,18.837229,-10.853907,20.01901,-8.839164,15.103889,-6.882909,13.092243,-4.9923406,107.666015625,1722.5044939217091,0.08175255582946636,0.11124634,hiphop
-115.62254,88.191986,-1.2182236,47.444977,-10.0250435,36.478874,-14.851267,21.136175,-13.459648,18.990822,-9.3768835,19.642506,-6.6399155,151.99908088235293,2353.8567173000815,0.08755641857598608,0.12883392,hiphop
-116.60098,86.50871,1.1587026,46.54914,-11.562403,37.360912,-14.048237,20.54976,-12.030327,20.899689,-9.310964,20.762526,-7.902045,151.99908088235293,2372.7490880923856,0.08742613471577726,0.12791775,hiphop
-102.227104,68.03489,-3.3418908,58.660812,-19.596224,32.922203,-16.409193,22.646255,-16.027603,19.682098,-17.35259,11.226462,-14.243232,117.45383522727273,3017.339933021795,0.1722137380365429,0.09844882,hiphop
-139.86925,66.47084,-23.35595,68.9661,-4.0974507,37.11042,-10.505817,31.307066,-8.245028,21.401213,-6.284544,13.002828,-2.532734,107.666015625,2602.3647008492794,0.10054741879350348,0.11358085,hiphop
-126.61507,70.99094,-23.788786,63.308826,-8.040248,34.01716,-13.507276,31.960117,-7.4235697,20.550056,-6.860857,15.618703,-3.453837,107.666015625,2595.4299073991638,0.10487850746809745,0.119396575,hiphop
-123.71351,78.82404,-22.907444,57.614456,-8.736118,32.31026,-12.774172,28.475704,-7.272787,20.115255,-5.623545,15.665562,-3.0347738,107.666015625,2418.9368500160904,0.0958934527262181,0.123631045,hiphop
-124.99444,116.23659,-28.911358,29.783989,-7.055561,7.937897,-13.13509,11.289577,-19.448612,9.637773,-6.0223007,2.315999,-8.244846,107.666015625,1823.0763020860977,0.09267147621809745,0.15141173,hiphop
-145.08206,95.21791,-32.35031,33.83673,1.8399976,15.723692,-16.15518,17.37883,-9.7522955,8.388007,-5.4279876,4.045916,-7.7063627,107.666015625,1950.6288363718184,0.09960371048433875,0.16248068,hiphop
-146.54382,89.2448,-33.35567,33.982883,-3.327462,15.838957,-14.463986,13.293152,-16.427898,6.750759,-3.3824766,4.336612,-8.026465,107.666015625,2120.1487316921616,0.11184133011890951,0.14686625,hiphop
-250.2744,127.41749,-28.381657,7.0286217,-0.40018955,1.0043596,-1.7902045,-5.994889,-7.555665,-3.3388114,-2.9528382,-2.1071215,-1.4725118,86.1328125,1755.678062443548,0.09779559708526682,0.036610574,jazz
-179.4524,131.33937,-17.020452,12.457144,-0.97884786,0.21914722,-7.9561205,-3.9733527,-4.5348454,-1.465231,-4.984466,-5.7315445,-2.844241,123.046875,1755.8339428595878,0.09169038210556844,0.07170355,jazz
-334.21542,164.12762,6.7415457,7.243973,3.4414701,3.6561306,-1.7887762,-2.194649,-4.555469,-3.0568385,-2.722753,-1.5946482,-1.1237553,123.046875,1002.0613725943961,0.045538174303944315,0.031835094,jazz
-302.4387,139.32915,-1.8059473,26.714622,0.8219948,14.281604,-0.38155216,-3.319332,-10.688123,-2.0796602,0.76593405,4.957555,2.366729,135.99917763157896,1425.5245957411594,0.06719588348317865,0.02705342,jazz
-343.45453,131.26457,-1.9800167,24.918268,6.983547,9.666461,1.1131895,2.1231675,-4.2562594,-0.054763973,-0.1122057,0.23788477,-2.5437331,143.5546875,1427.3775342444899,0.06612529002320186,0.02460239,jazz
-395.12903,175.38728,-2.1215184,19.621515,7.0305047,9.008299,-2.6113904,-2.8382096,-4.223896,1.1931728,2.0226202,-1.2401636,-5.810408,103.359375,947.7586657715148,0.04426252537703016,0.016645065,jazz
-272.23093,179.13617,-41.767864,22.417652,-6.211709,-0.7392543,-14.333177,-10.70616,-6.8472767,-12.324708,-18.758223,-10.826745,-8.511691,117.45383522727273,1007.245000247148,0.05109279836136891,0.07315743,jazz
-261.6154,154.9854,-39.1374,32.51869,-7.445203,4.2663927,-12.842278,-6.1580024,-6.124077,-7.90395,-25.220875,-6.4718213,-9.83879,143.5546875,1231.9513860666864,0.07256471142691415,0.079560414,jazz
-238.99977,194.28012,-55.315754,23.392872,-0.057008535,-3.5085692,-7.260818,-10.265956,0.42176977,-4.417765,-23.779125,-5.3286805,-4.738369,161.4990234375,955.2731867578249,0.0495984991299304,0.08958549,jazz
-206.61101,167.7373,-2.372992,12.530275,0.8095933,16.826023,-16.82257,12.761907,-14.685094,6.725779,-8.049232,9.688839,-14.015478,117.45383522727273,1110.5086596940523,0.04822655343677494,0.081226856,jazz
-275.45566,212.84676,-16.004698,-2.8038628,8.323404,2.3433557,-7.8115077,0.5950656,-3.9604263,-7.7918873,-9.623412,-0.021751741,0.3463901,95.703125,811.5768717135869,0.05307764464907193,0.06954573,jazz
-441.50552,233.00163,36.70314,-17.841984,5.975028,11.067388,-0.27469206,2.242288,3.33871,-8.538695,-13.47163,-7.18576,-1.9874539,234.90767045454547,518.9496795871264,0.03243161796693735,0.027400507,jazz
-300.3759,136.18732,9.461705,37.70353,-7.203179,7.1201925,-1.3749336,8.881937,-6.2223363,3.5813966,-4.0722575,-6.415829,-5.453574,63.02400914634146,1011.7519784798941,0.045679787195475635,0.08625294,jazz
-263.18616,143.26651,9.05675,48.209034,-3.8469012,9.832984,-9.913496,7.2455554,-4.821731,4.2850823,-6.4147024,-2.2947586,-6.0964713,95.703125,890.5811232293104,0.035378299013921116,0.13131377,jazz
-247.10233,133.6743,-1.862615,41.83312,-13.135413,13.155992,-9.473219,8.923991,-7.813324,8.78588,-5.998234,-6.4977474,-9.518061,63.02400914634146,1219.9961298767319,0.06204570584396752,0.10818584,jazz
-151.83255,108.80378,-5.6493278,34.84457,-11.844521,23.923218,-11.3287,10.838603,-13.608418,15.54164,-7.2350173,10.547213,-7.0584526,117.45383522727273,1738.4046395256944,0.06632468097447795,0.12943137,jazz
-305.71786,125.05534,-6.8037148,34.664757,0.41409987,26.955368,2.9253898,10.204559,3.4873211,-2.125659,-8.51082,-3.599005,1.4303265,107.666015625,1066.9527188318966,0.057173089472157775,0.09670563,jazz
-292.15793,139.88991,1.4620681,28.064161,7.0879335,22.535156,5.885999,9.46725,6.1256514,5.6033196,2.731986,7.3108473,3.4114532,215.33203125,1000.0669240496223,0.04966307460846868,0.096120246,jazz
-236.70152,146.36229,-12.129367,49.344254,-7.508686,11.058587,-6.2488375,11.375264,-13.29463,-1.0875165,-3.197773,4.385089,-3.465168,135.99917763157896,1216.2792427346685,0.04870463855858469,0.094779685,jazz
-234.30061,136.2813,-19.433989,54.28059,-6.4491625,12.512362,-3.1126251,13.506763,-15.574885,-2.743778,-7.302348,6.576552,-3.2780495,135.99917763157896,1303.3321838745255,0.05275590015951276,0.099102244,jazz
-232.3701,146.38034,-12.147816,53.034683,-11.42012,15.45798,-4.233632,11.983863,-12.811131,-0.32471433,-1.9301805,4.224098,-5.3645673,135.99917763157896,1144.4085967286987,0.04245327907482599,0.101438485,jazz
-285.79047,137.61238,-4.5076237,35.644363,-11.829426,20.60991,-5.9248075,-1.5239041,-0.94056875,-1.5016855,-8.612914,-3.6667929,-4.1955476,63.02400914634146,1192.400582945447,0.07055380836716937,0.0820618,jazz
-305.85333,144.37755,13.540341,36.982983,-9.074078,12.571478,-7.297961,-2.8221312,-5.8225713,-2.00279,3.0671296,14.277862,11.92741,135.99917763157896,1061.0231448685986,0.053755120722157775,0.08489914,jazz
-284.7432,132.36201,-2.4311955,35.53755,-17.212486,14.666292,-8.135993,-3.2554824,-5.428269,-6.166528,-0.03609316,21.134571,16.710705,61.5234375,1259.4075972052267,0.069837813587587,0.113925874,jazz
-198.58177,133.49895,-28.981695,46.025265,9.416939,23.203075,-6.3806543,12.067329,-12.686676,8.317943,-8.215054,-3.5152833,-6.021574,112.34714673913044,1322.943198822357,0.04788101798143851,0.1101202,jazz
-186.91829,135.37944,-34.552437,46.637,12.242455,21.122955,-2.5653608,14.834267,-12.969804,11.354857,-7.82849,-1.0210409,-3.821799,107.666015625,1277.9034553923789,0.03911234773781903,0.114348516,jazz
-184.47223,134.9824,-13.900932,44.90529,2.6076787,20.368876,-5.052997,16.516958,-12.524931,11.432178,-7.9823513,1.3204266,-5.5174055,107.666015625,1311.4948066096497,0.051544826711136894,0.13082275,jazz
-272.85394,164.49757,9.730379,19.619196,-0.5657109,15.989371,-3.4449935,10.302233,-11.551855,1.0809478,-11.110092,-1.6442759,-11.117056,107.666015625,873.96138501959,0.03748776464617169,0.08905023,jazz
-302.87604,176.38612,13.477417,19.656803,0.6401979,14.691489,-1.5362923,9.662025,-7.51302,4.8472476,-6.704074,0.98914915,-10.481167,161.4990234375,704.7529422391973,0.033702735281322505,0.09255398,jazz
-316.57816,179.81177,23.945562,20.83382,0.8840544,15.1347885,5.473058,10.826555,-5.0991507,6.4859962,-6.8013964,1.7146469,-3.5432398,107.666015625,673.167064711636,0.02370826384860789,0.07419676,jazz
-328.48672,164.85223,-15.544759,38.493927,36.859047,13.84134,-3.2553434,5.614708,-9.441188,-6.698668,0.8430561,1.2096043,-5.363043,112.34714673913044,811.7562621701852,0.031007558729698376,0.054565907,jazz
-350.07556,164.41307,-1.4690219,39.42611,28.807203,15.946797,0.64338374,7.204327,-5.7077007,-4.044368,1.9824947,1.4560606,-1.0625097,117.45383522727273,753.2601315102505,0.030454702001160093,0.056669425,jazz
-280.8482,163.1558,-35.51724,41.025047,27.882046,16.317804,0.11142711,4.983167,-11.170141,-1.0344578,1.2086073,-2.2575252,-2.9240954,151.99908088235293,931.4297968461375,0.03762597882830626,0.08102186,jazz
-175.67467,116.08503,-10.448605,41.552475,-11.103427,18.606255,-19.189957,12.602495,-15.594425,10.412684,-11.41757,14.258868,-7.2218857,99.38401442307692,1775.1642117599931,0.07671566850348027,0.082724355,jazz
-204.23894,110.04535,-6.1206827,40.263813,-9.0398035,18.834011,-20.125195,12.146669,-15.967326,11.529614,-11.758148,13.596426,-8.216751,66.25600961538461,1880.717173496266,0.08050069786832946,0.068935454,jazz
-198.80928,114.97378,-3.993145,38.357056,-8.896571,15.508243,-19.440945,13.194558,-16.173477,8.421532,-10.93416,12.06485,-7.577287,99.38401442307692,1821.903379202234,0.07312776428364269,0.06162665,jazz
-258.84354,124.471855,-2.5449584,39.893597,-5.50585,18.01037,-16.952183,14.26622,-16.331814,6.375199,-14.259764,9.318694,-5.2476406,112.34714673913044,1620.1933030927473,0.05963602088167053,0.037141122,jazz
-248.86832,122.38151,-11.167103,41.143906,-8.669698,17.825325,-17.27866,16.292587,-16.251669,11.379382,-15.346319,7.8324175,-10.031551,161.4990234375,1668.8389573342122,0.0672774525087007,0.03864764,jazz
-254.25949,124.21085,-6.204548,43.607967,-6.2229214,22.249228,-18.51388,15.985273,-15.516238,9.496752,-14.525122,10.108802,-8.93237,112.34714673913044,1663.8589490501463,0.0638708127900232,0.036665052,jazz
-228.83682,112.35898,12.954222,41.48286,-10.787659,17.683105,-15.0308485,20.12056,-21.136805,16.951014,-8.88437,13.389005,-5.723292,99.38401442307692,1798.5677232883206,0.06009484665023202,0.051564824,jazz
-220.91573,114.32093,12.120713,40.153866,-11.463996,19.028105,-10.891865,23.430975,-18.960056,17.242071,-12.445715,9.125747,-7.1589627,151.99908088235293,1766.0863498323731,0.058665122897331785,0.05465282,jazz
-205.12837,113.74072,10.529594,39.37522,-9.577638,17.798672,-13.480763,20.89537,-17.008368,17.063032,-10.902577,6.610922,-9.7688875,151.99908088235293,1804.9657976014257,0.06408266567575406,0.059964184,jazz
-351.31635,129.56194,-18.448647,29.19995,-1.8537728,1.9133397,-12.33633,-0.9959614,-16.450125,-5.7445035,-15.921204,-3.286065,-7.84108,151.99908088235293,1417.9781996675063,0.08658438768851508,0.041342188,jazz
-373.75525,148.73007,-7.0823245,19.976763,5.1623707,-8.530381,-12.212151,-5.6919966,-10.519116,-6.868975,-3.0258603,-0.86112404,-5.9601207,129.19921875,1024.2757203785636,0.05062830807714617,0.030211711,jazz
-355.00812,143.2193,-13.074628,17.082361,-0.17370029,-1.3056289,-12.424643,-1.0219231,-7.999645,-10.8003845,-5.055882,2.8893654,-7.9335155,129.19921875,1074.9688570427998,0.05727278494779582,0.04613069,jazz
-211.1059,116.745804,-6.477879,40.13796,-4.2087297,20.221632,-15.929549,15.855637,-17.151333,12.937088,-11.187868,12.364583,-5.8273816,80.74951171875,1759.2174355766601,0.06820530017401392,0.05899594,jazz
-200.64287,117.30765,-14.280712,37.441868,-8.483991,15.16669,-17.773092,13.179528,-17.96493,13.970663,-9.425586,12.94181,-7.058195,117.45383522727273,1807.356674809973,0.07752456133990719,0.060290538,jazz
-189.48358,119.36342,-18.036203,41.337914,-8.010511,15.746859,-19.750916,13.392175,-19.353481,16.645317,-11.39596,12.667459,-8.548631,117.45383522727273,1779.2639186481936,0.07456994997099768,0.06759235,jazz
-249.34056,130.34816,-10.814784,36.84803,-7.1535707,11.442433,-18.216108,4.306507,-11.409334,3.5166163,-9.89397,7.7356744,-7.9378386,198.76802884615384,1402.1850575695307,0.061250407845127613,0.062257838,jazz
-265.38257,125.10985,-10.553258,44.13371,-2.71982,20.818356,-16.759619,6.6523457,-17.399208,4.704796,-13.543922,6.863669,-8.602504,73.828125,1494.8480173643159,0.07586259244489559,0.06101436,jazz
-267.58582,118.96174,-2.8512096,36.092655,-3.6382244,11.269138,-11.485846,9.010856,-11.051022,6.0722675,-8.926047,4.7329874,-9.951792,112.34714673913044,1503.0567305662673,0.07201185469837587,0.058209334,jazz
-213.14987,112.07254,-19.94834,42.316643,-7.661712,20.070528,-18.157307,11.067337,-14.928525,11.556982,-10.568558,12.551224,-5.316746,99.38401442307692,1819.698653193639,0.08058339979698376,0.061268646,jazz
-246.87178,98.24918,2.6253786,36.957863,-10.358289,15.090397,-16.004179,6.651681,-20.042536,6.4267325,-11.53026,4.027747,-8.872563,135.99917763157896,2167.085810048613,0.09618121012180975,0.042099737,jazz
-241.85796,110.870674,5.9568706,36.34966,-9.734158,15.245972,-14.125588,10.417192,-17.03826,10.723131,-8.673398,7.250154,-6.1136675,215.33203125,1815.8229408215639,0.07537657700116009,0.046047594,jazz
-192.20175,106.31601,-26.39068,41.492596,-6.29835,26.449898,-11.2212515,17.427834,-15.239197,14.366791,-12.4135685,10.703838,-3.050946,198.76802884615384,1966.7002500254002,0.08297495830916474,0.054270823,jazz
-191.08026,102.44267,-24.61346,39.258877,-7.7758937,26.694923,-9.19284,19.510027,-13.24889,16.190706,-12.320528,8.642518,-7.0240602,103.359375,2058.9052612929395,0.09314049811484919,0.051527485,jazz
-194.13492,109.3901,-28.485277,41.027046,-7.24395,27.683191,-12.051837,19.767605,-14.75581,15.504513,-14.509378,10.649834,-6.64628,103.359375,1954.4122032290259,0.08659345091357308,0.05061733,jazz
-261.3469,132.49797,-19.572012,42.325592,-1.4655348,25.644985,-10.575803,10.556665,-11.111984,11.419505,-6.0207047,17.714285,-0.94969416,184.5703125,1356.1923485128093,0.06090147368039443,0.053104136,jazz
-255.38026,131.33978,-22.13227,38.11332,-5.5905194,20.374321,-9.872177,9.356003,-9.927234,12.890841,-1.9057934,14.916608,-0.89908695,117.45383522727273,1356.2046813585887,0.060678291763341066,0.057633642,jazz
-287.50806,126.9139,-6.104684,46.872852,0.31730968,26.289724,-7.403684,16.998856,-9.372406,12.849161,-11.517143,10.936721,-4.494232,184.5703125,1349.6248826290505,0.04448684019721578,0.039716244,jazz
-380.99344,126.6635,-7.2000527,50.324028,9.91556,22.243372,-1.1487805,11.631653,-0.825902,2.4297352,-2.2249634,1.9983802,-0.39653173,103.359375,1136.2051450535796,0.029907509788283063,0.025790954,jazz
-381.13678,116.22424,3.1510546,48.997555,12.2279005,22.958252,-0.23774609,9.182373,0.16984257,4.163515,-0.91527605,0.22883184,-0.9334151,107.666015625,1233.9958526037656,0.02898645954176334,0.022997078,jazz
-372.5978,121.12287,-11.004646,52.212513,11.727281,23.655996,-3.155507,7.277016,-4.0215545,3.3987536,0.6614843,2.2771058,4.9189115,107.666015625,1144.8132296032968,0.03986119670823666,0.03250005,jazz
-182.08487,78.12168,-16.269684,52.49324,-31.468493,24.070442,-20.968782,19.486137,-24.2009,20.33731,-13.211364,12.487111,-8.610716,123.046875,2838.838641945862,0.16795628806554525,0.046917275,jazz
-185.60988,82.70186,-16.020714,50.367413,-28.443268,23.832802,-20.373629,17.494263,-23.860409,17.907347,-13.817761,11.243796,-8.09956,117.45383522727273,2763.909954636892,0.17839372462296985,0.047270887,jazz
-157.11119,67.44143,-6.682267,55.576946,-28.916084,20.924631,-26.344353,19.477755,-26.593124,25.842712,-14.93929,15.821343,-7.4198627,161.4990234375,3144.298908774431,0.19616557605858467,0.049586847,jazz
-321.6659,108.94164,5.641236,33.32349,-10.531491,20.203333,-14.612894,17.342157,-9.466589,20.427326,-0.46672755,6.255347,-6.5882726,129.19921875,1575.8242551647677,0.05627243148201856,0.039705273,jazz
-294.54953,107.351036,9.200128,30.799366,-7.9354253,16.597347,-10.838844,13.022997,-11.316549,15.6245775,-2.065421,8.571079,1.8481973,129.19921875,1432.695801172936,0.046062708454176336,0.06377066,jazz
-285.86133,128.8375,-3.7189167,29.191021,-9.90763,20.969704,-17.552465,15.098914,-11.161288,12.112535,-16.345629,-2.1971464,-13.511803,129.19921875,1344.2718445457974,0.051025957076566125,0.04780238,jazz
-211.21642,99.095856,-8.521806,50.7271,-19.57764,19.865969,-16.826256,15.894416,-14.371486,20.72865,2.1896296,18.85106,2.3942263,161.4990234375,1949.672385046131,0.08142514682424594,0.077643976,jazz
-176.91086,106.70335,-15.977703,44.729355,-20.117273,19.75328,-14.663733,12.971956,-16.472239,13.662155,-1.1906345,17.547146,7.3958035,83.35433467741936,1838.0071710079678,0.07160174376450117,0.10211323,jazz
-178.96303,94.01019,-13.260742,49.889053,-25.094055,20.437355,-19.500547,15.713609,-18.967524,21.18836,-1.191195,21.482672,1.2503417,86.1328125,2176.7698710143522,0.08663196962006961,0.08348156,jazz
-194.93297,95.344475,-20.746897,48.899853,-16.18883,28.049295,-17.705584,19.052607,-15.911723,15.467655,-11.816852,11.380966,-4.5471487,107.666015625,2263.8202621075925,0.10317688696345707,0.05398613,jazz
-214.6116,111.28589,-17.13733,41.78546,-12.08029,24.307991,-15.181566,14.208352,-13.146353,13.00249,-7.3956904,11.281932,-0.26731783,103.359375,1973.9828777503765,0.09728012616009281,0.059587352,jazz
-199.43602,112.66924,-25.370975,42.54244,-16.182932,25.087152,-15.419566,14.228912,-12.247578,9.804532,-8.413104,9.146049,-2.0754142,99.38401442307692,1865.323919096457,0.07880700768561485,0.062847026,jazz
-281.72888,113.12254,7.541446,45.614723,-9.45557,18.884172,-10.787189,13.6234045,-11.143974,13.409453,-11.393578,7.0801477,-9.548473,99.38401442307692,1577.8444842239626,0.050188741661832945,0.047485705,jazz
-242.52788,106.84653,7.5154448,41.666977,-13.433766,21.399002,-10.526125,16.241447,-14.090143,17.621376,-10.037289,11.748865,-5.6737404,103.359375,1786.1783028668183,0.06315368510730858,0.059971724,jazz
-193.22401,111.39767,-15.238464,44.224876,-14.503901,16.419556,-10.154929,14.00745,-7.3273783,21.750538,-2.7759378,7.1027327,-13.609103,67.99958881578948,1730.4783275708478,0.07726172781322506,0.100409485,jazz
-436.19275,109.17044,8.389282,40.781197,6.0477123,28.81039,-6.7827444,4.9316883,-3.1856449,9.047456,-6.266677,-2.490435,0.6144495,78.30255681818181,1188.3158031705582,0.034448185542343385,0.03323077,jazz
-431.46106,111.2739,1.9327679,40.59966,6.4264994,28.239359,-1.986027,13.194989,3.2292354,10.0496,-6.004947,1.9551827,2.266079,143.5546875,1126.8524752815295,0.03377750688805104,0.032582656,jazz
-375.18918,95.360405,-34.66299,33.179092,-12.908654,14.028995,-14.016335,-0.079734854,-4.0366535,7.1100903,-4.8284726,3.782564,-7.8515034,95.703125,1786.8940681744727,0.10748418467227379,0.029878173,jazz
-262.24783,107.130104,-10.94094,55.794464,-11.489946,16.821407,-2.2392523,18.887552,-22.276073,17.808676,-12.8923855,12.294383,-3.5562482,143.5546875,1816.5349671672268,0.06732616734338748,0.037828624,jazz
-275.14706,111.74458,0.4170596,54.506317,-8.676164,21.161385,-6.081832,18.485474,-14.267982,17.598894,-8.608967,11.646743,-3.1477227,143.5546875,1664.786267776169,0.05270945113109049,0.041777723,jazz
-249.57805,109.045746,-9.326671,56.0659,-12.635465,18.445127,-5.273118,19.070127,-23.359896,18.053308,-12.171039,12.560292,-4.2707596,143.5546875,1827.2038071752727,0.06763771570475638,0.04204643,jazz
-217.6443,112.283714,-17.573505,40.83862,-14.880216,8.663984,-16.457253,9.717971,-23.383286,14.477501,-14.399867,8.168926,-9.725212,99.38401442307692,1850.2449007508135,0.07839916255800464,0.0504336,jazz
-248.01715,106.00246,-6.806114,36.566475,-10.014124,16.804434,-17.249943,10.76617,-19.281513,8.934909,-9.346135,8.627428,-14.189571,99.38401442307692,1876.6036625442032,0.07462546222447795,0.04976791,jazz
-237.76657,109.97216,-10.468491,41.419792,-10.02298,19.704418,-17.641106,13.157939,-22.19778,9.207117,-14.571729,8.741779,-14.221958,99.38401442307692,1834.1031745737178,0.07131172056264501,0.04598824,jazz
-241.63591,95.44285,-18.06798,50.146675,-13.919332,13.438603,-12.346762,15.224359,-28.734594,18.750956,-15.7140465,11.976338,-5.389259,107.666015625,2207.929530061507,0.0922024543213457,0.03408083,jazz
-236.75195,94.56031,-14.059835,47.491467,-13.740853,13.237716,-12.938653,13.474183,-24.760902,17.521372,-13.117079,7.947805,-6.149559,112.34714673913044,2220.9420938848307,0.09785450804814386,0.037273664,jazz
-222.2062,93.782616,-18.67257,53.232536,-16.328686,15.897046,-12.359055,13.222491,-26.016773,17.864136,-13.06154,9.826427,-6.7928576,161.4990234375,2275.979016518971,0.10758954466357308,0.03747191,jazz
-320.457,113.529785,-25.35314,49.96967,-16.33759,10.6965065,-10.02418,1.290076,-25.798208,9.512766,-11.7258215,2.5476975,-7.7367115,258.3984375,1593.5720594078507,0.05949214218387471,0.031359926,jazz
-308.82773,132.13383,-13.636726,51.62413,-11.167196,18.426441,-4.284951,1.1541535,-20.140308,13.82967,-9.846553,7.1266274,-8.01586,215.33203125,1478.2767887587538,0.06970866263051044,0.033294268,jazz
-328.10278,102.617424,-31.396317,57.303127,-12.03812,15.836274,-11.379128,-0.47643277,-26.628086,10.128335,-8.048505,13.613279,2.1813033,64.599609375,1991.7852172778782,0.12431572650812064,0.024006562,jazz
-239.23688,113.50482,-15.816762,47.759853,-14.323714,20.611584,-14.407581,15.817505,-15.231051,13.817641,-6.704453,7.304253,-7.926953,112.34714673913044,1781.9464707739073,0.07908910056554525,0.04591211,jazz
-245.6392,116.40292,-13.064877,45.906902,-12.3698435,17.364355,-14.367373,15.413274,-18.985083,13.116646,-5.1683917,11.070586,-6.7738566,117.45383522727273,1727.45042954175,0.0650309055974478,0.040851835,jazz
-227.9676,118.38194,-17.961012,47.999454,-14.177232,17.117197,-13.441749,15.184407,-18.759583,13.686891,-7.203951,7.8679247,-7.4016423,117.45383522727273,1748.5841812019494,0.07269046367459396,0.04386854,jazz
-299.55154,128.07079,0.31548887,36.178345,-8.063784,18.148758,-9.148842,8.99687,-10.757259,0.18110353,-12.727694,-0.102299735,-7.7298,135.99917763157896,1435.0923005526852,0.055442013486078884,0.042208016,jazz
-317.085,112.47359,3.1745663,40.00791,-10.657812,17.347752,-12.160288,12.306763,-12.114546,5.1207323,-14.883285,0.36045802,-11.400941,129.19921875,1693.6296236620346,0.06628049775232019,0.034032743,jazz
-301.71426,128.04915,1.6563884,37.339596,-9.647051,20.829126,-8.955352,12.799389,-9.137407,3.7886727,-12.331797,2.5553398,-8.287395,129.19921875,1440.762745854433,0.06226322324535963,0.04511392,jazz
-268.46338,138.91052,-14.241953,51.36564,-3.598113,20.871828,3.0009978,6.3957005,-5.8645644,1.1376349,0.8668778,-2.2110546,3.5619154,95.703125,1138.7943431314854,0.03800210266821346,0.06618649,jazz
-251.3332,139.81474,-21.582262,50.494083,-10.10784,19.522955,-0.5272001,6.124114,-10.595262,0.19169585,-2.2816103,-2.3627489,5.157615,95.703125,1206.3856221931776,0.04614654328596288,0.07736135,jazz
-267.11896,142.6362,-17.954893,49.977306,-6.0940266,20.946608,1.4845227,5.9606185,-8.0782795,-1.796483,-2.8496187,-1.7636542,4.50105,95.703125,1164.2475304443956,0.04261641712587007,0.06535957,jazz
-162.2898,110.857254,-34.69051,57.824963,-13.017977,32.066696,-8.767032,16.11795,-12.878482,12.150793,-7.0607357,4.493222,-6.5709705,99.38401442307692,1902.5509718750266,0.09532926696635731,0.12123629,jazz
-151.41019,125.54821,-34.829742,56.57084,-14.467209,34.906322,-4.7187295,15.844794,-13.390753,7.3148117,-11.676118,-0.76822424,-5.4097605,198.76802884615384,1624.8604867469246,0.06690246157192575,0.124544516,jazz
-126.58387,119.55282,-35.82213,63.167976,-18.642958,37.09382,-7.353411,10.744027,-18.5704,8.949314,-15.989815,0.21874288,-5.0184245,99.38401442307692,1750.626883875653,0.07540943119199536,0.14392081,jazz
-267.8445,190.08728,-16.963943,51.74157,-0.78827995,5.6739826,6.075461,-10.040622,-7.970455,-0.15568553,-3.624466,-4.147653,-3.6238408,71.77734375,796.8660265126322,0.033850012688515084,0.08567708,jazz
-248.06628,175.98262,-21.199556,51.893436,-5.2127314,6.4922514,3.033532,-8.31232,-12.539674,-1.6124197,-6.2993627,-2.134838,-1.8649299,123.046875,933.5858879235041,0.040627039225638054,0.1039987,jazz
-270.84918,183.56837,-14.751105,48.04818,0.29825345,8.6993885,7.2304635,-6.9116154,-11.519849,-7.1802053,-6.6552734,-4.223118,-3.1817641,99.38401442307692,810.5533965104597,0.03854702907482599,0.084533885,jazz
-187.8996,153.554,-50.070568,49.70511,-11.72584,7.846136,-21.641603,6.2801647,-16.182074,5.8386984,-12.20812,-2.480693,-7.353081,129.19921875,1567.6636917846745,0.12010019395301624,0.08011312,jazz
-193.15993,166.57889,-46.25249,31.679125,-6.635287,0.63580215,-10.366041,1.1077905,-12.186787,-0.8797425,-9.690582,-9.911117,-6.610608,123.046875,1317.3959621668068,0.08458368075696056,0.08804311,jazz
-215.8401,147.2022,-23.291195,52.668846,-16.243881,12.985854,-10.474544,4.2243114,-22.546213,2.6715734,-14.294205,-3.3093183,-9.164563,83.35433467741936,1565.3602181248016,0.09338407228828306,0.07306626,jazz
-213.34059,143.85193,-16.522074,26.26282,-10.281298,18.436386,-2.5029972,8.213395,-5.9459558,5.388359,-7.0692043,4.1962404,-2.3428755,95.703125,1257.6957278741722,0.05305272078016241,0.09855863,jazz
-202.03929,138.32925,-17.982769,32.625675,-8.628864,16.261007,-3.2613919,7.3453836,-7.652156,6.137292,-4.4765167,5.3295994,-3.4830441,95.703125,1305.0522916181308,0.0505909222737819,0.10412615,jazz
-181.748,142.62936,-23.522858,35.19573,-3.7501915,14.976006,1.1924316,8.495667,-8.185064,8.504694,-5.529548,2.216633,-3.9363108,95.703125,1270.8941552168915,0.05052408098897912,0.11685199,jazz
-173.06223,123.653496,-28.21,47.87423,-10.018487,18.714321,-8.278389,13.41501,-12.467385,9.910181,-13.48546,3.0017316,-12.425883,117.45383522727273,1528.9283716847835,0.06357399216937355,0.10612097,jazz
-178.97192,123.51931,-33.555977,52.549934,-10.7354965,20.666256,-10.8138275,16.345104,-13.706449,9.836751,-15.144266,4.045611,-14.094888,151.99908088235293,1606.2614938492077,0.06580354553364269,0.09410867,jazz
-189.23564,129.96638,-31.341259,39.299076,-13.5247555,17.478062,-10.856205,11.860014,-9.25731,9.186332,-11.395786,5.852605,-12.060071,151.99908088235293,1526.9876862746178,0.0694277026537123,0.09279368,jazz
-199.63972,143.83293,-41.0206,76.02552,-25.766014,12.793326,-8.123523,4.041691,3.4935052,-2.7628095,6.834955,1.843095,1.7465352,99.38401442307692,1549.959739202559,0.08243796222447795,0.08895593,jazz
-263.27087,151.0975,-19.028336,59.888702,-3.0568552,2.6373553,-0.3642714,0.8640456,3.8087485,2.555042,7.092135,1.664942,3.3949165,99.38401442307692,1196.1471075535328,0.074209686774942,0.070309006,jazz
-252.52344,150.51172,-18.097895,61.470703,-7.8705997,-1.6984622,0.85323524,6.3459353,5.545067,3.6133208,13.194145,5.4270163,3.2369602,99.38401442307692,1188.4989098280103,0.07242309853538283,0.08729093,jazz
-186.46698,146.63535,-28.068138,55.5251,-25.228262,6.4740105,-6.622884,-7.547646,-3.7092438,5.3106456,-6.514142,5.541881,-6.248237,99.38401442307692,1344.448720191217,0.0569227178799304,0.13501617,jazz
-180.25107,156.84538,-19.607841,63.971886,-25.117092,1.0795386,-5.577901,-7.921366,-9.331894,-2.7923112,-10.828155,0.26292747,-7.7364073,99.38401442307692,1215.0587393779247,0.048609474695475635,0.13781443,jazz
-175.78012,144.53728,-18.404661,60.780437,-25.497602,4.0253735,-1.308952,-8.852268,-7.4379883,-1.042027,-10.1302395,5.27993,-8.030482,103.359375,1395.682962703467,0.05882826094837587,0.14080058,jazz
-153.88918,138.6136,-57.870396,67.28521,-24.490673,14.001949,-1.600363,8.829022,-12.923692,1.4561713,-1.9547644,8.268223,-5.987008,184.5703125,1788.6467384141529,0.11282355713457076,0.0981927,jazz
-203.80466,132.96622,-40.934563,63.2492,-15.606903,11.820709,0.649092,12.743855,-8.357452,-2.2448614,-2.3844366,6.366211,-6.45806,92.28515625,1699.969447955565,0.10882440907772621,0.08343676,jazz
-292.41336,134.85956,-9.039387,55.45692,-4.884132,8.723106,3.3119843,12.555297,-4.8400636,-2.4090197,3.7321165,11.120165,-2.1474051,95.703125,1365.1740824844883,0.07967367858178655,0.052757457,jazz
-210.47523,141.18825,-10.861616,48.593723,-25.601526,10.120654,-14.723833,-15.073385,-6.9667377,0.47836453,-7.511779,-1.9959921,-8.292651,73.828125,1322.562288596452,0.061623132975638054,0.103593975,jazz
-200.35803,138.99854,-17.701977,51.48443,-26.38121,14.723231,-14.143478,-17.023561,-11.233215,-2.519368,-9.023536,-0.45295656,-11.240223,129.19921875,1421.2890311035064,0.06666341901102088,0.10865212,jazz
-211.09479,146.99496,-14.465537,49.5381,-23.921223,11.978465,-10.774903,-16.445187,-7.9618587,-0.79097426,-7.0990586,-1.1270992,-8.891048,123.046875,1290.3214977680734,0.05503983287412993,0.08610191,jazz
-181.40419,107.14831,-37.456474,47.787453,-9.938643,20.12747,-8.833872,17.698034,-11.020689,15.863367,-7.120846,3.7371936,-13.2781105,161.4990234375,1752.413404833329,0.08969080807714618,0.12064387,jazz
-199.5596,117.48023,-23.09772,40.331696,-12.785703,23.23244,-8.4984665,17.174757,0.32756212,13.334818,-11.17768,5.052901,-11.984596,151.99908088235293,1681.053968467985,0.08340319569315545,0.097268745,jazz
-139.27548,111.19161,-47.812347,49.989094,-12.292301,16.346437,-7.5111423,19.570383,-16.846682,15.525646,-13.272094,5.8514686,-10.670528,151.99908088235293,1849.501792801517,0.0834802331061485,0.11688284,jazz
-245.91068,168.0289,-19.144726,25.475407,-3.7348216,16.929596,-1.267664,5.728398,-2.1834145,8.159323,-0.5118581,6.4625278,-2.7827466,123.046875,996.7894832291828,0.0452175627175174,0.09046608,jazz
-252.44997,166.8117,-21.680552,20.67666,-0.5660952,15.227401,-0.7145489,4.1953263,-2.8191226,5.788731,0.27614823,7.2208953,1.7718745,103.359375,1007.8377826712891,0.05178726798143851,0.08204184,jazz
-243.4375,171.13554,-20.452536,21.489552,0.46292856,14.496655,-3.1338298,5.3685074,-2.1736372,6.3952947,-4.6883955,3.7985525,-0.2329314,107.666015625,1014.050615157266,0.05177593895011601,0.08656456,jazz
-241.50832,171.89806,-18.589575,44.815536,-4.696895,5.4242954,-0.66160315,-7.7342057,-15.74301,-6.336829,-6.43291,-1.5199376,-3.1277094,135.99917763157896,936.6581663054859,0.041689702363689095,0.098171435,jazz
-245.83588,175.15436,-10.505702,48.614613,-0.32661548,9.670739,-2.3337574,-4.221258,-13.656248,-2.7529457,-4.785144,-0.004227853,-2.0368438,151.99908088235293,875.0267995228133,0.04067348825406032,0.09914262,jazz
-208.31859,178.48978,-32.39806,50.881527,-3.111379,6.8813796,-2.2872853,-2.8594675,-13.198211,-0.72100407,-8.694991,-2.1843414,-3.2748451,64.599609375,1001.7313119990259,0.04530253045243619,0.10331538,jazz
-162.86162,154.9967,-41.009144,48.708603,-24.48365,17.67437,-6.9211745,-9.034994,-11.118708,-0.11280239,-6.544876,-1.445801,-5.57116,107.666015625,1397.855240219398,0.06845680466937355,0.106342494,jazz
-226.31749,146.44647,-17.520391,50.20616,-12.204677,-2.5289066,-9.01487,-10.710718,-2.8291786,-4.259753,-1.953014,4.379471,5.869589,107.666015625,1203.2714027927732,0.05078238290313225,0.119669534,jazz
-225.89075,145.39153,-21.049109,52.65237,-13.814659,-3.966214,-10.422593,-9.56961,-2.5500498,-4.807413,-3.445689,2.8464038,3.4380517,215.33203125,1287.8345965578885,0.05612515407482599,0.10498433,jazz
-215.66722,103.0423,-17.855219,43.501095,-11.092601,19.160835,-10.264654,16.831331,-19.079094,11.838794,-12.192202,7.177605,-11.541271,67.99958881578948,2195.8021611780814,0.11519019177784223,0.046311926,jazz
-207.31113,109.860176,-13.032872,47.732063,-10.024058,19.732853,-10.70149,21.717299,-18.577564,12.994392,-11.194012,8.245203,-11.69301,103.359375,1910.5883976678756,0.08475248332366589,0.053007446,jazz
-183.49678,116.937935,-17.366909,43.25008,-13.771893,19.3319,-14.674757,18.333374,-20.70522,10.416922,-13.891078,7.046491,-13.159368,107.666015625,1838.664232618495,0.08032849659222738,0.062129542,jazz
-216.53636,120.30491,-23.064909,41.49421,-9.534964,22.065033,-10.557894,9.683836,-20.01906,8.4639015,-16.681667,1.0237455,-14.140824,129.19921875,1703.2343344801773,0.07283320946925755,0.053565864,jazz
-211.3045,118.64993,-21.127506,46.075497,-12.007612,20.6011,-11.9101,10.962992,-21.71812,9.532225,-12.46205,8.930481,-10.269641,129.19921875,1716.9001652181576,0.07907663863109049,0.0595767,jazz
-188.90642,116.77922,-21.869913,41.581642,-12.819168,18.114452,-15.52362,6.355626,-21.916117,11.277426,-8.660438,8.169614,-11.848885,129.19921875,1824.4375848030281,0.0854378897186775,0.0625897,jazz
-154.28319,76.12829,28.748756,29.105888,-5.1046453,1.4927042,-21.719728,-4.279029,-18.798508,6.4698806,-11.120188,-6.0030904,-8.460412,161.4990234375,2326.826481636627,0.07027964580916474,0.18605466,jazz
-152.40216,95.113205,12.015362,27.038769,-6.272269,-6.972134,-11.607545,-5.1406603,-20.536572,-5.354178,-12.93034,-9.595259,-6.7432914,123.046875,1843.485981583554,0.06105894721577726,0.22938158,jazz
-189.67091,90.74386,33.62227,29.001001,3.0392468,1.4271768,-8.864868,-4.8038635,-18.206327,-2.8935688,-11.78853,-9.389866,-9.444372,172.265625,1977.132225729619,0.06273790965777262,0.13729593,jazz
-71.30853,80.13196,10.977805,30.405226,15.583189,12.531454,6.6382504,13.091867,-1.4649153,7.706869,2.9279106,7.195868,-1.7722621,151.99908088235293,2370.3763152629963,0.06892695946925755,0.18574838,jazz
-48.97877,75.06954,5.9387054,32.30379,11.414772,11.526616,8.986885,14.028858,-3.7224026,2.9819336,-0.10710764,7.7956686,-0.1768444,151.99908088235293,2544.728123288319,0.08510821490719257,0.1897662,jazz
-45.399597,77.23689,7.9266434,31.947075,7.529261,11.192227,8.061869,13.459986,-1.5801474,6.1459956,1.5206133,7.1072235,-0.8092519,151.99908088235293,2531.5063809201506,0.08781925210266821,0.19518536,jazz
-267.60425,137.99857,-13.582341,50.747303,-3.097141,20.432194,3.329732,6.234893,-5.887981,1.346591,0.51387596,-1.7959623,3.1086166,95.703125,1163.766725476131,0.03814598136600928,0.066189446,jazz
-250.29575,138.58932,-20.582726,49.543568,-9.317457,18.925392,-0.13038334,5.956013,-10.701685,0.49019346,-2.7635057,-1.7313217,4.437746,95.703125,1229.5128533890831,0.0461918594112529,0.07736201,jazz
-266.10098,141.46906,-16.99855,49.061405,-5.3396263,20.315563,1.9272015,5.7291036,-8.067339,-1.6191775,-3.1774309,-1.2961688,3.9711466,95.703125,1188.4216797385056,0.04273537195475638,0.06536077,jazz
-93.58498,92.71556,8.420141,37.117012,-0.5715542,14.161152,3.4776564,9.988059,-5.7143984,0.3442161,5.037416,0.5853715,-0.19162345,107.666015625,2002.4633622391004,0.06882273238109049,0.20874749,jazz
-97.95366,72.42649,22.162807,37.734493,4.37962,9.969322,9.158425,9.072389,-2.4220438,5.691458,-1.2052732,3.9453728,1.0521957,107.666015625,2594.5427595082974,0.07259869852088167,0.15653694,jazz
-82.05505,82.76081,5.953163,35.222645,-6.3365846,16.118639,4.248144,9.905185,-3.1935282,-0.54664683,0.8470398,-0.63281876,1.6243578,107.666015625,2275.3006933321544,0.0903433602813225,0.19982536,jazz
-155.9551,101.99939,-26.113472,49.668835,-5.4107685,25.124697,-2.5761156,10.730587,-8.321211,8.428308,-4.1494093,2.347473,-5.1305614,99.38401442307692,1962.2360512969406,0.09566800500290024,0.121298224,jazz
-146.7802,119.076225,-28.581575,50.682003,-9.057402,30.076344,-0.5470724,12.382301,-10.661672,5.3177376,-10.386455,-1.3965781,-5.378655,198.76802884615384,1661.071223540881,0.0669908280162413,0.12454754,jazz
-120.89876,111.59711,-28.11474,55.859158,-11.867512,30.965746,-1.9642286,6.1561017,-14.815703,6.0336685,-13.892029,-1.1069326,-4.4006066,99.38401442307692,1790.1241081215715,0.07551139247389792,0.14392526,jazz
-266.34686,188.18735,-15.402997,50.39926,0.34803477,4.777961,6.681118,-10.343714,-7.9133444,0.024937464,-4.053537,-3.5427568,-4.3358655,71.77734375,821.9081273424142,0.033853411397911835,0.08567695,jazz
-246.00653,173.25017,-18.816893,49.788464,-3.352914,4.9678574,4.1392016,-9.000081,-12.247053,-1.5507257,-6.655744,-1.5223666,-2.6637096,123.046875,959.6830482564601,0.04064403277262181,0.10399752,jazz
-268.97354,181.22089,-12.916363,46.501637,1.6692444,7.579284,7.9658318,-7.25287,-11.462825,-6.9383903,-7.20997,-3.4652853,-4.0825624,99.38401442307692,841.8167613897916,0.03868297745069606,0.08453288,jazz
-50.508312,67.02771,16.712164,23.584711,8.549367,7.675679,4.104616,7.856861,-1.9722327,4.857568,1.9790444,2.3755467,-0.5050138,123.046875,2890.1701997345735,0.10775041690835267,0.19152512,jazz
-38.53379,60.82385,14.361228,18.287125,8.088918,6.0051785,2.5595422,6.642523,-4.074489,6.597858,4.224435,4.368998,1.9320513,83.35433467741936,3080.6189448515956,0.11478347955336426,0.2020497,jazz
-25.150043,67.24465,11.847421,22.00291,5.8975744,5.492096,-0.82875746,5.1685705,-2.7792227,5.323882,1.2861291,2.3620725,0.44593352,123.046875,2962.2394571188047,0.12129993837006961,0.20048155,jazz
-232.66792,131.2553,-4.519884,20.695026,-6.274261,-4.9884067,1.5362252,-0.35475814,1.2831115,-4.7273526,-3.77423,-8.133286,-9.721167,92.28515625,1210.1485558151655,0.048066814095127613,0.11035535,jazz
-286.19064,124.29973,-6.554557,35.80498,3.1073422,0.9775716,2.4085066,1.961527,7.0371847,-1.8217281,-4.967446,-5.19125,-2.8098714,95.703125,1360.6129185988918,0.059463819605568444,0.056037813,jazz
-225.5956,122.82401,-27.13331,34.561028,-0.43610612,-2.3795142,1.6903858,-0.70781654,-0.29744762,-6.639083,-10.736256,-6.18266,0.5991676,92.28515625,1565.6534182823132,0.07750077037412993,0.0677848,jazz
-177.39548,138.84564,-35.748604,35.979664,1.2195884,-4.174995,-10.672211,-3.5257692,-7.5835056,-1.5190104,-6.0868497,-7.4108806,-3.5391655,129.19921875,1631.139971667657,0.12013757975638051,0.08011514,jazz
-187.1733,158.23715,-38.243076,24.152334,0.29631498,-5.611956,-4.8926797,-3.5261235,-8.410269,-3.8012638,-7.5986967,-11.249999,-5.9363456,123.046875,1373.9365793024422,0.08467431300754061,0.08804483,jazz
-206.89256,134.70508,-11.173828,41.106804,-5.3756294,2.9367874,-1.3828051,-3.8416083,-15.531327,-3.2445562,-9.489259,-7.0437183,-6.407997,83.35433467741936,1637.4588886782665,0.09354721033932714,0.07307131,jazz
-182.7235,119.2421,24.161276,35.601677,11.037658,16.60288,6.587914,3.3289135,-7.3358836,4.3940425,0.93760425,0.9166504,-3.2028766,117.45383522727273,1251.7690623979538,0.044649978248259864,0.19885848,jazz
-171.62828,105.05005,33.357502,38.25817,14.31146,12.897353,4.786925,10.910981,0.8509715,3.4319253,-1.4265256,2.2569704,-3.9155679,103.359375,1606.529514484861,0.03211100638051044,0.17113058,jazz
-183.9339,119.27323,27.133234,34.04502,7.7573776,8.5104885,0.08501486,11.339137,6.470121,8.592453,3.6639087,4.729446,-4.0339775,107.666015625,1332.0239071278615,0.037926198158352666,0.17742114,jazz
-204.3697,131.42061,-4.7430205,15.306781,-0.24189472,9.417945,5.435271,1.3221353,-0.06989641,0.53031987,-3.219592,1.279899,-0.2810159,95.703125,1414.0830925124258,0.054126712949535964,0.09857319,jazz
-192.96329,125.731415,-6.01919,21.519503,1.497548,7.190316,4.7202854,0.4400166,-1.806682,1.3242074,-0.66292703,2.4683235,-1.5239321,95.703125,1468.8276139021875,0.05142360607598608,0.104141384,jazz
-173.60579,131.32106,-12.766534,25.193758,5.3797975,6.793507,8.394163,2.2586594,-2.902298,4.1712036,-2.1285026,-0.30133533,-2.23851,95.703125,1403.3990742447993,0.05134883446925754,0.11686501,jazz
-13.103777,84.51615,-0.7795609,30.396145,5.7338753,5.740102,-1.6611168,5.3630543,-4.5758834,4.790193,-0.37487602,4.9190288,-0.3995972,172.265625,2435.979228356339,0.09724274035672854,0.24131279,jazz
-25.323313,86.853455,1.3192796,30.766663,7.224977,8.1667385,-1.0456437,6.0541267,-3.7530136,5.642657,-0.17282873,4.200846,-0.81868535,172.265625,2380.1516479240395,0.09210389174883991,0.22389708,jazz
-31.509731,77.422485,5.642376,27.359793,6.8321176,5.554201,0.6193022,7.106219,-1.9183367,6.367432,-0.5528675,0.6924544,0.5737851,172.265625,2551.603071732036,0.09346224260440836,0.23109016,jazz
-161.30266,107.174126,-12.152926,32.436626,4.6091137,5.0655107,4.235176,2.1052692,-2.400258,1.1164038,-5.9864287,-3.2454875,-7.3662224,117.45383522727273,1694.8681372600347,0.06474314820185614,0.1061457,jazz
-165.82446,105.06818,-15.518963,35.139236,5.8435674,5.088151,3.612592,3.1678572,-1.8597622,-0.6583213,-6.0107565,-3.7567165,-7.581954,151.99908088235293,1773.4255057876949,0.06716189638921113,0.094126835,jazz
-177.01146,112.89833,-14.863952,23.629808,1.1809251,3.8249981,1.6773943,0.5062411,0.8637472,0.28891104,-3.7136812,-0.6467489,-6.706122,151.99908088235293,1706.9029154256664,0.07026378516531323,0.0928138,jazz
-59.585358,89.991264,13.373023,21.669485,1.7517902,6.5204654,2.069407,5.9357386,-1.2683709,1.7460995,-1.2043397,-0.92662,-1.3811041,123.046875,2383.5524003965447,0.0844885168938515,0.16107213,jazz
-55.623505,81.99314,-2.4479089,23.586937,-2.2552464,6.021959,3.3252828,3.765947,-2.0831711,5.571606,3.0642729,2.9624734,1.6130775,117.45383522727273,2494.2719979354406,0.09946776210846868,0.1629272,jazz
-38.982273,83.62322,0.015949365,23.329031,-4.0656133,5.8080955,1.8357416,1.2080551,-2.2362282,5.804251,1.4222509,0.31904283,-2.41117,123.046875,2548.48975120736,0.1100604063950116,0.1623228,jazz
-70.764366,116.59502,3.5233562,28.622526,6.9943895,6.025384,-2.3444984,6.5204215,-12.22862,9.083143,-6.39625,5.8415728,-5.5903435,99.38401442307692,1713.9550226980896,0.05623051406612529,0.20452096,jazz
-65.83151,130.55138,-11.791716,31.688637,8.627333,4.7715306,-4.565764,4.714024,-9.900588,8.6886635,-10.43884,3.122042,-5.0730524,198.76802884615384,1515.042405843015,0.056653086934454755,0.21754916,jazz
-72.00139,130.77536,-7.197419,31.91476,9.298272,4.376951,-4.827751,4.8770213,-10.124918,9.268788,-7.928498,5.3802876,-4.6590915,198.76802884615384,1498.263815963139,0.05432157228828306,0.2132204,jazz
-195.78484,138.47769,-35.90334,71.240715,-21.427444,9.026911,-4.9915566,1.5583787,5.2813506,-3.8644555,7.3007674,1.9771928,1.093449,99.38401442307692,1573.4808489156107,0.08248327834976799,0.08895699,jazz
-261.88544,149.34187,-17.529835,58.497482,-1.8506092,1.6292051,0.46994182,0.29027244,4.1173267,2.5128913,6.887864,2.0394065,2.9039304,99.38401442307692,1226.365745372252,0.07418476290603249,0.07030872,jazz
-251.24657,148.88336,-16.698051,60.148407,-6.7085123,-2.6216934,1.6012836,5.8098197,5.8059044,3.5815585,13.028923,5.7415233,2.789065,99.38401442307692,1214.491575082668,0.07242309853538283,0.08729156,jazz
-112.13981,121.51539,-19.023905,25.850239,4.1512704,4.268789,-6.849465,1.34759,-6.9807825,-5.296287,-1.407466,0.9749977,-4.6958976,129.19921875,1619.999593557247,0.08738081859048724,0.16613081,jazz
-104.79417,124.79349,-15.290393,27.149073,7.3883896,8.251701,-6.3655014,0.667937,-9.054765,-4.1294036,-2.4131668,2.9613554,-3.3022697,129.19921875,1559.2312753388296,0.08880147911832946,0.18563369,jazz
-136.67924,121.41504,-5.2117186,27.13173,1.4240217,8.144479,-7.1817393,-3.0581915,-8.567506,-5.6118627,-9.599803,-3.5205498,-5.971165,129.19921875,1557.431606627218,0.0880854843387471,0.16561815,jazz
-182.56311,141.24168,-22.945635,50.755287,-20.924097,2.745929,-3.5452726,-9.936043,-2.0267045,4.3170147,-6.1663303,5.778064,-7.0229893,99.38401442307692,1381.5567741633597,0.05694990755510441,0.1350185,jazz
-176.99312,152.34953,-15.373685,60.073883,-21.650826,-1.8554546,-3.2350695,-9.642696,-8.2288475,-3.2957437,-10.900493,0.8464809,-8.753471,99.38401442307692,1245.9650802306228,0.04865592372389791,0.13781746,jazz
-172.6947,140.30515,-14.414955,57.078472,-22.208263,1.2366974,0.93731517,-10.534392,-6.340196,-1.5742481,-10.125561,5.7461996,-8.899509,103.359375,1438.1913193470837,0.05900612674013921,0.14080812,jazz
-207.9858,137.79782,-7.725029,45.68467,-22.968622,7.8390245,-12.866189,-16.47794,-6.0018306,-0.07801769,-7.341037,-1.8224869,-8.745513,73.828125,1360.857869748559,0.061514374274941996,0.10359589,jazz
-197.15303,134.61635,-13.606514,47.666103,-22.897131,11.705722,-11.658619,-18.95401,-9.849836,-3.3746123,-8.6789055,-0.3285067,-11.75206,129.19921875,1462.4160712210942,0.06673139319895592,0.108653694,jazz
-209.08316,144.25496,-11.923212,47.213512,-21.911625,10.353901,-9.5679245,-17.20745,-7.6192665,-0.74775416,-7.5193753,-0.37617606,-9.891531,123.046875,1325.3810642526357,0.055127066415313224,0.086103365,jazz
-167.57321,87.75511,-18.525272,29.548143,7.4064198,3.8518434,6.233031,3.925777,1.4002331,4.819941,2.541141,-4.585282,-6.2547193,161.4990234375,1970.4388722545082,0.09058920026102088,0.120674245,jazz
-185.30533,97.518875,-3.672945,21.677935,4.8817225,6.733734,6.700798,3.3377078,12.7512665,2.334093,-1.5752033,-3.1874666,-5.0531325,151.99908088235293,1984.5392600846285,0.08567693227958237,0.09730321,jazz
-124.812515,90.88961,-27.947964,30.796503,6.0159073,-0.9170522,8.568289,4.773554,-3.4069738,3.4907057,-2.6668088,-3.3484607,-2.8384564,151.99908088235293,2076.721147425836,0.08556364196635731,0.11693989,jazz
-235.50764,153.97847,-6.687808,14.804132,5.3821726,9.103021,5.43677,-0.00018331788,2.6903982,4.0740385,2.8243103,3.8281012,-0.830399,123.046875,1115.1647245222675,0.04548832656612529,0.09047485,jazz
-243.51305,154.88376,-11.425858,12.181394,6.5436687,9.193097,4.3827004,-0.07739038,0.7370443,2.8901021,2.5611033,5.4826427,2.9906359,103.359375,1119.403640758509,0.052204176334106726,0.08204572,jazz
-234.06319,158.52965,-9.47406,12.4084015,7.9007683,8.31066,2.1143382,0.8391892,1.7558224,3.0320327,-1.8973533,1.5820394,1.3849176,107.666015625,1120.5831814276894,0.052201910527842225,0.08657389,jazz
-238.90346,168.35745,-15.325502,41.813763,-1.9970789,3.1254969,1.2003399,-9.155682,-14.792946,-6.825986,-6.3449235,-1.2341213,-3.7180398,129.19921875,971.034141948961,0.04159907011310905,0.09817264,jazz
-242.3188,170.43454,-6.1704817,44.54791,3.3847504,6.392372,0.4240455,-6.395842,-12.008188,-3.8729696,-4.26274,-0.04444294,-2.4024265,151.99908088235293,912.05247474461,0.04063610245069606,0.09914338,jazz
-204.30324,172.93964,-27.127142,45.961246,1.365648,2.9250402,1.0684212,-5.5759106,-11.124721,-2.120513,-7.9290414,-2.3806322,-3.5884311,99.38401442307692,1032.5631927523914,0.04527420787412993,0.103315435,jazz
-159.26012,150.00128,-36.23373,44.25398,-20.451408,14.143295,-3.9709778,-11.376991,-9.397135,-1.2160661,-6.0138793,-1.4613299,-6.016239,107.666015625,1431.0465987263347,0.06844774144431555,0.10634397,jazz
-225.11316,144.89977,-16.205673,49.023163,-11.176832,-3.3522232,-8.422614,-11.049762,-2.7359278,-4.142537,-2.246341,4.82642,5.3060765,107.666015625,1247.4048948027269,0.050997634498259864,0.119668685,jazz
-224.67903,143.85497,-19.754349,51.46516,-12.804092,-4.740186,-9.880044,-9.835164,-2.548397,-4.5976257,-3.8402584,3.4156113,2.7573678,215.33203125,1333.2922794280405,0.05618293213457077,0.10498491,jazz
-94.414986,63.938156,6.0681767,27.724062,7.629983,-6.268156,1.9466155,0.64800626,-7.7802167,-5.0147085,3.0769815,1.5417207,0.6544951,112.34714673913044,2945.963469811755,0.12582588638341066,0.11906943,jazz
-79.119736,64.591576,4.1310306,25.008461,4.6770124,0.7871033,-0.3958746,-2.9274988,-3.5931869,-1.9384147,0.7506673,2.7698796,1.3882899,112.34714673913044,2886.535129250263,0.12369262978538283,0.143023,jazz
-78.6384,60.83874,6.6553235,21.951784,6.255781,-3.225069,-2.6339042,-0.9485537,-1.3547763,-0.0170281,0.87030107,1.4639541,2.5384986,117.45383522727273,3070.4342230078937,0.13902420787412992,0.13683704,jazz
-165.9792,86.34076,4.772091,28.299477,-0.51381755,3.3387375,-0.1997984,-0.21402554,-5.8771276,0.44330952,-1.0613993,0.16990659,2.8960307,83.35433467741936,2209.1527201356053,0.07682442720417633,0.10025953,jazz
-166.88312,84.09336,9.811859,24.431805,1.8680185,2.7957973,-3.658735,1.0142115,-5.0126114,1.0030705,1.9025289,0.029174132,2.1130953,83.35433467741936,2399.725278701343,0.09114432279582367,0.09951829,jazz
-114.3582,67.15213,-8.640319,29.944859,-0.52021384,-1.0915682,-7.0517216,-1.2838897,-4.24063,2.3144853,2.5948398,-2.0350218,0.52301776,129.19921875,2634.138473654528,0.11818332185324826,0.13759378,jazz
-63.339256,58.15435,-3.8522213,20.859243,2.3920667,-4.9929905,-2.436071,-5.6498613,-7.751948,-3.0541787,2.1450858,0.25391155,1.2448218,107.666015625,3010.2683006472075,0.13044473245359628,0.16381137,jazz
-79.64125,61.862465,4.8292246,20.823763,6.467101,-2.2356985,-1.319006,-1.7881509,-5.6395693,-2.7784405,1.7325295,-1.7439489,0.1563989,103.359375,3046.504024276978,0.13736677059164734,0.12853268,jazz
-91.67854,69.75637,-5.993292,21.345966,4.505925,-3.5807772,-0.92183506,-1.7527393,-4.822854,0.021221824,1.4811742,-2.174948,1.4337442,103.359375,2649.8354596785516,0.11100524760730858,0.14764726,jazz
-160.02936,112.34885,-21.732082,20.095163,6.175479,6.265813,-3.0444987,0.56042325,-7.690345,-10.271152,-2.2185867,-3.048401,1.4983,117.45383522727273,1724.3114943125943,0.06909462913283063,0.10820913,jazz
-145.13951,109.77589,-22.080801,22.765793,2.5800092,3.8459227,-2.7493792,-0.98701054,-6.6402507,-7.3735623,-4.600225,-5.130892,1.3041457,172.265625,1794.5092099601027,0.07006439421403712,0.12144662,jazz
-157.68457,110.0948,-23.258375,20.534952,4.1066704,4.191815,-6.5124655,-2.700755,-4.957945,-10.079013,-4.0259824,-8.2897215,-1.203737,99.38401442307692,1681.5495546192064,0.06646176225348027,0.12744708,jazz
-73.04112,62.986675,-5.386167,26.900534,3.2652006,-1.7982708,-9.517966,2.0548062,-3.2582686,-3.043484,-7.9289317,-10.253739,-1.2737527,135.99917763157896,2696.2459206453354,0.13393294119779584,0.17579079,jazz
-81.63968,69.0025,-2.657887,33.27729,7.7968125,-4.2815814,-2.0975754,2.2603457,-7.653505,-0.23291692,3.9219718,-2.3337595,0.043125797,184.5703125,2718.908619856527,0.11451724731728538,0.12632546,jazz
-76.54259,61.752678,-0.52536947,25.372948,3.0007968,-2.3450887,-6.228304,1.3636063,-4.7020884,-3.6524043,-4.7635074,-5.814042,-1.0359138,184.5703125,2915.14699426494,0.14364192104118328,0.13453737,jazz
-148.56544,75.20964,-0.7417443,37.401543,2.0015566,-9.483208,2.3104124,3.6660168,-12.045835,-4.5983715,5.1106772,-1.7221023,0.510703,78.30255681818181,2376.9001995617123,0.09541876631380511,0.11699427,jazz
-135.9722,71.580956,-2.4067388,31.451212,-0.18150131,-12.400475,-0.71280694,-0.733971,-9.32536,-2.5809398,3.2482493,-3.7564793,-0.42776036,80.74951171875,2501.662443954195,0.09209596142691415,0.12701215,jazz
-139.77351,66.13016,1.5699329,31.840973,2.4261107,-5.6941304,0.6495992,-1.3445456,-6.2158937,-0.48772046,3.9122465,-1.1730703,-2.158122,161.4990234375,2628.6433138505354,0.09948588855858469,0.11305147,jazz
-162.32211,64.13253,5.0000896,43.052677,8.866306,4.793368,7.542231,1.9716173,-0.5950765,5.415262,10.980319,3.8219957,4.4713545,107.666015625,2650.9736052728927,0.10972506706786543,0.07054111,jazz
-167.03137,65.97602,8.140034,40.74247,7.7133675,6.118958,9.021219,0.95617706,-0.22689238,4.792364,13.68527,5.0099626,4.8673716,107.666015625,2678.8831113856936,0.1077266259425754,0.06751321,jazz
-161.28372,67.95201,2.8512928,41.809612,4.421202,5.6237855,10.24022,5.0587573,0.22355528,5.2183967,6.767332,1.1580925,2.1839278,107.666015625,2572.7772687398387,0.1054664841937355,0.0711577,jazz
-98.04677,52.747734,-1.5095885,36.87652,3.5892904,3.4611888,10.764847,6.512301,1.4169996,4.508158,5.534171,-3.758456,-2.2909927,135.99917763157896,3169.1269112006576,0.15111341719837587,0.08375467,jazz
-119.30514,57.30799,-3.420375,32.828266,1.136655,4.6650805,10.650857,5.0879574,-0.8917398,0.6815389,0.62780136,-1.2545649,2.191463,135.99917763157896,3007.7188564708235,0.1379728737674014,0.072979,jazz
-134.58195,60.96404,-1.3703953,37.140812,9.3763485,3.4909713,13.280973,6.6214514,1.2225794,1.6475595,1.9252689,-0.5496233,5.127436,198.76802884615384,2909.108683978682,0.13120944206786542,0.070251085,jazz
-249.08559,63.26434,44.99012,22.297613,18.748817,9.367126,10.962078,9.945332,3.5529022,1.7045916,3.15276,3.5182738,1.4376479,117.45383522727273,3200.392174291806,0.09840170026102088,0.03753809,jazz
-232.57782,71.27475,43.322525,20.057343,16.954493,8.541684,9.893267,7.553259,0.92502916,1.7971302,4.163116,3.575938,0.3431827,117.45383522727273,2971.587961895239,0.09007712804524362,0.042366646,jazz
-203.58707,68.12053,22.867521,21.611353,15.447815,12.517923,11.473747,6.510706,1.609877,-2.6597552,0.1725318,4.4697247,2.9852958,112.34714673913044,2907.103933927348,0.11126694823085846,0.049683347,jazz
-150.44041,37.952095,25.05838,13.000876,11.56026,7.936624,5.6829004,0.50876915,0.39558786,-0.71521604,0.98289216,2.968459,-1.2791381,99.38401442307692,4377.60043300152,0.23901537122969838,0.047640413,jazz
-141.43036,44.773117,21.914438,16.497723,12.929808,5.883419,5.8535542,-0.9432576,0.62142074,-2.1876926,1.8787016,3.003532,-1.8556517,99.38401442307692,4137.056831343989,0.2371075623549884,0.051045287,jazz
-183.21335,66.145935,17.82211,20.02126,9.749663,4.94991,5.348718,-0.13943227,-1.7405213,-3.0833244,3.237481,2.141523,-1.189092,99.38401442307692,3201.828844108247,0.14315930430684454,0.0447128,jazz
-118.33964,48.237274,36.94025,23.50546,-3.13246,11.068008,-1.42863,-1.3400804,-2.0837722,-2.6350732,-1.1607227,2.1187265,0.6063018,107.666015625,3732.4962014891585,0.17383605532192575,0.07692192,jazz
-144.35243,57.09518,26.55976,23.550867,1.1233152,6.637074,0.7968733,0.6097687,-2.3892462,0.37825257,4.610461,0.65548676,1.003815,107.666015625,3374.3824032445423,0.1375854208961717,0.06917416,jazz
-115.49589,64.610115,6.9836526,24.065151,1.1175007,3.7644649,1.1657706,-1.7598588,-7.965253,-3.3994594,4.128361,-1.2095369,1.1597836,215.33203125,3071.128942052812,0.1368377048288863,0.076549254,jazz
-191.30191,64.922104,9.259007,31.556627,10.029688,4.4604473,-1.7747277,2.6333866,2.1929045,2.395006,4.3663507,0.47594798,-0.00017404224,123.046875,2881.583095652031,0.10830553944315545,0.04935272,jazz
-175.61559,62.85744,-2.8764331,36.645306,5.8227806,6.792888,-0.8637071,1.8751402,0.3409675,0.25063854,4.3269444,3.5505369,2.3249342,123.046875,2802.4293868097407,0.12297210339327146,0.052948672,jazz
-167.38203,58.1405,-2.052238,39.869076,6.8474193,4.231214,-0.1054328,4.3187985,1.8317735,3.8048348,6.8570614,2.060183,-0.80947685,123.046875,2939.595138787757,0.12305027370939675,0.052408554,jazz
-136.6845,56.81374,-11.018774,38.050926,-1.4643685,-2.901351,-6.4514585,-6.481181,-3.8967118,2.2578855,6.8648376,3.8575876,-1.904431,80.74951171875,2943.93877157087,0.1601403893561485,0.066441305,jazz
-135.42668,60.929623,-13.127176,37.23536,-1.5641917,-2.0796015,-5.031718,-3.2507355,-1.0982875,5.3460045,8.411886,3.0258658,-4.161875,80.74951171875,2859.2773071722704,0.14164801152842227,0.069360405,jazz
-123.74817,67.08803,-13.783865,29.939693,-3.3301194,2.1186333,-3.03694,-2.6056404,-4.837829,-0.11746501,3.9574475,3.3870728,-2.6037521,161.4990234375,2778.3789048104964,0.14022621809744779,0.07794699,jazz
-142.90337,24.254686,7.0376315,27.023777,8.03979,1.2491443,0.00012150386,-1.8412791,0.75078446,-0.6578252,0.05150514,-11.07798,-1.0708616,135.99917763157896,4087.5204823738886,0.2722706097737819,0.053593595,jazz
-160.27654,24.13438,18.913067,25.310633,12.915358,4.964837,3.7566,2.5093315,3.8051507,1.575817,3.318037,-7.847018,0.90105987,135.99917763157896,4170.680193327517,0.2579767709541763,0.053543735,jazz
-166.86383,20.069916,5.5606785,20.13656,9.491932,2.6656363,3.7028701,0.80463356,3.56934,2.8234246,6.6451635,-4.504311,3.5070286,135.99917763157896,4145.454120289808,0.2539538319315545,0.04992184,jazz
-404.51007,82.221565,57.33908,35.176235,24.995245,19.358877,11.698984,8.76626,9.554567,10.13366,9.574859,7.9368134,11.107538,135.99917763157896,1569.9453163585547,0.028456260875870068,0.04109276,jazz
-342.6441,99.45675,46.79347,26.092527,13.312531,7.583293,3.6047494,-2.2701693,5.609325,6.3682456,4.318742,2.6171503,10.37734,135.99917763157896,1734.9596218402644,0.04064516567575406,0.04037175,jazz
-275.8711,88.073265,29.34874,25.177418,10.646051,4.817303,5.7243385,-4.0385103,3.0805578,4.8173375,2.3371532,-2.3570545,6.5407414,135.99917763157896,2231.3858416198,0.05919305575696056,0.055731002,jazz
-157.74805,89.263214,12.709836,15.430243,16.272646,-1.9061244,4.2263513,-6.715787,-2.9647663,0.33839795,-2.2796848,-8.576228,-0.528029,129.19921875,2289.7515496848814,0.07605858468677494,0.11088383,jazz
-199.41566,82.83835,29.703089,21.461672,15.310407,3.7407134,4.4330306,-1.4056895,2.717615,7.013985,5.1318603,0.7888631,6.479913,129.19921875,2358.708066594323,0.06283420642401392,0.08333384,jazz
-220.22209,70.98638,34.56241,18.475506,10.844173,2.0068104,3.6836717,3.9298532,8.260867,8.333038,8.240651,8.654547,16.053099,129.19921875,2634.48138881891,0.0677861260150812,0.0801093,jazz
-344.23724,89.453316,23.517683,38.089073,20.314583,5.3820405,3.888571,9.044871,5.5604877,3.678195,2.83315,5.3592277,8.267699,135.99917763157896,1737.6696859929812,0.053122960774361946,0.035022367,jazz
-322.9609,94.14455,22.724546,42.600117,21.59429,4.8494973,4.2306547,10.522049,2.9763632,1.3878709,-0.43079787,4.6294484,13.314629,117.45383522727273,1536.953926305219,0.04527420787412993,0.054665163,jazz
-299.6946,88.73775,34.844406,32.783993,17.065601,3.445841,0.99972236,4.2611194,-2.8395174,1.1432816,-1.0478147,4.6799583,17.55445,112.34714673913044,2088.6219884312463,0.08949368293213457,0.045271277,jazz
-210.8158,108.84639,19.972586,26.844254,6.201051,-1.8003111,6.3958564,-4.133526,-15.98479,-11.809376,-7.353661,-8.112152,2.3591528,135.99917763157896,1833.7292010017873,0.0564389682424594,0.06315056,jazz
-212.0485,104.6661,16.332726,29.523796,9.454942,-0.78436965,4.9735208,-1.7846496,-12.968381,-11.503396,-5.4803934,-8.161964,0.7380613,135.99917763157896,1837.0639618828925,0.054560614849187936,0.069016375,jazz
-230.02429,103.55499,21.636482,28.64657,10.2263155,2.9611738,7.6730876,-1.7261348,-10.032773,-10.115018,-5.600835,-6.8919144,-1.7713736,135.99917763157896,1952.24716654555,0.05109846287703016,0.051687475,jazz
-317.83105,67.96408,35.407665,26.677168,10.953211,1.1012474,2.2498834,5.916545,-2.521731,-5.04055,1.427819,-4.306224,-0.47780502,143.5546875,2805.8988881999576,0.11471890407482599,0.0392186,jazz
-293.28363,81.3413,31.76931,28.413288,4.170414,-3.2165139,0.8707128,1.408543,-13.514673,-11.605849,0.36749545,-1.9058416,5.6451907,117.45383522727273,2324.711083254975,0.09797799448955917,0.039421313,jazz
-286.70425,33.105846,28.947794,21.941217,7.1966605,-1.8360883,2.3937252,8.396242,-0.5969155,7.284185,9.103826,-0.6993933,-2.4993126,83.35433467741936,3746.2515020200103,0.24047568336716937,0.043986782,jazz
-293.50452,95.33192,36.67162,34.5012,14.585094,0.2845125,8.02108,6.9551053,-8.627568,-8.165679,0.2865829,-3.16415,4.985541,92.28515625,1717.373815622977,0.03921544192285383,0.06097859,jazz
-300.41187,82.31237,40.42892,31.207045,15.7671175,3.8639853,8.577225,7.177872,-3.6003797,-5.0267825,3.5968504,5.805085,7.7100964,117.45383522727273,2246.69103186655,0.07770242713167054,0.04716262,jazz
-288.0009,76.46865,40.042526,20.106318,11.952014,-1.1080668,5.405494,1.554857,1.0488863,-1.899405,2.7748456,-4.36146,-0.065294445,215.33203125,2678.1733233524897,0.10900000906322506,0.05214758,jazz
-242.84218,94.88588,22.900126,17.095337,22.922369,10.860467,7.418687,-1.9341215,-3.286996,-2.2429202,-5.1842604,-2.1977057,-1.2837532,161.4990234375,2166.3693170291795,0.07875715994779582,0.040262472,jazz
-206.00722,103.605865,14.94951,13.512392,12.4840355,0.6317665,1.0805207,-3.785545,-4.871437,-1.9294447,-3.6366982,-3.1078656,-0.4808399,83.35433467741936,2118.452121062428,0.08471283171403712,0.04604779,jazz
-197.4078,104.55593,13.401561,8.247148,12.69568,2.7332873,5.166,-3.69489,-4.2857347,-2.701432,-5.9552946,-4.7272997,-2.4649684,112.34714673913044,2170.4374889638743,0.08126314167633411,0.04942581,jazz
-367.9122,128.55594,10.659934,34.96609,5.748901,12.649117,-6.3142095,5.5176024,-9.267106,-2.0550606,-4.6039753,-1.3817614,-4.3972635,123.046875,1077.9349202812427,0.036519132468097446,0.037350267,jazz
-358.0266,136.91997,15.685982,35.243053,2.38605,17.119396,-8.578244,3.1521544,-12.759368,-2.213532,-4.1573334,2.6105638,-0.27667308,117.45383522727273,1117.672552243567,0.049365121084686776,0.040758032,jazz
-374.6664,132.54688,20.55484,40.803284,4.7476854,16.019836,-5.233767,6.9412766,-7.707851,1.413326,-0.009901431,4.0498915,-2.682924,123.046875,1039.2938039341016,0.03834763812354988,0.041056994,jazz
-209.96506,92.396355,-5.3973303,41.300472,-5.3602095,23.957539,-14.248992,16.158863,-19.196772,14.858413,-8.629262,5.8381395,-7.8432016,117.45383522727273,2023.3102903230817,0.0770725329901392,0.06967124,jazz
-219.22841,110.72624,2.0038247,39.91997,-0.47603095,24.803907,-11.639444,23.788269,-15.466926,12.987629,-9.922714,6.315637,-7.787545,117.45383522727273,1649.1899726295378,0.04667221033932715,0.07815488,jazz
-231.79517,102.08039,-3.4813368,45.0706,0.58911574,23.803152,-10.935676,22.450603,-15.376356,16.109026,-7.461615,6.993472,-6.8147373,123.046875,1889.6908821786155,0.06604825261020882,0.05638994,jazz
-244.80101,84.916916,-11.907408,43.0102,-3.0525177,21.355333,-7.232627,23.176823,-20.326767,14.182033,-16.325518,0.28739828,-6.8830366,135.99917763157896,2093.633183882693,0.10169051805394431,0.04902798,jazz
-275.19287,87.31602,-6.4774146,56.326584,-3.497201,26.861036,-8.551703,24.097399,-13.772135,13.777536,-4.450531,7.087101,-7.276762,135.99917763157896,2064.48582118377,0.0862377193300464,0.04753522,jazz
-316.33078,122.059616,2.8239803,38.546513,6.4473357,24.090143,-7.8774076,25.007483,-8.933173,8.422674,-5.6106677,6.8170314,-4.02687,135.99917763157896,1464.6867698161695,0.0447292814675174,0.03641375,jazz
-427.29785,117.15139,32.029762,38.246315,13.24857,14.413437,-2.9722574,3.4616325,-9.021774,-5.195564,-6.022212,-2.1403155,0.1474095,135.99917763157896,1152.824373385424,0.042632277769721574,0.021332784,jazz
-417.13385,123.525116,33.5729,47.173832,14.759086,19.128376,-4.2582173,7.1202793,-9.894157,-1.3365494,-6.214409,-1.8252609,-7.9652166,86.1328125,1082.6467227639653,0.03022925427784223,0.020718312,jazz
-402.38702,121.95775,21.265095,41.43863,5.04717,13.796086,-8.980733,8.211005,-14.904829,1.1195097,-9.746022,-4.1821713,-10.369546,112.34714673913044,1292.6805817780707,0.04658724260440835,0.021432545,jazz
-224.19537,100.846,-1.7576209,46.071598,-7.679033,26.371769,-14.862511,24.885141,-10.629728,12.359905,-8.7375555,7.7977057,-8.775868,80.74951171875,1935.8355250443165,0.060107308584686776,0.059356123,jazz
-227.14561,105.34923,3.0788653,44.750046,-8.199983,27.172031,-13.153991,23.882921,-9.599687,8.044191,-9.270085,5.418354,-6.988403,161.4990234375,1807.9560566342504,0.05206596215197216,0.060025502,jazz
-218.44217,103.43623,-7.1297894,45.569836,-5.1510525,23.319365,-15.821775,24.715038,-11.739874,13.70896,-10.115534,7.2777557,-8.336814,95.703125,1909.9464887231816,0.06191428908062645,0.06085705,jazz
-319.5835,106.45142,5.8493476,35.809784,0.18469115,19.973944,-10.009074,11.543452,-17.426971,8.72659,-5.217336,7.5334544,1.5959061,135.99917763157896,1566.5960330721034,0.05680942756670534,0.039707284,jazz
-310.79474,109.41343,10.060741,40.11548,4.0711546,20.716938,-8.419317,16.735172,-12.755601,11.716425,-6.0397115,3.1670716,-4.763974,135.99917763157896,1610.5570250375595,0.045946019431554526,0.03827886,jazz
-315.3833,123.21836,12.599768,41.793648,6.7616506,20.018286,-3.9670515,18.219599,-11.462385,10.608411,-3.9764333,3.9033585,-5.3963747,135.99917763157896,1301.5656227758986,0.0355527660962877,0.039660636,jazz
-60.102448,53.49641,-21.831425,57.83892,4.328449,6.91718,1.735236,6.932432,6.244835,4.7757554,-6.224835,9.52535,-5.955567,95.703125,3104.275720199245,0.18543811629930396,0.11137836,metal
-47.48894,47.69487,-5.8614,40.367817,9.2526865,10.175527,7.3396955,7.505575,5.279698,5.9989123,-2.8753757,9.109386,-2.1922445,184.5703125,3395.605561825504,0.1849554995649652,0.11726717,metal
-51.517925,49.271027,-6.946714,40.962143,5.8920684,13.390456,7.2098827,12.2444105,6.1586165,9.245941,-3.1530173,10.797418,-1.3827891,184.5703125,3322.473076450899,0.17767093242459397,0.11925535,metal
-68.71611,67.36609,-20.149199,45.02447,4.135158,19.680735,0.40688515,22.704447,-4.525777,9.163232,-2.130704,10.957584,-8.928398,161.4990234375,2851.3911933380755,0.15395926986658934,0.10484836,metal
-84.82358,64.94955,-14.728974,48.12606,8.422956,21.759653,-3.593762,20.578007,-10.286189,12.670421,-4.903103,12.844747,-10.621266,151.99908088235293,2908.5268705193116,0.14818146389211137,0.0937132,metal
-87.1167,62.284664,-11.505774,47.410538,11.126232,23.88442,-3.3789499,22.709242,-8.339508,11.617893,-5.8851204,10.5532,-11.590406,151.99908088235293,3008.1198852889665,0.15585121809744779,0.092945315,metal
-59.101154,112.9822,-47.406586,56.812412,-22.333542,17.291077,-22.241676,22.612556,-7.374216,18.544333,-12.618844,10.546229,-11.631394,112.34714673913044,2241.5582279745504,0.1380136582801624,0.13520165,metal
-59.318626,118.16473,-47.74347,54.08515,-26.108267,19.661757,-21.72779,19.422935,-7.1731467,20.57106,-9.586872,8.6270075,-13.985826,112.34714673913044,2156.7045482254566,0.1266143869634571,0.13535808,metal
-68.26945,114.40065,-33.213608,51.947987,-26.145916,23.42942,-20.928808,20.527693,-10.627477,21.863438,-10.028855,9.860175,-18.037468,112.34714673913044,2198.587350123544,0.11982036687935035,0.12715659,metal
-43.365963,71.54807,-43.90509,53.109512,-15.78371,35.688683,-9.8281,30.06772,-14.388889,21.245779,-10.192465,15.500634,-12.334605,95.703125,2869.260663691595,0.17826230785962877,0.14453122,metal
-36.581142,73.15225,-57.266994,53.643597,-9.774733,40.58109,-6.4521484,22.936176,-16.335728,23.757229,-3.3562646,17.382479,-13.31248,99.38401442307692,2743.9922414486055,0.1722601870649652,0.16062343,metal
-49.479027,81.59361,-42.40528,52.402054,-11.576457,34.397854,-8.724304,32.27619,-12.969325,21.450531,-8.593213,15.203141,-13.869478,99.38401442307692,2643.1630724050783,0.14858251160092809,0.14486638,metal
-103.19419,52.321808,-12.136953,37.70136,6.024246,8.698729,-0.93201053,21.419899,1.1268282,13.485999,0.71856266,11.537483,-3.3811862,135.99917763157896,3310.061652378185,0.19117513776102088,0.06296833,metal
-102.89589,49.194374,-7.5522013,35.85114,9.22679,10.494231,2.2305834,21.306622,1.5592313,11.700768,1.8901674,10.921815,-0.8857139,135.99917763157896,3385.8326111768583,0.18217535527842227,0.06632797,metal
-115.77459,41.5507,-6.256689,41.785084,10.014539,9.533426,1.6241409,19.625273,-0.64675134,10.295885,0.797535,10.839511,-3.424999,135.99917763157896,3511.6313339344415,0.20290748259860789,0.06088098,metal
-79.61857,95.096306,-27.38674,61.573887,-18.125015,24.166338,-8.457775,14.175509,-17.340988,14.4929495,-11.243799,9.095279,-15.193514,151.99908088235293,2426.506801037459,0.12979784476508122,0.12537782,metal
-78.006996,93.4133,-29.82218,67.092285,-18.887285,24.588675,-12.199892,12.467141,-18.700155,17.152552,-10.413187,8.737254,-17.95211,151.99908088235293,2482.490263802325,0.13692833707946636,0.12242931,metal
-81.917564,92.66829,-26.811668,64.2786,-20.210838,21.9885,-11.771319,14.231774,-17.331762,18.29658,-9.245481,9.730614,-15.75873,103.359375,2486.2980204581804,0.13551447397041763,0.11701748,metal
-152.40428,62.66361,-14.892122,44.391605,-12.93043,9.827168,-4.4058905,19.886637,-1.877617,16.073137,-0.5039344,13.054326,-10.53086,123.046875,3032.4501966297457,0.17998885223317865,0.048631504,metal
-133.8219,58.490204,-13.398105,43.782333,-9.368639,10.983279,-1.4934337,21.215279,-11.237532,13.613813,-6.689213,7.416938,-6.8256416,117.45383522727273,3222.245411572179,0.19246438152552203,0.052787904,metal
-136.28218,46.716637,-8.576966,44.877136,-9.528778,11.833565,3.0520015,25.67899,-15.026868,16.094282,-2.0040994,6.786627,-9.035359,117.45383522727273,3456.1117027889536,0.22086739595417634,0.049738403,metal
-111.32655,72.25941,-26.207005,52.43455,-4.744616,9.49877,-6.25167,21.392618,-12.055398,8.302092,-8.93536,11.683401,-11.142402,151.99908088235293,2762.6809340331633,0.159658905524942,0.07048275,metal
-106.32001,63.278763,-23.367167,48.90277,1.2046828,8.255016,-2.0329256,21.633564,-10.268067,8.447154,-8.146641,12.964007,-10.009172,151.99908088235293,2976.7135858936003,0.17832008591937354,0.06744331,metal
-106.96688,62.040253,-13.148657,41.522633,5.901017,9.4022665,-1.5451605,20.086689,-8.908891,7.084056,-7.4801884,11.680683,-6.479866,151.99908088235293,3078.3218512176104,0.1662286107888631,0.07023065,metal
-136.9398,67.74837,-9.012719,27.994198,8.606178,6.058212,8.394163,10.165487,3.3956344,7.54362,0.12932287,7.9930716,1.5552126,117.45383522727273,3073.8105312884813,0.15735118184454758,0.059086137,metal
-160.20734,72.755394,-9.0514,34.9076,4.5689354,15.851516,8.026898,10.882355,3.4087152,13.415252,0.31399918,8.032412,-3.376102,117.45383522727273,2822.9884256281175,0.13014564602668213,0.056469876,metal
-153.19868,63.484463,-2.2782226,33.653038,4.793878,15.087106,10.706927,9.798004,4.22861,11.131972,1.5934819,7.4329267,-1.8792362,117.45383522727273,2998.0028065418005,0.1334129386600928,0.059345514,metal
-6.4780536,99.275375,0.8051775,61.931236,-27.239141,33.05613,-14.185055,18.752674,-8.935685,14.311774,-14.600446,16.30341,-12.616,112.34714673913044,2330.0756319669804,0.0991324227813225,0.29390123,metal
9.808382,109.34495,-2.7207654,50.138294,-30.704128,31.827578,-13.806918,21.301212,-7.368086,16.264149,-14.831954,15.166806,-13.212348,112.34714673913044,2190.3696217878355,0.09076933185904873,0.3227851,metal
7.140941,106.102325,-1.0062097,56.11965,-30.154814,29.316635,-14.97349,20.98042,-8.937136,15.386147,-14.7437935,15.92081,-13.564899,112.34714673913044,2233.038128834423,0.09360158968967518,0.32046586,metal
-62.291744,73.525604,-15.718569,73.31659,-25.662466,23.550945,-16.640696,24.172474,-14.700597,17.172108,-14.993536,14.685179,-18.238283,198.76802884615384,2954.0946513142153,0.17193617676914152,0.11948747,metal
-60.985077,72.346085,-21.360218,75.19594,-28.832521,24.06042,-16.998915,19.830622,-16.919935,16.004461,-13.967882,15.449205,-19.000061,95.703125,3010.84734551757,0.19628339798433875,0.1172369,metal
-53.154095,66.01153,-21.33372,72.40011,-28.987534,23.84516,-20.25435,19.82657,-19.440962,15.373335,-16.920914,14.658124,-19.054638,107.666015625,3180.8447716594965,0.22029981148491878,0.117187925,metal
11.468157,87.197685,-29.114466,65.7229,-20.430567,14.704965,-12.559305,30.525839,-24.735748,19.373516,-11.458569,13.253985,-15.202455,161.4990234375,2657.188390858091,0.1614556898926914,0.23659974,metal
5.1716256,86.11744,-27.016464,65.8384,-17.251917,18.4096,-13.242484,28.174072,-24.97027,15.180496,-11.713698,11.413652,-14.260199,172.265625,2641.6053772077953,0.15727301152842227,0.23126079,metal
8.341487,76.87678,-37.24258,70.26069,-13.057147,18.268867,-8.1009,31.578415,-27.179556,17.543491,-12.604553,15.273544,-12.157345,112.34714673913044,2800.7998501411016,0.19489672455046403,0.2233297,metal
-72.20029,68.89621,-44.330868,70.65498,-12.071254,26.071949,-11.943228,37.762276,-10.91093,20.502234,-9.557179,18.33333,-10.352166,161.4990234375,2859.411604588016,0.18128829212587008,0.11105332,metal
-63.33211,79.49527,-46.470078,65.411835,-15.574599,20.734402,-15.490729,38.90002,-9.951689,21.670717,-9.259869,18.245913,-11.645314,172.265625,2722.6951086934087,0.1661300482163573,0.115726456,metal
-57.497078,75.831795,-47.7385,62.188,-17.045303,25.37611,-14.551899,37.288403,-11.550505,22.670317,-9.906019,17.804413,-11.064361,172.265625,2829.408099521697,0.18236228429524362,0.115639865,metal
-80.81893,68.6234,-39.41847,64.594246,-16.028845,21.857294,-16.571472,36.573334,-12.963723,22.088806,-8.918798,18.959688,-10.865158,135.99917763157896,2986.6595785685377,0.20314425935324826,0.08654831,metal
-84.96687,68.02624,-37.027187,63.518585,-13.860045,24.460514,-15.580881,37.416073,-13.40299,22.018227,-9.447449,20.055693,-9.470709,135.99917763157896,2983.4548465773014,0.1928869543938515,0.08726742,metal
-89.8722,58.005344,-33.30479,68.81258,-12.523994,23.062881,-15.343745,35.667274,-15.400011,20.46149,-10.165329,19.22906,-12.203425,135.99917763157896,3174.105189968482,0.213410627537703,0.08484322,metal
-111.69936,63.52425,-53.041565,74.21525,-10.897973,26.52205,-14.887388,33.20673,-8.759337,24.122955,-6.2720637,14.123644,-14.43974,161.4990234375,2900.4100521757523,0.19045801007830626,0.07755391,metal
-135.84348,68.85098,-56.623657,83.33715,-13.758707,28.049864,-13.565635,28.57316,-11.333866,20.283026,-9.162928,8.870703,-15.986739,143.5546875,2776.4968957891924,0.16993207112819025,0.07310306,metal
-106.92348,64.75767,-45.410927,65.527306,-17.391642,23.446007,-11.705302,35.6574,-11.648904,21.460548,-8.656845,14.735666,-13.586354,103.359375,2956.0231609272296,0.194367658787703,0.08179987,metal
-70.60563,64.5151,-11.76229,75.08079,-19.673107,25.780548,-17.946342,21.641418,-22.53413,14.449431,-16.575113,12.838061,-19.22357,135.99917763157896,3110.5762314133767,0.18367305321925753,0.114037395,metal
-75.04489,64.86451,-5.884601,75.877106,-15.595361,24.52728,-20.491104,19.316954,-22.05114,14.28928,-17.041195,12.24723,-18.670776,135.99917763157896,3050.7964292388483,0.16978705952726217,0.111960955,metal
-85.056175,74.82565,-16.260359,78.34056,-17.344614,25.921371,-15.475726,20.374146,-19.868774,14.115452,-13.903656,12.6682205,-17.801132,184.5703125,2799.444506782285,0.15327726218097448,0.106386736,metal
23.517872,77.952995,-59.16165,50.307133,-20.810406,20.663048,-19.195581,32.26949,-18.242449,16.37077,-13.775839,13.828397,-12.1150875,89.10290948275862,2781.278301939942,0.19134054161832947,0.25832814,metal
28.249075,81.74663,-47.858505,54.0381,-13.421007,25.034658,-18.544996,30.598894,-15.533679,17.028208,-12.120502,10.117909,-13.318063,184.5703125,2711.5532517006,0.16655035527842227,0.283097,metal
27.011633,81.26877,-50.673923,51.194588,-16.39873,21.900467,-16.162512,31.426743,-15.680688,16.479296,-12.128486,11.415064,-13.326385,92.28515625,2737.690008688563,0.1800749528712297,0.26656538,metal
-80.16222,79.640564,-18.380743,71.91682,-12.468553,27.664135,-18.25842,24.862411,-13.85481,20.983877,-12.346118,15.4568405,-13.823353,107.666015625,2698.6023556000414,0.1603601725638051,0.10876165,metal
-69.94682,80.742325,-24.847212,67.86983,-12.005896,24.042067,-20.188198,27.936262,-15.628788,22.251848,-13.286008,14.465718,-14.92128,107.666015625,2734.382410067098,0.16914357054814386,0.11251632,metal
-76.77198,85.475876,-23.15819,70.034874,-10.91499,25.696962,-17.315538,28.442055,-12.950522,23.34324,-10.86438,15.110742,-12.017534,215.33203125,2537.6337645422664,0.14579330408932714,0.119594,metal
-74.46581,124.41689,-90.58723,76.124664,-22.401768,22.000713,-14.086398,14.807782,-8.306147,10.950315,-3.8006377,6.908481,-1.6894486,198.76802884615384,2271.5590808675706,0.18049299412703015,0.118762895,metal
-87.7514,138.41182,-96.176956,80.09225,-16.338911,21.036467,-8.317613,11.677464,-0.97835404,9.0149975,0.39011362,3.8911486,0.32334968,99.38401442307692,2114.0471367435985,0.1619258446925754,0.120444894,metal
-68.30699,108.73892,-84.57185,74.753075,-26.66186,25.458313,-20.087736,18.989899,-11.134931,11.220975,-9.743383,6.67146,-7.3498573,99.38401442307692,2487.8782676481337,0.1975726417488399,0.11558147,metal
-122.68687,82.71407,-22.898035,71.50906,-14.638201,19.062098,-17.721056,23.804882,-11.628123,20.704967,-12.711975,11.066551,-12.693733,112.34714673913044,2679.4533786932534,0.15928391458816704,0.082057275,metal
-70.38904,83.906815,-23.882849,65.59542,-13.0061245,24.352036,-18.100521,26.90325,-16.206572,21.609135,-14.291326,13.257996,-15.062149,107.666015625,2672.7684787370868,0.15779188116299303,0.110593826,metal
-75.28992,80.75291,-23.26435,67.53184,-11.895842,24.275568,-20.060646,28.289028,-15.583554,22.47076,-14.930037,13.386371,-14.898789,107.666015625,2746.777877424339,0.16641667270881672,0.10951467,metal
-62.3544,79.45988,-20.497618,67.27672,-13.670897,25.953587,-21.191282,25.40204,-15.398954,22.47981,-13.85806,15.514146,-15.268131,123.046875,2775.980567880679,0.1657086082511601,0.121330015,metal
-68.95309,84.38098,-22.53862,67.57862,-10.610163,22.811544,-21.275377,23.518852,-12.628671,24.346016,-10.583899,14.168526,-15.010806,123.046875,2598.4043286243877,0.14805344583816704,0.12143397,metal
-94.44334,80.3738,-18.213915,70.754524,-10.386767,22.879183,-17.679771,24.25163,-12.145597,20.650694,-10.854366,11.628787,-15.477571,99.38401442307692,2599.485375997958,0.1427865791763341,0.108622715,metal
-81.638306,60.536892,-34.66041,58.87974,-14.371078,35.644226,-9.604801,30.679644,-11.9851055,23.85943,-7.6176767,18.319832,-10.459848,107.666015625,3061.060938180654,0.1883292850928074,0.105089255,metal
-71.79365,54.06346,-34.99642,63.674923,-15.094065,34.756268,-14.779313,32.260986,-13.466635,23.22485,-7.659099,19.120779,-11.921401,107.666015625,3235.787136611328,0.21423311521171692,0.10836732,metal
-75.557014,70.761604,-41.56206,64.74725,-14.977734,33.260494,-10.061552,29.884127,-11.375231,19.802385,-7.2164683,16.08773,-10.962336,107.666015625,2841.9870137388834,0.17131647875580047,0.11141318,metal
-43.52285,106.04951,-14.589137,69.97139,-32.39379,12.071482,-26.691236,25.202785,-19.265335,12.451328,-13.101496,18.913422,-14.295382,135.99917763157896,2298.3429443590817,0.11316569388051044,0.19629233,metal
-46.103443,110.81258,-13.20381,65.65774,-30.475824,9.737764,-24.60179,20.721672,-18.70942,10.322134,-15.303124,20.330992,-15.719508,135.99917763157896,2176.9271526948055,0.10835312137470998,0.20328085,metal
-49.17901,108.86407,-9.0487385,64.89596,-29.39223,7.476705,-27.57288,21.24332,-17.355423,9.529634,-15.4230585,18.4294,-14.089671,135.99917763157896,2181.24762746486,0.09882880474187936,0.19611432,metal
-43.810616,84.1012,-42.819405,73.51635,-22.187147,32.03959,8.810216,26.43468,3.839613,18.185595,-2.9552393,14.4983015,-10.14989,143.5546875,2562.0006260932987,0.14710294011020883,0.19649412,metal
-39.44811,85.01698,-23.518686,69.04645,-22.590044,30.817635,-1.2814296,30.869802,-6.178659,21.164682,-8.97206,22.05036,-5.832481,143.5546875,2543.983285762483,0.1191519540313225,0.20154159,metal
-48.55982,79.68876,-23.031998,69.21215,-20.539227,31.116098,-1.7930343,29.82902,-6.2416873,20.806627,-9.382,21.344675,-6.6166472,143.5546875,2621.137994549154,0.12840777262180975,0.1872817,metal
-21.082651,99.06215,-29.378185,53.329456,-11.028429,35.817635,-10.289549,28.482033,-14.891115,18.980953,-8.690603,18.27879,-7.1007514,112.34714673913044,2311.12156858623,0.11017143090197216,0.22916509,metal
-12.797072,89.84413,-37.52542,70.112305,-9.525495,33.603706,-12.239095,27.197208,-15.331929,18.242912,-8.771091,17.161846,-7.4672227,112.34714673913044,2484.7301653899417,0.1448314693300464,0.23164453,metal
-16.676445,93.794685,-31.767048,61.366432,-10.066169,33.56146,-13.710504,29.234991,-16.047132,21.066301,-7.696075,18.684551,-8.153021,112.34714673913044,2436.3268617165722,0.1292087351363109,0.23266463,metal
-130.58606,99.30197,-35.767075,70.959915,0.34457418,23.563618,-8.595179,25.653717,-15.026873,15.509416,-8.928483,15.177583,-7.8936634,135.99917763157896,2197.4957121271023,0.09965922273781902,0.0982035,metal
-114.067726,79.807304,-40.29436,73.133675,-5.7176414,25.505411,-11.774336,25.387245,-16.500986,13.1443405,-12.357225,12.805581,-12.47393,135.99917763157896,2631.0857297767457,0.14524724477958237,0.097592294,metal
-116.77233,95.870705,-41.457966,81.99508,-7.11531,20.00756,-5.025045,20.977951,-13.331728,12.410567,-7.84058,14.061075,-8.435371,135.99917763157896,2324.9911474510004,0.13265502646461716,0.10524419,metal
-56.65509,70.647705,-47.576363,80.18824,-21.394676,35.098312,-12.6289425,30.32179,-6.8482294,15.330108,-2.528897,12.978463,-14.68153,135.99917763157896,2921.9838660951136,0.21518135513341066,0.14545244,metal
-53.965538,74.806496,-50.04697,79.90574,-22.323723,35.685806,-13.703094,28.222006,-7.9494195,12.520365,-3.1489797,12.355067,-14.778261,129.19921875,2898.5703329197586,0.21950224767981438,0.14194232,metal
-74.26221,70.136444,-41.545937,66.534325,-12.144997,37.35751,-12.025843,26.859856,-13.579669,15.978004,-7.4271827,10.583869,-18.920807,107.666015625,2793.1960618990634,0.15860303980568446,0.12688026,metal
-40.506973,98.01617,-33.432583,50.6693,-10.86779,30.077904,-15.486586,28.151596,-10.963128,19.767107,-15.169421,14.158216,-10.937586,129.19921875,2344.616376623183,0.1201930920098608,0.16426678,metal
-27.062294,95.49473,-39.68319,55.186493,-9.179573,27.53866,-13.732023,28.499638,-14.122711,19.381289,-16.326607,14.620136,-12.46588,129.19921875,2410.894363925825,0.13530148818155452,0.17186856,metal
-42.34201,91.26284,-37.108772,59.532375,-5.0216327,31.849112,-12.227215,29.915712,-11.282101,19.321316,-15.875506,13.412107,-12.8922825,129.19921875,2440.3060837535677,0.12855165131960558,0.15863451,metal
-28.968832,83.53334,-41.257153,49.288418,-20.748726,20.213648,-26.925482,24.293938,-13.171297,23.783253,-17.025269,18.107424,-15.2581415,135.99917763157896,2810.4355622105436,0.17778535564095127,0.14476502,metal
-29.011581,83.30969,-40.9856,46.840645,-24.726494,20.89322,-24.835928,24.960592,-13.189285,24.68056,-16.541874,17.58756,-15.477929,143.5546875,2810.2600197063957,0.17675441379060325,0.14109597,metal
-26.530031,85.402695,-48.992012,47.94421,-22.009457,18.763464,-23.893076,25.27191,-13.133278,25.642927,-15.798573,17.121464,-15.643363,143.5546875,2747.3573768293872,0.18434826348607888,0.14586605,metal
-115.60198,77.5654,-13.089686,48.604866,-26.63024,30.320204,-14.992547,23.04937,-20.654354,15.976321,-14.4649725,8.884863,-14.904923,123.046875,2872.364621153498,0.152800309962297,0.08429124,metal
-112.540115,76.24302,-14.319021,51.43816,-24.38763,33.73233,-13.721546,24.885237,-20.422806,17.97212,-13.913058,10.28763,-16.24066,123.046875,2888.971838394,0.15052204176334108,0.086769305,metal
-83.72184,68.851685,-22.064875,60.454876,-25.280983,38.904957,-13.22644,31.049177,-16.59543,23.03686,-10.968316,10.464344,-18.255726,61.5234375,3103.1753621406356,0.18585275884570765,0.09562914,metal
-98.29606,136.0185,-17.413149,59.715252,6.084467,32.05591,-8.057236,18.957,-2.2924843,13.276528,-5.619471,8.243807,-6.9753547,129.19921875,1391.2163198759024,0.040283769576566125,0.21972188,metal
-81.331535,130.72195,-22.292622,61.05505,1.8090057,30.560062,-8.146969,19.584408,-1.7444584,12.510889,-3.3654962,8.800762,-10.478805,129.19921875,1514.2689510606772,0.04824921149941996,0.22210382,metal
-53.132286,126.41502,-30.590757,65.57802,-5.666348,29.365938,-10.471662,20.21335,-3.0266926,13.878959,-1.3083886,10.064571,-9.7752075,129.19921875,1672.5834145936824,0.06480545787412993,0.2481848,metal
-13.774971,88.3562,-22.521133,52.444614,-14.562389,30.389593,-15.771828,21.068527,-16.066282,21.15057,-18.703573,13.607137,-15.1647625,135.99917763157896,2657.9864606323026,0.13631317067865428,0.21116675,metal
-8.973085,90.82404,-25.33385,51.198143,-13.493497,30.863096,-15.114922,22.40268,-14.9911585,22.503796,-19.67058,12.3445,-17.647533,135.99917763157896,2584.838625689181,0.13009466538573086,0.21712863,metal
-15.20647,95.17731,-21.671871,49.659668,-8.577059,31.809477,-14.437138,26.036448,-12.097346,25.87886,-14.988791,13.878816,-13.081501,135.99917763157896,2456.4799550487464,0.1085910310324826,0.23215124,metal
-52.00332,89.86449,-37.139664,54.18748,-21.114159,24.56754,-8.633323,17.758629,-20.687408,17.928574,-13.433258,16.30912,-12.362661,117.45383522727273,2596.4337566809036,0.15385844148781902,0.13868994,metal
-77.98774,95.48668,-40.560406,57.137905,-17.712854,22.3623,-7.417981,18.040981,-16.970217,16.962585,-12.480878,12.435346,-13.570645,172.265625,2421.241183270932,0.1392745794663573,0.13029201,metal
-55.891956,93.86498,-42.250263,57.11029,-20.257166,23.316227,-6.894672,17.425098,-20.320232,18.557013,-13.377455,14.241977,-13.347139,117.45383522727273,2489.7768594236,0.15051297853828308,0.1400024,metal
-44.738506,119.43728,-38.650536,78.08428,-10.008584,23.300314,3.252371,13.82806,0.11132891,8.554114,-11.568794,13.72485,-12.322863,123.046875,1910.2109023993034,0.0873864831061485,0.2628906,metal
-50.389458,131.47258,-49.889614,80.50569,-12.821204,20.77673,5.5691857,14.254649,2.4431806,10.751591,-11.899216,18.00966,-13.009746,80.74951171875,1801.959576523517,0.08453836463167054,0.26018187,metal
-14.098536,98.1728,-35.992023,70.11156,-17.30533,23.844677,-5.675304,20.947021,-5.1845374,13.437855,-13.711727,16.246365,-13.723692,123.046875,2378.3998349951353,0.12741761528422274,0.24638389,metal
-112.8302,88.302536,-34.49242,53.787525,-28.429474,19.95017,-22.293537,20.213852,-11.13687,18.93535,-16.244797,10.144894,-13.876814,161.4990234375,2646.246660471713,0.1571971070185615,0.08424883,metal
-132.18428,77.9214,-35.266422,37.478737,-34.528667,26.640131,-28.969666,16.425215,-13.83728,12.883145,-15.032913,10.051629,-11.64807,103.359375,2897.032861807646,0.17685977378190254,0.08048105,metal
-69.188614,97.03478,-29.87622,53.954937,-23.753653,20.853308,-23.58398,24.928345,-11.208467,22.85512,-14.26245,10.678113,-16.095173,80.74951171875,2576.915627630125,0.14780420714907191,0.10644603,metal
-18.410994,84.80362,-43.395103,63.433105,-9.861742,33.03327,-15.696625,26.796478,-9.169769,10.741553,-9.474109,13.353563,-9.477987,117.45383522727273,2740.13193618123,0.1593292307134571,0.22377883,metal
27.377878,72.84837,-25.614418,52.224224,-11.551005,36.526382,-20.420057,30.708385,-14.638713,16.314941,-10.865957,19.155611,-8.248638,117.45383522727273,2977.8816753497517,0.17206646062935035,0.28654078,metal
29.202381,79.39561,-32.847645,53.806915,-11.285399,39.35819,-19.445059,32.15237,-12.319955,17.223803,-12.091497,19.055824,-9.619227,117.45383522727273,2792.809084808019,0.15603021679234338,0.3010443,metal
-76.827156,79.12086,-30.91264,51.844627,-12.867487,24.406158,-17.955818,23.46377,-16.514463,16.873291,-13.706524,15.464908,-17.438608,143.5546875,2801.690477633943,0.17782274144431554,0.092633754,metal
-70.971245,80.74881,-30.78388,58.312572,-11.07019,28.10894,-15.428779,26.222109,-16.63691,16.633886,-13.938132,14.788679,-13.564819,143.5546875,2712.0843200537897,0.16029899579466358,0.11750163,metal
-66.836655,87.98929,-29.640783,60.055676,-9.4980545,28.727571,-14.823765,27.153517,-14.505741,20.581469,-12.286173,14.382579,-12.604352,143.5546875,2543.689548622739,0.14270840886020883,0.12596965,metal
-77.0275,108.72295,-36.24682,38.12381,-25.769165,33.763153,-17.327381,27.884016,-12.351721,15.197499,-14.103758,15.613661,-4.4345417,135.99917763157896,2288.2193599810344,0.12225157700116009,0.11601514,metal
-80.127304,105.96833,-40.79312,40.85755,-27.02903,31.695604,-15.052855,31.820576,-11.438683,15.351924,-14.468704,16.296339,-5.012416,135.99917763157896,2318.1444833589353,0.1272692049738979,0.107751586,metal
-80.86206,106.675186,-40.05814,41.430454,-28.317423,32.790756,-13.505003,30.208136,-11.121409,11.584342,-15.695588,17.366732,-0.5117134,135.99917763157896,2269.812584941908,0.12081392292633411,0.111793526,metal
-175.42673,81.96326,-49.056564,69.23083,12.722425,7.239332,-7.6272855,10.485631,-9.297534,-6.7412443,-8.388131,-3.4124424,-16.327785,95.703125,2259.8800301956853,0.13659186484918792,0.09991912,metal
-71.34735,49.175003,-26.075281,81.47364,1.1759307,33.13551,-13.590964,33.59841,-14.249677,14.459333,-7.265225,12.105718,-13.902727,99.38401442307692,3023.994828413854,0.15460955626450115,0.1871805,metal
-120.30851,56.060444,-28.609398,76.55315,4.74227,25.941284,-11.8577795,25.756643,-13.490214,9.274868,-5.4594364,8.33062,-13.080162,95.703125,2788.716030144258,0.15256693191705337,0.15013887,metal
-79.64657,92.82972,-26.434835,64.375114,-21.219639,31.64444,-13.851912,14.347992,-1.5138851,13.390437,-15.225944,9.145338,-5.3087177,117.45383522727273,2416.965700297996,0.11176655851218098,0.14075288,metal
-79.135445,92.43978,-22.975739,71.8373,-8.665197,36.404972,-12.258476,14.137593,-0.94531786,14.122836,-11.583057,11.86904,-6.293116,60.09265988372093,2227.0208735653464,0.09045438478828306,0.17725994,metal
-141.70944,122.856,-22.85944,54.141666,2.5049458,24.983025,-3.5827217,14.77143,2.836519,12.910464,-4.2659903,7.3094625,-3.8448865,117.45383522727273,1653.249752987836,0.0622983432424594,0.14429253,metal
-74.572105,85.54385,-52.67754,52.08502,-9.345819,31.17084,-3.3590732,23.493986,-19.051987,21.532682,-10.338384,14.569089,-16.99381,107.666015625,2598.3505331854294,0.16157691052784223,0.10732831,metal
-70.160645,75.12821,-46.548073,48.946003,-10.45511,33.599457,-7.9977703,27.143612,-19.175646,20.723368,-11.566955,13.863932,-15.391561,107.666015625,2805.5239869808256,0.17401958562935035,0.10429426,metal
-78.01704,79.864,-41.84176,52.21948,-7.809758,30.711565,-7.984646,24.097643,-19.370035,20.339563,-13.281483,13.2821045,-17.203163,107.666015625,2725.928189869633,0.1627811865574246,0.10179024,metal
-103.40663,101.0979,-53.5117,57.633125,-5.055035,26.77869,-10.039923,20.891554,-19.453913,18.132254,-13.770156,8.45885,-15.61506,117.45383522727273,2297.0132811941608,0.13388875797563804,0.09695531,metal
-100.012794,107.38048,-58.98257,56.264137,-5.0199347,21.996157,-4.2129016,25.561152,-19.527369,17.560997,-13.517735,10.147392,-15.091598,117.45383522727273,2241.940612870154,0.13813601181844548,0.096614964,metal
-98.443855,106.13049,-59.80185,56.34858,-7.0494046,20.210192,-4.723338,23.324553,-18.708387,18.228922,-14.525506,11.795929,-14.293845,117.45383522727273,2268.3349751369715,0.13920547237529002,0.098841414,metal
-94.770485,87.01597,-55.016666,52.46456,-6.292899,31.138432,-14.315649,25.664248,-16.322817,23.46162,-12.617835,9.814936,-20.351643,129.19921875,2523.3070584966795,0.154807814312645,0.09273363,metal
-93.78946,91.036896,-54.80301,51.149902,-5.811784,27.197664,-12.8200245,30.59238,-13.905624,24.24623,-11.810884,10.366229,-20.148237,129.19921875,2442.2580729436154,0.1474722665313225,0.0936724,metal
-92.39568,91.726654,-57.92804,51.35333,-4.642667,28.089123,-14.613911,25.85705,-15.808125,20.885921,-12.91189,9.036427,-18.780602,129.19921875,2425.052158721719,0.15234035129060325,0.09416218,metal
-121.334015,81.27305,-41.168526,54.831944,-10.242295,20.316032,-13.274816,22.909443,-15.40626,19.378096,-18.96323,12.520916,-17.291786,95.703125,2740.6518134988637,0.17928305358178653,0.08576354,metal
-98.1943,85.892784,-51.545643,59.5127,-4.9600163,20.330551,-13.6397915,20.065239,-15.45407,18.473648,-18.135143,13.283117,-17.876389,95.703125,2618.8110697369734,0.17534734810034802,0.09618108,metal
-113.58699,82.90886,-43.586773,55.904297,-7.775562,19.729717,-13.759283,21.136522,-16.725685,16.807379,-17.737247,13.441836,-16.955471,95.703125,2690.5840137074874,0.17620948738399073,0.089104794,metal
-88.102036,79.07388,-43.474003,52.605804,-7.6941743,28.106472,-5.640686,27.85917,-12.687688,19.013866,-16.994907,12.091115,-19.12258,117.45383522727273,2701.593712605912,0.16495296186194897,0.094636574,metal
-93.53059,77.749466,-42.66283,54.403866,-7.90827,28.543789,-6.463515,27.165634,-12.41314,18.544632,-18.064909,9.731722,-18.647116,117.45383522727273,2747.412874769733,0.169921875,0.08970377,metal
-77.58333,73.817245,-41.32149,55.371338,-9.763248,31.90809,-12.0157995,25.302889,-17.977488,18.192822,-19.155024,8.127491,-19.68655,117.45383522727273,2832.858099735555,0.17768905887470998,0.10141108,metal
-110.54088,94.55706,-41.074436,68.31662,-9.249347,23.19283,-9.684466,18.671896,-20.570791,21.861876,-13.022975,11.637062,-23.09835,60.09265988372093,2390.587989327603,0.13236613616589327,0.085167356,metal
-169.99486,93.15966,-38.71721,54.065933,-7.016657,20.896688,-3.294084,24.123444,-16.213625,14.622078,-15.788996,10.435883,-17.447489,61.5234375,2344.871236404018,0.13694759643271462,0.08128291,metal
-126.071465,92.88589,-50.52237,55.741413,-9.752834,19.0968,-7.0466933,23.245459,-20.532646,14.9522085,-19.208843,11.536092,-15.269839,123.046875,2434.787355388211,0.1624809672273782,0.09727574,metal
0.76324165,76.84649,-28.626078,61.677387,-18.192995,27.699337,-23.044628,24.16439,-13.904712,20.5325,-13.593933,20.710732,-12.453995,117.45383522727273,2879.834100942298,0.1704169536687935,0.20836793,metal
-5.399484,86.25289,-32.536503,64.350204,-17.895952,27.999872,-20.333454,21.797401,-12.306504,16.408886,-13.604392,18.819279,-9.753069,117.45383522727273,2663.4411773221113,0.14936308185904873,0.21603626,metal
4.665805,77.24779,-31.968718,58.4136,-17.51164,25.629427,-21.56185,22.312454,-14.040275,17.802038,-14.112194,19.390633,-11.846584,117.45383522727273,2843.252814706458,0.17047586463167053,0.21187702,metal
1.7331135,70.01927,-30.291115,62.122837,-18.89023,26.416838,-14.750762,18.07445,-12.603683,19.528889,-13.652495,18.996216,-11.143907,143.5546875,2966.8887504246604,0.1792060161687935,0.22498918,metal
-6.957459,72.54166,-33.61774,65.87724,-18.888695,26.00407,-12.815557,18.920412,-11.716238,19.475416,-14.839879,19.74501,-11.386586,103.359375,2912.2447259976193,0.18036271026682135,0.20658849,metal
-0.6639013,75.50115,-34.34498,62.686096,-17.834682,25.092617,-13.917617,17.139324,-11.405301,19.933567,-13.27694,17.409962,-10.974137,107.666015625,2844.677969417591,0.17387117531902552,0.2201264,metal
17.539673,73.18802,-28.43018,52.37324,-23.037191,26.640171,-14.723472,20.968966,-15.1589365,18.87554,-15.731877,18.858593,-12.620027,112.34714673913044,2980.120995648257,0.18401972157772623,0.23241076,metal
9.352914,73.43982,-30.563644,58.097412,-19.069315,28.406708,-18.776188,18.65758,-13.778792,20.860228,-16.046957,17.252922,-13.771206,107.666015625,2936.5760923717116,0.18103452182424595,0.22830476,metal
1.468567,82.81786,-35.199806,60.581207,-20.482912,27.102396,-16.799257,18.847967,-13.157827,19.666754,-16.733793,16.69825,-12.833564,107.666015625,2750.745778747263,0.16352550391531323,0.21198218,metal
6.415898,73.326,-29.344292,63.52044,-23.662853,28.921482,-15.991291,19.123974,-13.321579,19.140856,-13.782004,20.191406,-12.295403,99.38401442307692,2990.7875722097356,0.1896411869199536,0.2151963,metal
8.879095,74.10122,-33.301464,64.91857,-23.131683,30.5403,-12.850946,20.952984,-11.1895685,18.514812,-15.744255,18.13343,-12.162823,99.38401442307692,2983.658664653487,0.19828637072215777,0.212897,metal
14.561739,74.91963,-34.01851,59.846573,-23.149,30.601187,-15.757203,20.359715,-11.909229,19.869387,-15.40116,18.065968,-12.377071,99.38401442307692,2965.5919914188007,0.19303763051044084,0.22378267,metal
20.13081,72.97493,-25.128616,59.068962,-19.012367,26.904425,-13.915171,16.82126,-9.8505745,18.539139,-12.502151,18.545668,-11.495393,112.34714673913044,2940.436853655527,0.17466987202726217,0.25631288,metal
23.749794,64.95956,-19.380278,58.319733,-17.547895,27.655054,-13.33298,16.834145,-9.200302,16.922573,-13.660356,19.066036,-9.935766,112.34714673913044,3141.190678416992,0.19166795062354988,0.25714454,metal
4.999176,76.12978,-23.018457,63.956116,-19.615572,28.820925,-10.445317,17.736273,-7.6505313,18.620806,-14.774906,19.659122,-12.165014,112.34714673913044,2880.2074668753316,0.1651908715197216,0.23258662,metal
7.6748238,54.663853,-23.15853,61.973164,-19.834608,32.725746,-17.108398,23.149824,-8.619631,20.933739,-13.267757,19.904716,-11.9384775,107.666015625,3384.2353248358304,0.22482575949825986,0.22192147,metal
10.64314,56.594555,-18.95742,59.706856,-20.267088,31.647339,-14.786599,19.64512,-7.350519,17.61822,-11.993255,18.10059,-9.444694,107.666015625,3378.496929259703,0.22442018017691415,0.23160024,metal
10.187516,53.114857,-21.270157,59.0821,-23.428997,32.37782,-15.885724,21.897041,-10.471709,19.839241,-12.166747,21.509485,-11.316887,107.666015625,3439.8336107340047,0.23477831351508122,0.22439866,metal
23.252987,65.90048,-33.057056,54.33379,-14.913208,23.621698,-13.608382,16.849491,-8.217577,17.479897,-11.717085,12.187778,-9.240024,161.4990234375,3057.1194862269626,0.19653037086716937,0.24851328,metal
-13.997113,90.54007,-35.588726,68.02571,-14.764112,24.479652,-8.116365,15.907511,-6.317859,14.683285,-11.032108,13.115903,-6.8149085,151.99908088235293,2581.522330234925,0.14372122426044084,0.22216941,metal
2.2779083,93.79644,-43.595577,65.12449,-15.418336,22.66359,-10.169482,18.153013,-9.752481,17.221025,-11.436331,15.0838375,-7.807978,151.99908088235293,2515.343866635379,0.14520646026682135,0.24800766,metal
1.926827,76.759605,-26.000774,56.86919,-20.537968,24.420765,-12.003519,16.841557,-10.3398,17.812054,-13.597271,19.597996,-9.679436,123.046875,2859.4480914137384,0.1683358106148492,0.21784061,metal
11.693791,77.65616,-28.00769,54.955193,-23.588264,25.968487,-14.445747,17.386566,-10.975062,19.59821,-11.425814,18.304594,-8.894887,123.046875,2852.976278798207,0.16479322252030162,0.2489378,metal
0.23456377,71.95195,-21.303509,60.29632,-22.339884,28.773731,-12.369943,19.138115,-10.451542,19.469995,-15.054923,19.96569,-11.526318,123.046875,3007.656657130342,0.18370024289443154,0.21470416,metal
3.333801,65.70859,-24.809338,60.90727,-18.785873,32.35057,-18.886759,22.11971,-12.828751,18.028837,-13.437187,20.102453,-10.448805,123.046875,3134.025673251335,0.19781281721287702,0.21325581,metal
-2.9082062,65.43465,-21.562155,63.155533,-19.313284,30.37888,-16.49725,21.44191,-10.923049,19.21343,-13.754761,20.12952,-11.707388,123.046875,3161.4904979339967,0.2024259987674014,0.19587715,metal
2.2901654,69.74952,-25.603743,59.70939,-19.475214,27.418594,-18.166029,20.433584,-10.716833,20.074097,-12.860115,20.453474,-10.375082,123.046875,3048.255239476941,0.18576325949825986,0.21114038,metal
7.969696,63.25544,-24.676971,60.74652,-17.250853,27.893068,-15.187368,16.987263,-11.570505,17.29645,-12.06505,18.107504,-10.698008,112.34714673913044,3105.1722445827727,0.19112075841067286,0.22918138,metal
12.010146,64.67429,-29.932962,64.960655,-21.305676,29.853806,-15.2222,21.53735,-10.905273,19.890236,-13.35365,18.115498,-11.46957,172.265625,3102.7878419171857,0.20200002718967516,0.23257343,metal
11.028734,63.555912,-30.908085,62.396534,-20.508522,28.997599,-15.575709,19.642834,-9.865089,19.690554,-12.984355,18.130892,-10.567212,172.265625,3116.857219276444,0.19655189602668213,0.2348305,metal
10.245754,75.454,-27.731434,59.80056,-21.907564,23.596476,-16.207441,15.605496,-10.176524,19.179438,-14.914818,18.172699,-10.737205,107.666015625,2875.5452262312415,0.16667950623549885,0.24408193,metal
12.495866,71.33515,-23.988422,62.33143,-20.65688,25.984362,-15.990982,15.287501,-11.291185,18.427984,-13.614205,17.017467,-11.32856,107.666015625,2976.5819653675376,0.18402878480278423,0.23799126,metal
12.655811,61.813198,-18.45148,60.327644,-20.262789,26.053293,-16.747255,16.114025,-10.397588,19.081657,-11.967762,17.26664,-11.43588,107.666015625,3180.371374373065,0.18632971106438515,0.24571507,metal
-34.79232,78.22884,-29.492582,73.66871,-2.6245203,23.625734,-4.790356,16.788235,-6.807805,16.870018,-15.552422,15.175855,-7.163445,129.19921875,2664.148675773174,0.13678332547853828,0.20461011,metal
-16.33791,77.18089,-31.730312,66.75151,-8.123702,24.951303,-13.364714,21.097298,-14.955433,20.359673,-14.270503,13.590132,-5.4595847,129.19921875,2753.7977614134634,0.14709954140081208,0.21586102,metal
-24.461744,78.11269,-30.922787,65.57843,-9.7298765,26.43227,-12.1722975,21.582388,-13.502222,19.380571,-13.542475,15.386621,-5.98797,129.19921875,2739.1738357088916,0.1462736550174014,0.20016441,metal
-14.006433,98.00723,-33.982433,47.236614,-17.606949,23.897005,-21.014973,25.50648,-19.51713,22.239487,-15.27762,13.366958,-13.183307,143.5546875,2516.2270504224052,0.1453469402552204,0.18568687,metal
-20.782448,96.75406,-35.695118,51.14492,-19.52189,28.002026,-19.93452,27.404142,-18.21555,21.039646,-13.615173,11.956535,-16.618107,143.5546875,2523.2546162597087,0.15037363145301624,0.17210048,metal
-13.222615,106.66004,-44.239204,40.62102,-26.302332,26.144642,-16.03771,27.751902,-23.804264,21.172173,-13.137761,8.626857,-17.792894,143.5546875,2339.9778792777065,0.1318563297563805,0.19482175,metal
-25.211212,100.09438,-43.058334,59.12089,-19.699041,22.933126,-20.694529,25.62731,-16.582075,18.304358,-16.780512,11.80659,-17.807411,99.38401442307692,2446.442884821869,0.14391495069605567,0.16907947,metal
-11.343003,98.684,-48.43365,56.08736,-18.052376,25.506725,-20.76379,29.39429,-16.601355,19.479866,-16.88478,9.488408,-16.612778,95.703125,2473.842789683651,0.15769558439675174,0.18625621,metal
-11.738579,100.40331,-47.1143,51.60004,-18.049925,24.989826,-19.064539,28.691881,-13.823021,20.254164,-16.431952,7.969687,-15.820232,99.38401442307692,2408.3642134228453,0.14704629495359628,0.19088845,metal
-55.85273,103.13027,-48.439667,56.17812,-21.172392,27.034948,-18.784206,23.116812,-15.1858015,15.741077,-14.336636,11.255044,-15.668776,89.10290948275862,2408.100516667558,0.1500768108323666,0.1187802,metal
-54.282692,103.37096,-46.921684,58.628933,-18.544369,28.241348,-17.415606,19.722563,-15.528832,12.846689,-16.4915,8.888598,-15.311169,89.10290948275862,2369.489105863849,0.14837972194025523,0.12648687,metal
-64.86648,111.174675,-36.508377,60.64,-15.784155,28.745146,-17.885225,20.404867,-16.124025,11.737879,-16.379656,8.139074,-15.138123,184.5703125,2170.128869302653,0.11922219402552205,0.1315133,metal
-74.572105,85.54385,-52.67754,52.08502,-9.345819,31.17084,-3.3590732,23.493986,-19.051987,21.532682,-10.338384,14.569089,-16.99381,107.666015625,2598.3505331854294,0.16157691052784223,0.10732831,metal
-70.160645,75.12821,-46.548073,48.946003,-10.45511,33.599457,-7.9977703,27.143612,-19.175646,20.723368,-11.566955,13.863932,-15.391561,107.666015625,2805.5239869808256,0.17401958562935035,0.10429426,metal
-78.01704,79.864,-41.84176,52.21948,-7.809758,30.711565,-7.984646,24.097643,-19.370035,20.339563,-13.281483,13.2821045,-17.203163,107.666015625,2725.928189869633,0.1627811865574246,0.10179024,metal
-103.40663,101.0979,-53.5117,57.633125,-5.055035,26.77869,-10.039923,20.891554,-19.453913,18.132254,-13.770156,8.45885,-15.61506,117.45383522727273,2297.0132811941608,0.13388875797563804,0.09695531,metal
-100.012794,107.38048,-58.98257,56.264137,-5.0199347,21.996157,-4.2129016,25.561152,-19.527369,17.560997,-13.517735,10.147392,-15.091598,117.45383522727273,2241.940612870154,0.13813601181844548,0.096614964,metal
-98.443855,106.13049,-59.80185,56.34858,-7.0494046,20.210192,-4.723338,23.324553,-18.708387,18.228922,-14.525506,11.795929,-14.293845,117.45383522727273,2268.3349751369715,0.13920547237529002,0.098841414,metal
-94.770485,87.01597,-55.016666,52.46456,-6.292899,31.138432,-14.315649,25.664248,-16.322817,23.46162,-12.617835,9.814936,-20.351643,129.19921875,2523.3070584966795,0.154807814312645,0.09273363,metal
-93.78946,91.036896,-54.80301,51.149902,-5.811784,27.197664,-12.8200245,30.59238,-13.905624,24.24623,-11.810884,10.366229,-20.148237,129.19921875,2442.2580729436154,0.1474722665313225,0.0936724,metal
-92.39568,91.726654,-57.92804,51.35333,-4.642667,28.089123,-14.613911,25.85705,-15.808125,20.885921,-12.91189,9.036427,-18.780602,129.19921875,2425.052158721719,0.15234035129060325,0.09416218,metal
-121.334015,81.27305,-41.168526,54.831944,-10.242295,20.316032,-13.274816,22.909443,-15.40626,19.378096,-18.96323,12.520916,-17.291786,95.703125,2740.6518134988637,0.17928305358178653,0.08576354,metal
-98.1943,85.892784,-51.545643,59.5127,-4.9600163,20.330551,-13.6397915,20.065239,-15.45407,18.473648,-18.135143,13.283117,-17.876389,95.703125,2618.8110697369734,0.17534734810034802,0.09618108,metal
-113.58699,82.90886,-43.586773,55.904297,-7.775562,19.729717,-13.759283,21.136522,-16.725685,16.807379,-17.737247,13.441836,-16.955471,95.703125,2690.5840137074874,0.17620948738399073,0.089104794,metal
-88.102036,79.07388,-43.474003,52.605804,-7.6941743,28.106472,-5.640686,27.85917,-12.687688,19.013866,-16.994907,12.091115,-19.12258,117.45383522727273,2701.593712605912,0.16495296186194897,0.094636574,metal
-93.53059,77.749466,-42.66283,54.403866,-7.90827,28.543789,-6.463515,27.165634,-12.41314,18.544632,-18.064909,9.731722,-18.647116,117.45383522727273,2747.412874769733,0.169921875,0.08970377,metal
-77.58333,73.817245,-41.32149,55.371338,-9.763248,31.90809,-12.0157995,25.302889,-17.977488,18.192822,-19.155024,8.127491,-19.68655,117.45383522727273,2832.858099735555,0.17768905887470998,0.10141108,metal
-110.54088,94.55706,-41.074436,68.31662,-9.249347,23.19283,-9.684466,18.671896,-20.570791,21.861876,-13.022975,11.637062,-23.09835,60.09265988372093,2390.587989327603,0.13236613616589327,0.085167356,metal
-169.99486,93.15966,-38.71721,54.065933,-7.016657,20.896688,-3.294084,24.123444,-16.213625,14.622078,-15.788996,10.435883,-17.447489,61.5234375,2344.871236404018,0.13694759643271462,0.08128291,metal
-126.071465,92.88589,-50.52237,55.741413,-9.752834,19.0968,-7.0466933,23.245459,-20.532646,14.9522085,-19.208843,11.536092,-15.269839,123.046875,2434.787355388211,0.1624809672273782,0.09727574,metal
-85.12736,96.83221,-32.919945,73.615486,-1.458239,15.020978,-7.004325,15.282793,-20.033361,10.917996,-11.064122,14.974713,-14.586542,135.99917763157896,2235.2557226723848,0.12155597447795824,0.13818501,metal
-80.48262,97.2263,-35.6824,68.68387,-4.0653157,18.775082,-9.86063,17.055454,-18.359892,13.296223,-8.435834,14.211919,-13.706246,135.99917763157896,2281.1074023233696,0.1201239849187935,0.13499047,metal
-82.05942,97.99733,-34.492207,71.98809,-4.373871,18.354084,-10.253562,15.729521,-18.697685,12.015949,-9.247246,12.728215,-15.11296,135.99917763157896,2247.6292832919153,0.11794541219547564,0.13501664,metal
-118.90159,98.4137,-37.4701,53.412704,-17.409082,24.618402,-11.277507,22.406597,-11.799833,15.720687,-12.583502,15.062194,-12.06549,161.4990234375,2407.221805058372,0.13892451239849188,0.08945815,metal
-83.20606,113.16832,-42.49799,52.892067,-27.383873,22.228321,-11.49912,22.197605,-13.010448,12.022041,-16.710945,15.718203,-11.717717,161.4990234375,2230.90974035257,0.12877143452726217,0.107933596,metal
-98.08483,107.91261,-42.38931,52.17221,-17.777231,29.26959,-13.049676,21.946962,-12.91065,13.854494,-14.173917,17.409634,-11.694915,161.4990234375,2269.292587969559,0.12386936267401392,0.097256824,metal
-122.665474,106.55914,-2.8795362,73.578514,-3.8348725,30.997805,-10.226866,22.065374,-5.7628784,20.304447,-7.2168956,18.707342,-9.697578,161.4990234375,1739.6983999225858,0.05087414805684455,0.17295374,metal
-104.65839,114.33769,-17.788458,68.33822,-5.8070555,29.349825,-10.2602,20.85294,-6.464099,19.465424,-8.511713,15.533372,-10.603195,80.74951171875,1748.5358692317793,0.05930521316705337,0.17286633,metal
-108.35205,113.433586,-12.173028,67.90663,-5.9253974,29.925877,-11.462569,21.672714,-8.420822,21.191435,-6.7150993,15.104034,-10.680771,161.4990234375,1734.8134971140978,0.050785781612529,0.1743112,metal
-219.54112,65.54262,-13.530455,51.43969,-6.3794146,14.788458,-20.715353,9.446763,-15.3709135,17.41409,-18.914234,12.295435,-11.546229,117.45383522727273,2936.2598215810267,0.16233368982018562,0.03883679,metal
-219.99295,65.724304,-10.569265,51.284367,-8.125359,17.58395,-18.722317,10.032238,-15.984663,17.655361,-18.961164,13.310702,-10.880335,117.45383522727273,2900.6459351009344,0.15177503262761022,0.040043727,metal
-153.0034,92.0008,-8.853972,62.286835,-9.1038885,23.665121,-18.030146,16.130322,-13.108674,20.968819,-12.275899,12.829371,-9.68301,117.45383522727273,2389.9285967183264,0.11400970671403712,0.06748207,metal
-97.611435,76.94094,-23.295485,49.852615,-22.227434,25.926886,-18.827694,22.257454,-12.225105,20.868937,-9.186117,16.182903,-8.697225,83.35433467741936,2861.778389101397,0.1574350166763341,0.104929544,metal
-84.12897,75.714386,-24.352968,50.306057,-23.971527,28.287643,-17.989954,24.66505,-13.05641,22.2096,-11.174125,17.13667,-9.07274,83.35433467741936,2905.7349390932586,0.1599908461426914,0.1137642,metal
-54.73112,90.4957,-26.657822,41.474045,-25.560793,28.594158,-15.968312,20.409033,-15.793245,22.131062,-13.412666,13.89377,-11.787646,86.1328125,2655.9169827395267,0.14308793140951276,0.12681818,metal
-35.133446,94.234856,-34.359707,63.87614,-13.065874,27.14914,-10.656563,24.77152,-14.574567,11.796925,-11.176474,15.683341,-11.148785,123.046875,2349.4640119006967,0.11694959034222738,0.1952528,metal
-32.392105,93.42629,-37.466835,63.433804,-11.953454,27.098625,-11.098085,24.718737,-12.936317,13.328816,-13.237607,12.921406,-13.087066,123.046875,2363.133606953521,0.12099858613689095,0.19437107,metal
-38.57477,94.54263,-34.060184,61.441353,-10.48506,27.060543,-10.860579,23.04339,-11.98249,16.000349,-13.166827,12.422988,-12.832856,123.046875,2307.2360144139366,0.1117133120649652,0.19262302,metal
-1.2724556,74.76635,-18.089605,54.83245,-2.4982975,32.21777,-7.3699007,31.20268,-12.582188,20.108387,-9.524976,12.731429,-10.921098,143.5546875,2717.6623083920863,0.12375493945765662,0.28135946,metal
3.6590495,79.5923,-16.651897,58.735756,-2.736447,30.396666,-11.183306,26.628452,-14.116644,18.11944,-7.8302255,14.00885,-8.566037,143.5546875,2620.2808031618247,0.12149593061194895,0.29161927,metal
5.032947,77.91858,-18.910055,61.26092,6.4264827,24.796839,-5.9752088,25.997597,-14.872376,14.604988,-6.28858,13.288769,-7.6713786,95.703125,2586.2958854235367,0.11817879024071926,0.30637994,metal
-215.19984,84.25812,-24.936802,78.95683,-15.450051,35.379536,-10.217028,23.820936,-9.804525,17.051617,-7.3140306,13.99672,-10.984553,123.046875,2600.3427856464377,0.13716058222157773,0.035913333,metal
-198.84831,71.25627,-10.625555,64.995094,-10.701843,38.017708,-12.2036915,24.31161,-14.049123,16.806412,-12.118259,14.777577,-12.490198,123.046875,2839.853007517163,0.13298583417923435,0.03906961,metal
-190.2943,75.88733,-9.801078,63.230244,-13.625613,38.384624,-11.393052,23.780338,-13.780575,16.971424,-14.583495,18.656378,-10.76077,123.046875,2732.6581412155256,0.13374714508410673,0.047441106,metal
10.713178,91.34085,-22.681746,51.882187,-2.9066443,21.42116,-8.110843,29.022192,-9.551913,15.896975,-8.773425,13.225057,-8.577944,112.34714673913044,2451.5177568729655,0.10971033932714618,0.30961058,metal
-44.636555,111.71778,-16.672007,57.410133,0.26038405,19.813547,-12.01814,19.7792,-10.549202,12.903689,-6.5137525,14.031516,-10.056724,112.34714673913044,1883.507648494456,0.07614355242169374,0.25169614,metal
-88.608734,114.21359,-4.3311124,56.577164,-2.2578473,20.316393,-16.261162,18.999306,-11.853069,15.008327,-6.607637,13.90835,-10.224644,112.34714673913044,1870.886984790795,0.0802707185324826,0.17212655,metal
-133.19026,85.17197,-48.489994,71.25797,-26.426502,12.752839,-13.002639,12.739036,-6.6495895,10.027224,-10.135596,0.86254996,-20.364779,143.5546875,2641.3629893687676,0.16286502138921113,0.06949978,metal
-80.48742,72.92958,-22.526731,69.85823,-13.805886,25.934881,-13.491508,27.272934,-12.31562,22.576586,-13.630563,13.028706,-21.16409,143.5546875,2864.117451232818,0.16410328451276102,0.11310102,metal
-89.376236,70.686745,-17.913805,68.401726,-12.180202,25.918392,-12.620527,26.414368,-10.921247,23.038849,-12.709339,13.418094,-21.410486,135.99917763157896,2872.6092093277766,0.15952409005220416,0.10780244,metal
-35.480812,82.217674,-30.660383,61.449707,-25.090904,35.340256,-16.839254,23.588303,-14.071131,17.214607,-13.141305,15.579187,-14.673318,151.99908088235293,2833.651296979521,0.1739821998259861,0.1521992,metal
-44.29382,93.449326,-27.070406,61.68039,-34.15179,32.922245,-16.957657,22.067122,-15.162225,20.266373,-8.133217,17.535936,-8.429817,151.99908088235293,2603.272268018545,0.14117672382540603,0.15643676,metal
-46.743103,85.613686,-25.07431,64.92763,-22.066896,28.970766,-23.306536,20.958202,-13.994618,21.282965,-11.865211,17.401117,-14.279346,151.99908088235293,2785.1325128556073,0.1639662032337587,0.13821122,metal
-15.680392,75.56893,-17.363104,61.277016,-3.038323,36.81539,-7.9006157,32.384384,-7.9167137,19.402983,-10.692319,14.874952,-9.166653,99.38401442307692,2714.002187799318,0.11404935832366589,0.2593179,metal
5.2464747,67.802864,-13.034762,54.293407,-1.2239175,33.25495,-10.536296,34.532017,-10.736415,21.761995,-8.271294,13.131936,-9.059186,99.38401442307692,2991.20952947285,0.15356728538283063,0.2677739,metal
5.012569,77.21749,-17.643267,52.22784,-1.9133865,32.41609,-6.988009,31.760988,-10.891742,21.730448,-8.498788,14.236907,-10.933655,99.38401442307692,2741.2839126432145,0.12693839725928074,0.28050128,metal
-80.19705,79.699326,-40.361015,56.4563,-7.87403,37.34129,-14.942014,21.947807,-16.416458,17.350815,-9.97478,16.821394,-9.501708,123.046875,2684.010697007623,0.13609565327726217,0.12409735,metal
-66.79916,82.855965,-43.473473,54.58001,-9.459364,36.39203,-14.857048,21.429743,-17.733383,17.905392,-11.471878,17.111193,-12.521592,123.046875,2649.342830475485,0.13909218206206497,0.13475297,metal
-78.36014,75.55894,-39.52601,53.68576,-12.453516,38.603012,-15.806112,20.04876,-18.738659,15.088464,-12.445836,13.021436,-11.969053,123.046875,2797.3971447635186,0.15567335230568446,0.12270454,metal
-97.01329,69.86796,-13.840881,53.445534,-3.8487458,37.138138,-16.726757,30.954449,-12.300648,17.908415,-10.739874,15.908422,-7.2889366,161.4990234375,2950.63384773864,0.15238680031902552,0.1122142,metal
-64.72641,80.78348,-19.054098,54.122875,-10.852983,36.85832,-18.659767,26.004826,-11.739666,22.413288,-11.35592,13.26897,-8.730454,161.4990234375,2735.9806686743264,0.13761034476508122,0.1460322,metal
-59.09649,73.57992,-16.662617,59.58464,-8.777839,35.847923,-19.760956,26.762573,-11.9337015,20.121973,-12.16221,15.177283,-6.072838,161.4990234375,2857.066498568083,0.141569841212297,0.16101529,metal
-19.04124,115.11771,-53.07638,42.794727,-23.308205,27.851685,-15.746161,26.810028,-16.806711,17.404943,-12.619133,10.085233,-5.5717025,129.19921875,2189.240048255657,0.12261410600348027,0.19458677,metal
-13.820351,119.576645,-55.891186,43.274075,-24.081148,29.34339,-15.087071,28.575668,-18.933077,21.276527,-10.902036,8.064917,-4.271676,151.99908088235293,2168.2689048038064,0.12737343206206497,0.19519177,metal
-26.494892,124.28722,-49.98138,44.533306,-19.797964,28.279428,-15.41839,27.991213,-17.946266,20.4723,-10.9513645,12.103479,-6.1822925,151.99908088235293,2058.058071660373,0.11510862275232019,0.18075944,metal
-65.18855,102.1629,-38.045544,54.78249,-22.201485,28.080511,-13.527328,19.643396,-12.292307,12.633737,-9.107809,9.371866,-9.228688,123.046875,2347.4243295079873,0.1393618130075406,0.122709826,metal
-60.581158,103.88189,-42.63951,56.058548,-23.59549,28.426805,-9.680483,16.994783,-15.959323,10.612515,-12.37277,7.6738157,-14.438481,123.046875,2326.9335878536513,0.1346444043648492,0.13138172,metal
-47.40193,98.19549,-43.6594,54.516464,-24.154587,27.935928,-13.141891,17.764376,-17.970028,12.37916,-10.8949,11.083095,-13.113628,123.046875,2460.482743685564,0.1492260005800464,0.14010252,metal
-21.292013,107.881454,-33.93436,63.939423,-19.49076,17.040398,-23.065859,16.193266,-20.83035,14.478476,-8.670851,3.8792846,-14.557027,117.45383522727273,2290.423134657884,0.12133279256090487,0.2109372,metal
-31.933197,103.96966,-29.839346,71.02647,-16.104237,19.434462,-16.86378,19.68352,-16.80691,15.367734,-7.4211726,1.6214772,-14.553004,117.45383522727273,2304.6907879389014,0.12268774470707657,0.206382,metal
-35.377697,94.38989,-24.141043,74.771614,-13.567442,22.393883,-15.62152,21.895424,-17.722546,16.51386,-9.15141,2.4787886,-15.7133255,117.45383522727273,2427.4311128033864,0.12373454720127611,0.20795837,metal
-1.8482841,91.54972,-34.111874,48.11116,-16.069368,25.266651,-12.766045,20.168018,-5.8684177,17.44801,-13.092762,13.72812,-9.782129,151.99908088235293,2572.2774605210057,0.1455236731438515,0.22431733,metal
11.3631115,92.31658,-32.41705,44.991337,-14.849113,23.593485,-13.8414345,15.396779,-6.9933214,16.085686,-14.481185,13.640974,-6.936684,151.99908088235293,2521.98142911037,0.1345549050174014,0.25346345,metal
-9.115028,99.0776,-31.084787,43.73795,-15.123975,29.264717,-11.06117,23.726564,-8.006036,18.579523,-11.829804,14.078501,-9.762476,151.99908088235293,2474.600791902092,0.1347860172563805,0.21088298,metal
-66.54264,84.397316,-35.609703,50.334324,-20.968782,29.109869,-20.452297,13.408219,-5.1551833,8.039527,-16.961521,12.501739,-13.654075,103.359375,2661.00034913042,0.15826770047853828,0.13261403,metal
-37.1727,88.30019,-28.504608,48.900387,-17.382368,29.26807,-24.878063,15.541552,-12.813797,11.504202,-19.433594,13.529326,-14.284356,103.359375,2664.918704889338,0.15362619634570765,0.16048208,metal
-36.635326,88.22187,-40.705853,50.912575,-16.615894,28.258364,-25.536583,18.475126,-9.2720585,12.66964,-18.562845,11.659238,-13.127953,103.359375,2615.894088348659,0.16031598934164734,0.16216074,metal
-104.69869,90.714554,-28.672903,54.142193,-21.536491,30.95744,-16.468868,21.381872,-17.902895,21.766264,-10.656861,13.806568,-11.070889,123.046875,2659.856335274671,0.15942892618909513,0.08397528,metal
-102.65092,95.20578,-31.357496,54.186237,-22.925596,25.843868,-17.173773,20.986506,-18.883677,21.845547,-9.150281,13.664654,-10.369095,123.046875,2527.9007013653904,0.15007341212296985,0.08763807,metal
-81.936264,87.23057,-36.837345,54.84423,-24.819416,26.506763,-17.364471,20.90075,-17.980118,24.351723,-7.3151712,15.548518,-11.662004,123.046875,2698.845800107239,0.16678486622679814,0.093013756,metal
30.86297,63.942738,-10.150896,54.067566,-16.146585,27.979012,-16.682693,29.025473,-17.570736,21.658411,-9.358487,17.912498,-9.526512,95.703125,3294.061833947868,0.19299118148201855,0.27404556,metal
20.137457,64.56874,-9.137585,54.403664,-15.17062,27.991358,-14.691333,29.647142,-18.89449,20.306713,-10.099615,18.27223,-6.867449,95.703125,3231.921247545389,0.17632844221287702,0.26542783,metal
16.983675,54.425327,-0.34539568,51.501305,-8.871583,28.18924,-12.032614,30.83552,-15.928606,19.440786,-10.184496,15.594902,-8.845204,95.703125,3488.4072127669224,0.1900490320475638,0.2611237,metal
-132.09793,102.05178,-24.304384,74.27467,-4.024755,28.130302,-12.849061,16.727362,-1.6567729,12.113184,-4.6790285,3.0943549,-3.6561162,117.45383522727273,2029.459435493537,0.09049063768851508,0.12772173,metal
-166.05074,109.086365,-16.046307,70.817245,10.719616,19.498184,-6.770327,19.555637,-9.836397,13.633345,-0.28325382,5.4915657,-0.85917765,117.45383522727273,1796.2659874945737,0.07371007649361949,0.12758201,metal
-92.417694,102.87928,-42.195194,61.252693,-0.94661343,21.621998,-18.016672,16.197397,-6.7979894,16.29947,-4.4423656,8.398766,-5.215058,117.45383522727273,2138.182014406376,0.11263549521461717,0.14400285,metal
-95.156815,129.42534,-31.983276,77.548744,6.535487,30.575243,0.5944761,17.753866,6.6495137,13.052981,2.3580449,4.273474,-5.989765,151.99908088235293,1349.572727266129,0.03862859810034803,0.2796641,metal
-98.52322,126.86376,-34.827183,77.01264,5.4789324,28.572996,-0.88094324,17.779938,8.732206,13.121867,2.716316,4.2438188,-7.343179,151.99908088235293,1434.9315035603752,0.04478705952726218,0.25725314,metal
-79.08931,128.5699,-38.152584,67.38304,0.28053457,25.80317,-1.9570364,17.16851,-2.8069756,11.321452,1.209162,9.014768,-7.3972178,151.99908088235293,1549.2534419502638,0.056022059889791184,0.26024437,metal
-109.24745,114.840576,-18.534134,46.846363,-8.643279,39.543766,-5.6922297,26.089191,-12.435507,8.970918,-8.360094,23.44267,-6.819134,89.10290948275862,1815.7116178861472,0.05368148201856149,0.14001143,metal
-90.76109,96.48688,-23.573946,54.680656,-7.4064336,40.399452,-8.992167,27.581224,-13.645702,13.196846,-12.039768,25.268017,-11.377459,89.10290948275862,2261.8091308150015,0.09552525920823667,0.14871947,metal
-81.95116,92.49417,-29.788916,57.84762,-9.023347,40.61251,-10.425056,28.278286,-13.12633,14.739117,-12.97908,22.005531,-13.3083515,89.10290948275862,2347.854420920141,0.10423728429524362,0.15051903,metal
-65.53456,104.9262,-27.099297,44.656063,-32.567932,32.987427,-14.652408,22.6057,-18.26387,9.655812,-8.321297,15.779763,-16.281126,67.99958881578948,2385.898127125812,0.13458096178944315,0.13580391,metal
-107.89688,100.64379,-9.850641,48.28895,-29.009188,26.44713,-17.154068,20.713148,-20.081505,5.6458344,-15.189007,15.336078,-15.439151,143.5546875,2311.2756766953316,0.11259131199245939,0.10935174,metal
-117.497986,100.790115,-14.6344,50.1011,-20.788519,26.518616,-20.8199,22.69973,-16.31886,6.8042345,-21.295525,15.496557,-17.221506,135.99917763157896,2273.1571336361253,0.1122038591212297,0.102380976,metal
-64.204056,112.03675,-41.505665,47.06165,-25.976137,21.517056,-16.22247,10.523412,-19.8167,9.422195,-16.746265,4.125483,-15.435429,117.45383522727273,2048.987464959128,0.08968287775522042,0.17226034,metal
-68.94937,103.96794,-35.850567,55.422337,-21.597656,18.293303,-19.804384,10.469853,-21.188818,11.019641,-13.133608,7.6408744,-14.829119,117.45383522727273,2168.004394125203,0.1004805775087007,0.1706646,metal
-71.87084,112.46348,-25.729898,50.580635,-18.119476,26.208033,-10.16809,15.440736,-18.270445,12.640028,-13.281599,6.2923775,-14.35304,86.1328125,2054.548072534439,0.08932714617169374,0.1554349,metal
-104.89813,77.060135,-30.823298,66.73541,-21.084745,28.553501,-10.297886,21.965336,-12.041696,13.465972,-14.375827,10.429286,-16.10935,172.265625,2695.9155346866123,0.1515643126450116,0.09398095,metal
-106.095856,83.190926,-28.336708,67.70224,-19.764633,31.130743,-9.475988,22.646938,-12.159744,14.87965,-15.064895,10.794534,-15.75235,172.265625,2601.8155676328383,0.13273093097447797,0.09200342,metal
-104.58197,82.71797,-27.12029,66.672775,-21.989687,28.35545,-9.063075,23.09955,-12.648954,13.12964,-15.409311,12.628008,-14.567478,86.1328125,2636.0011264093014,0.13995885295823665,0.08975212,metal
-112.8302,88.302536,-34.49242,53.787525,-28.429474,19.95017,-22.293537,20.213852,-11.13687,18.93535,-16.244797,10.144894,-13.876814,161.4990234375,2646.246660471713,0.1571971070185615,0.08424883,metal
-132.18428,77.9214,-35.266422,37.478737,-34.528667,26.640131,-28.969666,16.425215,-13.83728,12.883145,-15.032913,10.051629,-11.64807,103.359375,2897.032861807646,0.17685977378190254,0.08048105,metal
-69.188614,97.03478,-29.87622,53.954937,-23.753653,20.853308,-23.58398,24.928345,-11.208467,22.85512,-14.26245,10.678113,-16.095173,80.74951171875,2576.915627630125,0.14780420714907191,0.10644603,metal
-20.553143,94.022415,-26.90548,39.326645,-20.264433,31.535257,-3.8288436,30.335749,-15.161892,13.361375,-10.069781,16.861092,-7.903121,151.99908088235293,2504.79336039287,0.13233441487819025,0.19743274,metal
-29.052027,95.36273,-29.289717,39.45342,-19.572924,31.445856,-3.2497184,28.460506,-14.197984,13.3774605,-10.238985,15.725417,-8.713025,151.99908088235293,2462.1731156688675,0.12975932605858467,0.17885272,metal
-56.788292,93.09065,-16.515451,51.140896,-9.273608,25.563198,-10.445405,26.579327,-12.539588,14.477781,-7.2727613,14.233459,-8.872233,151.99908088235293,2368.195918976292,0.10037295171113689,0.1796085,metal
-66.920494,70.318474,-14.090164,70.11697,-5.3036547,35.14074,-10.924785,26.160854,-12.873052,15.87891,-10.4265,15.248999,-10.672013,172.265625,2745.3522440525935,0.14553840088457076,0.17326806,metal
-36.635155,96.04178,-36.0868,47.005646,-19.083965,20.71068,-11.363249,22.34368,-11.391634,12.486448,-7.8372474,13.881297,-10.626001,161.4990234375,2349.3075742856104,0.12571372897331787,0.19471592,metal
-51.543404,92.566246,-11.080472,60.40972,-8.639404,27.175446,-11.8136015,23.6941,-10.80864,11.862515,-9.119361,12.941205,-11.249234,161.4990234375,2387.1423462763264,0.1126094384425754,0.19575912,metal
-148.50386,102.68153,6.3962464,74.22091,3.1376936,31.830563,-1.5833874,19.3523,-6.151489,15.460004,-3.9690125,8.872779,-4.4576254,78.30255681818181,1585.370176327895,0.061198294301044086,0.15898013,metal
-46.49344,96.96623,-28.532393,65.965164,0.8540126,28.477192,-6.673774,26.57532,-12.2703285,14.062363,-9.112985,11.095539,-10.74845,112.34714673913044,2172.1617568562456,0.09497580118909513,0.20825496,metal
-51.895836,95.75131,-27.897875,65.665855,-0.19800867,29.78574,-8.137987,27.744045,-13.51492,14.158346,-11.0701475,10.544341,-10.705106,112.34714673913044,2193.282340589488,0.10188537739269142,0.19002861,metal
-74.39992,91.70046,-39.033245,54.1034,-6.3353276,21.99723,-10.281035,21.399887,-11.101172,13.490549,-10.600708,13.730693,-11.4602375,151.99908088235293,2378.8535548675504,0.13510889464907191,0.13504508,metal
-65.60367,88.43092,-38.949203,53.399155,-6.213178,23.10312,-9.176776,22.102089,-11.369158,13.846099,-10.544415,13.039558,-11.528071,151.99908088235293,2442.3783152493857,0.1351508120649652,0.14173174,metal
-147.26836,97.75959,-7.8036475,52.563515,1.8861609,32.653023,-0.60774446,18.374807,-9.7339945,11.31088,-5.0603824,9.66869,-6.158393,161.4990234375,1903.7978161918827,0.07621945693155452,0.13998532,metal
-79.841385,86.85441,-31.068455,42.60451,-14.619045,25.868212,-12.330288,24.222828,-10.098413,12.00666,-9.803137,9.233545,-9.482889,143.5546875,2443.9137441251914,0.1251880619199536,0.1556097,metal
-60.626938,88.976364,-27.342455,57.755955,-6.7831693,28.629955,-6.8766055,27.38192,-7.374969,13.226889,-5.650188,16.521042,-7.8678756,151.99908088235293,2351.5007878225233,0.09981443046693736,0.17483829,metal
-60.023518,89.75877,-24.660503,59.620594,-6.6747017,29.780136,-5.5875473,27.69863,-7.633963,13.22298,-6.3390408,15.654942,-8.089137,151.99908088235293,2330.411263523229,0.09838697252030162,0.17933446,metal
-117.79161,47.67932,31.687122,22.52259,19.891666,1.0491291,11.002406,-5.89894,8.105225,-2.0150487,-5.5342674,-1.2859509,-7.2682176,66.25600961538461,3715.684282087827,0.14510110027552203,0.15903518,pop
-117.2741,55.388832,26.547632,27.731892,22.144419,4.3386393,14.089279,4.066842,6.3183594,-3.5306115,-4.524829,4.0964227,-4.6286297,89.10290948275862,3317.0239174693615,0.11959265334976799,0.16978376,pop
-48.59076,64.15681,29.439209,30.872519,18.101355,-1.8021088,13.74485,-0.66128904,12.152599,3.4669673,-5.927119,3.8811512,-1.9399819,89.10290948275862,3232.204043722294,0.11490130147911833,0.22826451,pop
-77.41457,39.390198,47.215527,18.527367,20.4663,3.4394367,10.922114,8.965946,4.784048,6.2773356,-2.837692,1.8566643,-2.2177284,107.666015625,3867.250818025217,0.14992386890951276,0.26140258,pop
-63.510704,47.82594,33.269756,18.087397,13.689898,2.0272505,4.933325,10.997764,5.868881,6.665678,-0.9447279,1.6585654,-1.4245449,107.666015625,3530.970356012342,0.14057515226218098,0.25233012,pop
-36.59229,48.901264,30.16694,10.492589,12.824497,-0.43710533,6.0057573,6.4710865,6.791037,11.047761,-3.016828,2.206019,0.8565322,107.666015625,3708.5035112637675,0.1569535328451276,0.27188143,pop
-68.51454,64.0606,39.86387,18.48139,9.893939,12.106784,12.522525,5.4426775,7.3814588,8.968837,1.679468,2.120388,0.6075243,83.35433467741936,3184.047554394184,0.10949735353828306,0.21833521,pop
-53.57061,60.30643,26.969627,15.428217,8.535589,9.629684,9.354719,4.3862147,4.8899035,5.2110496,1.5281943,4.1721497,3.7649498,129.19921875,3333.761842959246,0.13384230894721577,0.20949605,pop
-56.84165,64.731064,26.457071,16.783628,8.265231,10.593134,9.741031,5.593229,3.9438581,4.2805176,3.6104617,6.4695024,8.003954,83.35433467741936,3121.919086888561,0.11256072360788863,0.21726762,pop
-135.61414,117.60974,-18.322521,30.575764,25.404308,-4.636832,17.49457,-5.4317336,6.911147,8.095211,-6.774975,2.816426,-7.736772,92.28515625,2097.7860524049242,0.09380551225348027,0.117141426,pop
-134.66168,132.91953,-29.313366,39.511288,19.444746,0.864542,13.156057,-1.0926687,3.339055,9.9217615,-8.789798,6.0242343,-8.382074,92.28515625,1671.4936835275846,0.0819508138776102,0.12485076,pop
-109.18007,131.37376,-23.801168,40.043854,16.989029,0.94284207,18.512342,-4.353717,9.394461,9.842956,-3.561673,2.6907346,-7.639709,92.28515625,1743.5955792989414,0.07992178436774942,0.14565745,pop
-44.81703,88.13167,12.055768,19.697931,12.361377,1.7098936,4.027286,7.7853875,9.416917,5.163615,-3.0239663,-1.5182806,-2.6719232,107.666015625,2598.939367599901,0.11024280379930394,0.19454835,pop
-8.739737,81.11367,0.8998239,15.22221,8.910049,-2.8959117,3.044367,5.492133,8.749699,5.218035,-3.6912344,-1.4141098,-4.9460444,161.4990234375,2814.0873994094927,0.12728846432714616,0.22391856,pop
-9.348496,80.474556,2.1875622,14.214579,6.974293,-0.49312332,5.048829,5.3204107,9.163672,7.1953497,-3.7969935,1.0055118,-1.8916143,80.74951171875,2847.679391652907,0.1329982961136891,0.21430546,pop
-292.44916,96.109314,22.950474,32.725414,2.3800833,3.2543943,-4.7369466,-1.2960639,-4.502295,-10.930264,-13.970092,-10.119952,-9.8799,172.265625,1896.0338547772033,0.07220897984338748,0.049287755,pop
-26.176516,89.0157,-22.712437,25.234474,1.8538901,4.0755777,3.2133121,11.832583,5.5652447,2.446196,-3.392003,0.012876524,-3.541277,172.265625,2441.047446339043,0.1264716411687935,0.17651597,pop
-23.872234,86.972374,-18.141348,19.598087,2.981953,2.4946215,4.710299,8.035443,7.3021226,2.9240358,-4.0267973,-0.079348214,-4.412619,172.265625,2532.2098415045502,0.1210960158062645,0.19237949,pop
-206.91698,98.313965,22.445217,29.362951,11.0857725,16.397083,4.0143447,13.6453085,11.187311,5.668337,-1.0181447,-0.40107787,-4.8079157,184.5703125,1973.3064975379248,0.06002120794663573,0.074489534,pop
-193.34172,99.30168,30.587255,32.459705,9.9086895,20.104422,4.4919643,11.633007,10.194884,4.47023,-1.5660098,2.1359975,-4.3287053,92.28515625,1917.9232508168575,0.05654319533062645,0.08147689,pop
-107.34682,86.3407,20.504614,20.37142,13.888707,8.181048,4.1721473,11.817136,10.73365,5.2549405,1.5569805,2.0357382,-3.352858,92.28515625,2483.7139567980416,0.08625924448955917,0.1256691,pop
-233.79463,86.96277,6.328123,24.48012,12.529881,-5.7138443,7.5850945,15.217079,9.19353,0.04174748,-4.299165,-1.1820648,0.13266154,123.046875,2155.3112547956994,0.08740347665313225,0.082121685,pop
-222.62935,109.60015,8.275422,-2.5734665,9.491745,-11.674646,15.712113,4.1387506,8.3383045,12.6105795,-13.010228,-4.639628,7.6616154,123.046875,2009.890823202475,0.07427652805974477,0.09300819,pop
-217.27814,126.350746,-20.07049,19.959452,1.8377348,-10.512691,0.8442148,8.748989,9.5164385,5.62422,-2.7415285,12.187212,10.775812,129.19921875,1737.4017950389652,0.08484084976798144,0.0774281,pop
-88.608116,81.04548,29.383833,25.179209,23.531069,9.649389,7.2168307,5.392586,4.6861014,8.6518755,-0.24860334,-2.2318764,-0.50872356,172.265625,2593.0859157258237,0.08337940472737819,0.18384276,pop
-48.740643,69.027016,11.781993,23.946228,23.69191,-1.6513289,7.891774,3.6942105,9.016955,9.388828,-2.0627422,-0.94937783,-4.713614,83.35433467741936,3152.9372408464633,0.14446214290893272,0.19437318,pop
-20.017931,72.06075,-3.0976899,24.338106,16.061178,-2.300755,5.293653,5.105728,11.476655,6.686034,-4.472382,-0.37887052,-2.761696,83.35433467741936,2908.606167999118,0.13546575913573086,0.20749058,pop
-78.17729,53.366413,27.471777,27.438873,9.016046,5.072093,-2.6204402,6.4691873,3.6001027,4.3543167,-2.541068,-0.90683883,-2.5662634,107.666015625,3504.66512886224,0.1819159204611369,0.12148722,pop
-28.396517,64.92929,12.300354,32.064003,-1.8528203,-2.9055994,-1.1157689,5.244782,8.349931,-0.01130679,-11.428102,-0.4243986,2.888396,103.359375,3165.1833322081247,0.1676277461571926,0.15610252,pop
0.5776792,65.57457,2.444077,26.507286,5.8169365,-6.2152963,1.4120266,3.685117,4.1624856,-0.6196526,-7.778136,-0.18863566,0.3608342,107.666015625,3169.1828563392573,0.16798574354698376,0.2008752,pop
-123.66542,102.21499,11.502869,35.479595,21.890238,19.977093,7.7166996,6.3105116,2.7467635,1.1883887,1.6812985,4.8224974,2.8328788,107.666015625,1902.4612213287166,0.06744512217227379,0.17187245,pop
-112.050156,96.86034,13.352573,33.514145,22.476288,20.284405,8.14604,6.8140984,7.9182873,0.9304179,1.2015116,2.80029,2.7261102,107.666015625,2010.9167141767264,0.06680843061194895,0.16847824,pop
-97.594284,110.45917,7.866338,33.90287,22.515833,13.315778,4.565033,5.8318043,5.6875253,-0.31182903,-1.8151376,3.9142544,0.5868356,107.666015625,1788.9315223224432,0.06403621664733179,0.2107857,pop
-272.98376,102.58942,4.8728995,-1.7835271,-15.756981,-15.355581,1.5062859,-18.83722,-9.718614,-14.766447,-13.791818,-9.67742,-14.668053,184.5703125,2050.810593918669,0.07228828306264501,0.043343928,pop
-225.7828,88.30583,-2.8244972,-3.1115153,-15.516099,-15.721263,0.44347975,-22.021597,-12.001665,-5.2464676,-12.0017185,-6.930217,-7.137132,123.046875,2296.373652213654,0.1002902497824826,0.06934551,pop
-223.42043,100.70726,-0.9071692,4.1073866,-0.13526155,-16.136732,2.16901,-12.716774,-5.5105042,-6.2732487,-16.92145,0.12936705,-3.2669153,184.5703125,2252.9225433037727,0.08836077979988399,0.05446299,pop
-69.57437,87.49158,-7.840273,19.196243,18.082962,6.719346,6.1326017,5.7319007,-4.596985,3.0769734,-5.2416325,1.4939834,0.2408501,99.38401442307692,2524.770293588248,0.1073346414588167,0.1424185,pop
-65.01207,84.17409,-6.5778036,20.08353,11.172738,6.4186287,5.7851863,6.3385987,-2.5693898,3.9849699,-6.033846,1.2598672,-2.054584,103.359375,2609.2236647159716,0.11626531685034802,0.15780175,pop
-18.139132,69.10447,-13.421592,21.55472,7.0093718,7.2139444,6.9128165,-1.7794298,-4.6944447,0.67614806,-5.8248267,-1.272579,0.115401335,99.38401442307692,2902.15374283712,0.15367264537412992,0.19184716,pop
-178.83461,85.84795,52.502384,36.2416,29.014128,12.180832,9.529306,11.300203,0.8176114,18.67851,3.4769073,3.5099385,2.9940104,143.5546875,1972.3618040869337,0.043130755147911835,0.16622436,pop
-170.49901,83.24634,57.874557,32.692543,27.430773,12.152203,7.089973,9.96096,3.8449166,9.233894,-0.8134468,5.652981,2.674565,143.5546875,2211.032620284695,0.0543963438950116,0.16318676,pop
-135.39131,87.881714,49.232574,27.580359,25.001862,9.741275,7.132694,4.919381,-0.8389325,11.776787,-2.4439251,5.279367,3.6034362,143.5546875,2261.3383374416826,0.057253525594547564,0.18937843,pop
-144.17476,109.29023,-13.09459,22.052923,10.20498,13.179812,0.81567115,8.899063,3.4687154,2.8833008,-6.058202,5.3304048,3.4100006,117.45383522727273,1943.7587199791315,0.08093120105858469,0.07781399,pop
-132.06519,106.12719,-21.223143,17.55873,8.05336,16.281368,3.6875622,14.51713,2.2856972,-0.019742962,-7.076168,7.2920303,2.9629433,117.45383522727273,2010.95128354623,0.09330476906902552,0.07693914,pop
-129.84123,108.027664,-5.970592,17.437265,8.138968,7.995993,-1.4395559,10.547232,1.8882927,0.8300706,-6.05113,4.9649262,2.2992995,117.45383522727273,2040.3739234689085,0.08936339907192575,0.079131834,pop
-59.37049,65.60192,18.618273,15.956671,7.865103,2.9820778,7.055242,2.3382678,8.05155,3.4658237,3.6883037,2.7758822,5.3935,103.359375,3205.8203931510357,0.13012185506090487,0.18682005,pop
-54.155533,66.42375,20.232168,13.21105,5.822953,6.1350813,7.906133,3.1084766,7.418028,4.053558,3.6244218,1.6324642,3.0168285,103.359375,3270.6795023259915,0.1468231130365429,0.19156805,pop
-23.861132,63.997944,-0.0665827,14.285265,7.3080397,4.073347,4.8690114,4.487735,7.800857,4.7363863,3.660705,3.4006593,3.7452438,103.359375,3140.951447293606,0.14725814783932714,0.20942652,pop
-147.56232,37.33609,16.367428,19.730791,-0.03589228,-3.2774842,-1.7734287,-7.02477,8.13695,-0.22464047,-11.427237,-6.516358,-4.579784,107.666015625,3965.4513307523603,0.20493991081786542,0.058508538,pop
-88.06677,57.487114,22.420681,18.216993,8.622576,6.7168026,7.1368556,4.3988967,4.771765,2.7493298,1.5527346,1.4131879,1.6087111,107.666015625,3330.9149886943237,0.13169885622099767,0.17208652,pop
-55.29266,60.365303,17.3947,23.452806,8.065945,7.1886234,11.332047,4.8259306,9.043953,2.4511397,1.7457458,3.696942,-0.28742605,107.666015625,3182.3015775873764,0.1221462170098608,0.20819804,pop
-73.55333,80.3722,22.134878,21.033857,11.738793,0.4511798,-1.3925682,9.068521,-1.5059428,10.298984,-4.187825,-2.352296,1.1018293,75.99954044117646,2811.522988452733,0.1085887652262181,0.13640803,pop
-53.17496,76.2758,10.020709,23.85552,1.7238699,5.9162107,-4.1301246,6.278002,-1.0647005,8.533998,-6.7892866,-3.2239723,1.2067019,107.666015625,2852.3680370092297,0.1248051406612529,0.1465277,pop
-32.764072,78.41136,-25.421053,11.67098,-1.8467838,1.1780906,-5.901464,5.0676804,0.11278433,7.450255,-3.4384754,-0.8791277,1.548592,73.828125,2701.784843110288,0.1446898564385151,0.14581278,pop
-70.68654,65.573685,45.134953,18.609512,17.43905,7.3407536,4.3188386,5.7550735,7.1766157,11.155625,-3.6165144,1.15945,-0.4770672,123.046875,3220.1598186297733,0.1095630619199536,0.21220009,pop
-43.32443,56.07281,29.467754,14.75645,19.596266,7.836881,9.551596,7.264299,6.535734,5.537609,-5.544308,-0.7280813,-0.7114465,123.046875,3637.088699715683,0.1390128788428074,0.20400666,pop
-33.033474,66.256714,28.109045,3.5278697,12.662253,10.650096,12.46104,2.718254,6.64959,10.41999,-3.1248899,-2.6909769,0.09579231,123.046875,3445.976616921434,0.13259045098607888,0.2054265,pop
-52.971645,70.74475,6.641937,7.155937,2.8071928,1.3670337,4.1783247,-7.9983163,2.7530186,-0.547624,-6.7091885,0.010773625,-1.8313439,92.28515625,3143.2446608926525,0.1446275467662413,0.19034933,pop
-21.71458,73.29172,2.4475975,8.9373865,1.5374647,1.2070079,0.94668645,-6.92906,0.11573919,-4.217022,-7.2531347,0.14280187,-1.2381729,92.28515625,3087.2594224770814,0.1597755945475638,0.21718496,pop
-0.8333365,68.34053,-0.25567088,6.5145907,0.0437598,6.016035,0.67975163,-5.4969096,-2.0037491,-1.0898658,-5.9872785,-0.8663515,0.83392984,92.28515625,3165.8901773247667,0.16169586535672853,0.22436322,pop
-8.035191,57.854675,4.727107,2.4840512,9.754253,1.6265484,4.6043773,4.613883,6.2349315,3.2313292,0.041461423,3.4583936,3.6057434,107.666015625,3603.9307427448307,0.18478443119199536,0.220882,pop
10.176936,58.567677,-5.506345,7.5208673,6.7787123,-0.7595922,4.5481157,1.0553864,2.8703227,3.0330145,-1.2100742,0.6322695,-0.078928195,107.666015625,3372.487786865127,0.16990941306554525,0.23990774,pop
38.074886,58.222683,-5.744624,4.9900966,7.6243863,-2.3662508,3.183689,1.1053799,3.8280966,4.5083475,-0.31766915,3.1787813,2.1195269,107.666015625,3485.9984044103076,0.183571091937355,0.2828322,pop
-48.56064,48.92202,-0.0015297025,17.41225,6.2038546,8.064319,1.9387224,4.544087,3.3833523,1.2710474,4.528521,4.7470064,4.773059,99.38401442307692,3517.337369700914,0.18754984773781902,0.17427242,pop
-26.791124,58.594383,-4.72293,12.117423,2.0403504,4.7388816,5.056251,4.950877,3.0776067,4.2423463,1.1606258,0.5879816,3.9689522,99.38401442307692,3421.646461474062,0.19255388087296985,0.18679704,pop
5.452523,54.017956,2.6579063,14.629321,6.3895407,7.377792,7.5511217,5.4015894,6.3034434,3.8664036,1.9637599,3.6301315,5.1669507,99.38401442307692,3566.0621241395816,0.17976227160672853,0.21856324,pop
-59.280735,65.64598,18.397825,16.014593,7.833101,2.924122,7.010604,2.2714963,8.046059,3.4592314,3.6661828,2.7456057,5.347065,103.359375,3200.329256777096,0.1305183711571926,0.18637057,pop
-54.17141,66.16346,20.421585,13.192888,5.9714723,6.113039,7.912172,3.1143382,7.3430424,3.9629734,3.6370425,1.5889925,3.044855,103.359375,3282.9653589026752,0.14686842916183296,0.19127548,pop
-23.851683,64.09417,-0.12182023,14.241723,7.283647,4.1515455,4.975502,4.528961,7.8722086,4.8418107,3.7294197,3.4455578,3.6909628,103.359375,3134.732228187413,0.1464911724187935,0.21011618,pop
-66.81509,43.951195,28.36304,20.27508,12.291768,6.037796,8.343424,0.35134542,9.513713,5.707407,-4.2352185,1.5678455,-1.7690196,103.359375,3884.8148954911653,0.18589354335846867,0.18672885,pop
-54.97343,50.785484,32.51399,12.092436,9.26154,9.689322,10.375965,0.65869623,3.3614206,4.895571,-1.7795094,1.3823421,-1.5343815,103.359375,3757.01447680293,0.17285269540313225,0.20812586,pop
-11.372617,59.26539,14.2636,4.1473155,11.166544,7.225544,5.9396553,-3.262399,4.9659386,3.7192519,-1.4914283,1.0420396,-2.593217,103.359375,3633.7643560922547,0.17242898963167053,0.23638558,pop
-72.91048,57.122757,17.96378,15.07672,11.407403,6.29833,10.790757,5.05041,9.651587,5.624142,0.5909846,0.49519947,2.0087686,117.45383522727273,3372.274530607931,0.1441947777697216,0.17938194,pop
-51.93366,62.608685,12.148107,13.134267,10.716889,7.8664937,11.621132,4.1385765,10.6006155,8.898203,2.0272777,0.27214542,0.7821622,117.45383522727273,3307.27548923839,0.1413149380075406,0.18842353,pop
1.8001143,64.91488,-0.5131569,2.0675843,3.230619,1.9024734,2.7685802,1.3205991,4.5305214,3.1161082,-2.9181528,-2.4451246,-1.1276295,117.45383522727273,3222.366278229963,0.14734538138051045,0.25435272,pop
-114.45191,85.29863,40.663803,12.977065,11.023725,6.751708,6.4077883,-3.0166323,3.0054045,2.7694893,-6.9615855,-4.062656,-3.2174232,151.99908088235293,2873.7551903935714,0.11281109520011601,0.18041928,pop
-100.44687,80.07616,48.36784,13.1382475,10.444854,8.098375,7.5463476,-3.0665202,-3.913095,1.0550597,-5.10539,-0.7157834,-2.8494508,151.99908088235293,2922.4777230057653,0.10763825949825986,0.19411546,pop
-105.6587,77.87433,54.389362,14.827107,17.486042,5.773622,8.7492895,-1.875713,-6.607747,1.7574013,-3.3718941,-3.4383888,-4.9605603,151.99908088235293,2986.0388043347066,0.09632508881960557,0.19377477,pop
-126.47183,85.180084,27.716198,-4.484956,-0.7883204,-1.8751166,-3.5621886,-15.435533,-5.1064115,1.4811592,-8.722627,-5.970344,-2.0475676,75.99954044117646,2894.477507897537,0.11552666400812064,0.13774899,pop
-49.748844,103.11112,13.274681,0.9334276,10.721408,8.961316,3.1887367,-0.28364426,4.5142756,7.787308,-3.3960931,-3.477375,0.21460779,75.99954044117646,2333.732294239942,0.09085769830336426,0.22306052,pop
-43.922825,104.187805,9.588311,1.8070734,11.627314,7.4942226,2.6690376,-0.9358757,3.5662124,5.4887733,-5.367959,-5.2874866,1.7598224,151.99908088235293,2349.774553767922,0.10373767401392112,0.2251785,pop
-98.11341,76.795784,12.725896,12.778166,15.640089,7.7241697,3.3193731,-4.854639,7.89153,2.9350839,-3.7648022,-3.9340694,-2.6942456,172.265625,2859.5840898740157,0.10530901065835267,0.1387712,pop
-93.35386,87.43531,19.641344,15.952118,16.629885,10.959147,9.405358,1.9580846,6.722662,5.27379,0.26137158,-5.1329355,-1.6467062,172.265625,2547.2742236783106,0.08538464327146171,0.15487745,pop
-34.76078,85.93426,-0.2647133,14.4963045,10.394348,3.5491579,3.144048,1.7180687,2.5746763,1.9326725,-4.0715847,-3.5850196,-1.1165411,112.34714673913044,2639.5397530387736,0.11462374021171694,0.17957328,pop
-59.366005,71.099075,15.141518,17.570097,7.8613677,8.345734,7.6976,6.5905223,8.539883,4.3440895,3.6766014,2.092929,-5.353179,99.38401442307692,2968.680438864005,0.12086943517981438,0.18072796,pop
-50.278576,74.671104,18.960909,15.499216,9.376343,10.804533,6.3280644,5.1137967,2.770343,-0.062549844,-0.55952984,0.7372859,-0.022525549,99.38401442307692,2954.5253000326643,0.12068930358178655,0.18750821,pop
-27.30618,78.44427,13.811696,11.294398,9.705631,5.420172,3.0211022,4.082419,4.936793,3.0657954,-0.8056905,0.64475226,-1.6937698,99.38401442307692,2915.146251298417,0.12164320801914154,0.21483518,pop
-59.62164,73.91507,25.655201,15.461667,14.617547,9.108566,6.3249893,8.559149,3.16009,6.5861483,-2.1284306,2.870712,4.198782,161.4990234375,2930.3679377230073,0.10652234991299304,0.21767808,pop
-32.562027,72.496025,24.165613,11.730206,14.843282,6.598036,3.7822797,10.476152,0.17560941,3.7926006,-2.1949859,0.24488285,2.4408143,161.4990234375,3068.715148581537,0.11085457149071926,0.23392771,pop
-29.53532,74.04917,18.067,9.900226,15.080402,11.141157,5.7709007,8.055003,2.9042,2.4740288,-5.008334,2.3929718,-0.58637285,161.4990234375,2965.011936947853,0.1167909839037123,0.25022563,pop
-51.303352,77.95351,-3.6442404,2.48535,2.2714298,-1.6358763,-0.6397566,-2.281572,4.6714506,2.5507207,-2.2222464,-1.5970201,2.8850863,95.703125,2855.6974854699547,0.12884394032772623,0.17223449,pop
2.2913408,70.82454,-6.991548,-2.7032921,0.1591201,2.125363,-0.00033764055,1.5350022,-0.8867218,0.6260942,-0.09471636,-2.2405047,1.5923793,95.703125,3123.018622418899,0.16022648999419953,0.22301976,pop
-5.7448044,68.10855,-4.0382023,-0.85436404,2.6230135,-3.25216,-3.3017862,-0.28977582,-1.8370203,-3.7368786,-1.3401865,0.655897,3.0625398,95.703125,3233.144804156737,0.15616956387761022,0.21358538,pop
-52.44862,77.17331,-1.9617945,1.5512656,1.2101865,-1.9293063,-0.3914786,-2.2662857,4.9620476,3.2951722,-2.452191,-1.89048,2.949397,95.703125,2892.6540838334117,0.1321406884425754,0.16819625,pop
2.0754032,69.6872,-6.343088,-3.8418784,-0.8610142,2.1657097,0.40941256,1.3177451,-0.95686626,1.4634993,-0.4327683,-2.4650075,1.4721388,95.703125,3165.5051063852443,0.16478869090777262,0.21767278,pop
-6.4084435,67.12515,-2.986292,-1.8966115,1.7749227,-3.3819985,-3.1986115,0.18350495,-2.098354,-3.4415514,-1.6037968,1.1194621,2.8230972,95.703125,3274.2243101988197,0.1608212641386311,0.20869811,pop
-152.06047,35.500843,30.377958,14.888763,21.653246,-0.8082622,3.5772402,-0.5814266,8.335383,0.9443869,-1.7149221,-0.9087595,1.2769375,95.703125,4413.766350837739,0.2345834541763341,0.087081425,pop
-116.97256,42.63843,24.963842,7.023544,17.145662,0.0042498736,1.2532334,-0.56566983,4.517954,2.5239139,3.7975717,3.6043673,4.9802213,95.703125,4297.4690907763925,0.23102953705046403,0.09908451,pop
-70.62732,46.695415,9.155857,11.401571,13.493285,2.6507494,4.2597623,1.3776605,-2.4969106,-2.5989041,-0.26155788,1.0638494,2.4388454,95.703125,3962.774038847308,0.21901736513921113,0.10718133,pop
-48.218403,76.37105,-6.1667657,8.955188,2.037109,13.233212,4.3109345,1.8530169,4.4824696,2.6536703,0.30019325,-2.04704,3.177254,99.38401442307692,2819.3730250938006,0.1281358758700696,0.15184677,pop
-114.88762,74.763245,-25.68459,4.0563674,-5.9415536,5.2444634,-3.0010371,-7.7255697,-1.4909688,0.8841642,-7.0699196,-7.9430556,-2.5534685,103.359375,2757.7009319450117,0.14585561376160092,0.11452883,pop
-43.87486,70.45637,-5.590988,15.583836,3.7529678,19.670298,8.225749,5.6364727,4.6366286,5.109843,1.8155246,0.95015347,4.250007,99.38401442307692,2921.8534469168544,0.13658053581786542,0.15282077,pop
-79.931435,82.51253,28.91682,2.5393689,9.900065,0.73065966,3.9005055,-0.016269905,7.9216366,0.98937565,-4.7650156,-2.2954552,-2.8695092,95.703125,2989.083203177191,0.11204638558584687,0.18029147,pop
-84.468346,75.6428,30.750172,1.820651,5.431209,1.7419353,-0.28573266,-0.06340533,5.53595,1.3173707,-4.3708496,-5.4225197,-3.887911,95.703125,3217.5203499177155,0.1394649071925754,0.16135804,pop
-14.451592,73.85017,19.390158,5.144463,4.934498,-2.7535799,-5.5097814,-1.9841776,-1.0395383,-3.590237,-4.4756455,-2.9494853,0.15583238,95.703125,3217.8908342429368,0.14098073158352667,0.22002417,pop
-14.124379,70.95558,-0.8539272,3.0159435,6.404887,3.0294523,6.31316,2.8912807,6.2030063,3.4076097,-0.14879295,0.9538024,4.478234,107.666015625,3069.1691186137127,0.14412340487238978,0.2304445,pop
44.75193,66.133156,-4.13376,-1.7072012,6.765522,2.679513,3.0110722,5.156552,5.877321,3.258235,-1.2526621,-1.5943629,1.2354866,107.666015625,3317.426363860846,0.16925572795823665,0.3100902,pop
42.506134,69.80369,-7.699575,-4.395474,2.5559013,3.2634914,3.6370106,4.7965264,7.2283707,4.2616863,1.763384,0.6146365,0.47096202,107.666015625,3194.248484274756,0.1636773129350348,0.30630508,pop
-78.657646,67.19653,28.997992,22.217064,28.659603,8.837802,6.66617,-0.06307422,6.4972625,6.6096525,1.2018335,3.0802283,4.826136,99.38401442307692,2995.8501999816185,0.1161259697650812,0.22490881,pop
-31.554655,80.41988,22.071678,15.29245,20.233904,1.142746,6.864012,-0.6191547,5.0077305,6.1216097,0.060137685,2.2748914,3.9322872,99.38401442307692,2922.099901334699,0.11648736586426914,0.27182436,pop
-22.489822,81.029076,17.635439,12.938541,20.087727,-0.1557997,7.1874843,0.9721126,7.959315,6.9018326,1.2977325,2.7930121,4.761658,99.38401442307692,2912.7740321359865,0.11237266168793504,0.27188736,pop
15.061505,66.51345,-6.7667933,11.618785,4.9207983,6.035937,3.7208183,0.87902826,7.179158,6.548673,5.483278,1.2861357,4.164957,103.359375,3189.795824732816,0.1686382957511601,0.24369349,pop
8.081761,68.39483,-12.574654,11.258844,4.0099883,6.479029,1.3266504,-2.727978,5.5618997,3.6114182,1.0231646,0.8364489,3.744876,103.359375,3069.208147129437,0.16543784440255221,0.2411429,pop
-8.866735,58.580757,11.849446,8.380897,0.8164142,10.946447,4.229921,6.089605,7.4618263,4.4686365,3.3211327,3.087556,2.0818365,103.359375,3451.8659389389672,0.1593632178074246,0.23703764,pop
-30.501427,58.97535,2.572995,11.9737215,7.8807893,2.8502312,1.7836967,1.5648699,6.14678,4.008716,1.2484678,2.1775842,1.7964575,92.28515625,3206.6847650345553,0.1369340015951276,0.21882838,pop
-16.156704,58.086826,-3.7516122,14.343528,9.739738,4.2693763,2.1976764,6.5206866,5.07874,1.153087,3.475042,2.4310517,2.3231325,92.28515625,3314.6396636725135,0.1530042325261021,0.21460053,pop
-0.51265156,60.94832,-3.5860853,11.281182,8.577227,4.7371683,2.163463,4.6076093,3.7469237,3.5557194,2.2118437,1.3315473,1.0321852,92.28515625,3277.895477269132,0.14883514899941996,0.23129687,pop
-58.923607,53.12237,54.40663,19.63246,18.0458,7.653642,15.482018,0.12675798,10.03807,10.770213,-1.259426,5.2073617,-0.9826541,83.35433467741936,3864.247403585051,0.16490764573665892,0.23058677,pop
-12.173033,49.462387,38.540367,12.648612,12.608153,4.31842,17.19046,-0.07601801,7.0796194,13.285266,-0.34123582,5.678853,1.0955526,83.35433467741936,4061.077739718566,0.19844044554814386,0.28390267,pop
12.495767,53.2053,18.055956,7.049236,13.077301,-2.3150382,13.23747,-2.3517265,4.598245,7.1277485,0.48468527,7.798895,-3.6704838,83.35433467741936,3875.793990887234,0.19701638631090487,0.32377225,pop
-165.29173,113.66316,4.764126,21.456219,16.159273,-2.5285673,7.4285965,-2.3388329,1.7371316,0.6747002,-5.801265,3.2462945,0.7425853,123.046875,1876.206364707743,0.07997389791183294,0.12726012,pop
-30.406708,111.61433,-11.906792,20.068436,14.993712,-3.1431792,2.832153,3.1433616,2.9787683,-1.1851323,-3.3930335,4.9781322,3.2856398,129.19921875,2026.690047101217,0.10481166618329467,0.23826993,pop
-35.24525,114.8912,-11.683611,18.41285,14.151005,-4.1313567,4.0937567,2.2836106,2.1924684,0.48694596,-2.0713003,4.445987,2.9159482,129.19921875,1983.7367382050923,0.10207117350638051,0.2315674,pop
-220.4122,103.56047,31.111538,7.455522,11.882155,5.8501496,-10.7294035,11.068056,-15.618001,-3.9085789,5.544395,-5.5833635,3.8632796,107.666015625,2049.661286216615,0.07507295896171694,0.07218067,pop
-202.75232,107.714005,27.901981,11.012169,7.879549,4.7888856,-7.6899366,6.8676586,-11.247517,-2.5686824,6.6762233,-10.401765,-4.7926774,107.666015625,1897.5400090029755,0.06246488000290023,0.08936049,pop
-191.14153,93.77581,20.138287,9.072688,11.672515,4.7345886,-9.956895,10.026365,-10.616298,-1.0033209,6.443279,-12.48613,-6.6714983,107.666015625,2212.2326483065312,0.08812626885150812,0.08810285,pop
-52.682823,62.23661,13.393317,22.064674,11.641018,4.273948,11.831758,1.0733572,-1.0918484,2.822308,-1.3737868,2.5552921,-0.717618,92.28515625,3185.117417086663,0.15914116879350348,0.19378078,pop
-39.674267,68.08711,10.034617,24.687967,15.572362,1.9413515,12.981233,3.3826432,4.1705613,4.109481,-3.883763,1.6630582,-1.8285146,92.28515625,3001.0612887617044,0.1453469402552204,0.22471195,pop
-18.909542,76.432884,8.031719,24.993528,18.733366,4.36305,10.184337,4.3177977,4.5740595,7.355537,0.4996671,3.4675589,-0.4667876,92.28515625,2817.4071425811426,0.1261736876450116,0.25132698,pop
-61.349335,70.19433,15.479685,40.98189,10.075207,21.542856,10.844028,14.341976,4.780741,12.31542,5.3421483,0.8907751,3.0794914,135.99917763157896,2539.2740448167438,0.08812060433584687,0.26193365,pop
-52.494892,66.587585,11.738241,40.64356,10.927945,20.78756,9.161434,12.473438,1.9195017,10.238642,5.0042443,2.4883063,2.2782757,135.99917763157896,2698.203374461417,0.10386002755220418,0.25633487,pop
-38.946777,67.4025,9.081517,27.405718,4.986234,16.215202,12.162212,10.130576,-1.7095206,7.9717026,4.17333,1.7426945,2.8473973,135.99917763157896,2871.045003311487,0.11716257613109049,0.24363613,pop
-46.477425,55.08564,-9.322415,20.768764,17.821907,8.152209,14.319741,4.310839,7.6885767,7.5485687,3.452985,1.4911029,1.6921183,117.45383522727273,3024.8549899684735,0.12325306337006961,0.23120962,pop
-59.73226,50.774475,0.90218145,18.203527,9.486007,6.0466313,15.472717,-1.4965754,6.023294,6.8860426,0.26159823,-1.4723376,1.849828,117.45383522727273,3309.4673710698694,0.14590772730568446,0.20777726,pop
-37.748745,56.691616,-3.688288,25.44528,14.316688,3.8058448,11.493291,0.28699228,6.4819326,4.3512526,1.2285442,1.358463,3.7321877,117.45383522727273,3096.890957049407,0.1369985770736659,0.22844929,pop
-116.814804,93.67969,23.540752,7.500584,15.630943,-0.6076782,10.293149,-0.32343224,7.531413,1.9252185,0.5432755,1.7497388,0.58821625,117.45383522727273,2479.8901406333484,0.09167112275232019,0.18601541,pop
-68.72337,85.97058,18.056017,6.1346807,10.725229,0.42963624,12.787313,-0.8755482,1.2247138,1.8531352,-5.0691648,-1.8620359,-0.39269,117.45383522727273,2790.0586093339884,0.12339580916473318,0.2062576,pop
-29.24863,63.49872,7.5026374,13.230709,15.236453,-2.052597,14.363823,-0.7232438,0.28844664,5.3920364,-5.1485147,-3.8281512,-2.1683693,172.265625,3259.3927521860796,0.159206877175174,0.21376522,pop
-117.422386,92.74264,24.164742,7.585248,16.294588,-0.936121,10.710034,-0.29560897,7.877852,1.9351993,0.15858619,2.1850703,0.3667427,117.45383522727273,2501.468964562803,0.08937472810324826,0.18589127,pop
-69.54807,87.98963,18.347105,5.598416,11.155111,-0.106591105,13.13558,-0.53597194,1.482069,2.4099984,-5.014221,-1.8197427,-0.22749892,117.45383522727273,2744.6382521060245,0.11794088058294663,0.20999399,pop
-29.874489,63.38118,7.540628,12.925511,15.064265,-2.1317098,14.625005,-0.7623958,0.05342686,5.070053,-5.5710454,-3.8094547,-2.1872864,89.10290948275862,3263.923155630125,0.15843083852958237,0.21388304,pop
-34.043255,66.54366,11.117302,14.038103,10.558884,3.2273886,8.350348,1.3848203,11.689177,1.1743019,2.19744,-0.22008449,2.406613,112.34714673913044,3179.277621601085,0.12541690835266822,0.22138347,pop
-53.25909,85.811005,14.762123,0.49688324,9.562413,8.6616535,13.688752,-1.1412574,10.036414,3.53511,4.379737,-2.9161735,0.8423585,107.666015625,2808.115473323449,0.10749438080046404,0.21948932,pop
-47.923996,57.078423,9.797468,9.934027,17.607346,11.345801,11.854275,0.53012395,7.2416215,3.6900654,4.970993,0.58617294,3.0509036,112.34714673913044,3463.548300316108,0.14821771679234338,0.2060613,pop
-53.59935,60.068264,6.241283,7.198592,7.5300283,9.18353,15.598249,-0.2381308,10.090122,7.9110622,-0.5077256,-1.3268546,8.616375,129.19921875,3440.520403653538,0.16287861622679814,0.15708223,pop
-59.08242,49.723587,10.368067,2.3477168,14.1185055,8.344412,15.08722,1.6894364,9.174514,6.8322034,-1.8253127,2.780025,8.272873,129.19921875,3933.62603471659,0.20386591864849188,0.1547683,pop
-45.441605,33.424988,23.732521,-2.8711188,18.223885,9.974055,12.718955,1.2130181,9.177618,6.3506675,0.34961376,3.7819405,8.599254,129.19921875,4783.979176406613,0.2636922672563805,0.157224,pop
-171.64711,89.362976,11.457651,13.987389,5.4714,-16.365376,8.754736,-11.982547,-6.407015,5.810839,-16.718206,-10.037801,-2.304168,58.72691761363637,2462.6443424059626,0.10499972810324826,0.11395218,pop
-179.76839,99.987656,42.732525,22.72814,14.224453,-3.54517,8.402079,-1.5040674,-0.977985,1.7007213,-8.769611,-1.7796571,-0.36154196,117.45383522727273,2121.4675948510326,0.0556663283062645,0.13770142,pop
-161.57101,129.10394,38.610096,29.739693,18.866335,4.336645,16.671864,7.0597067,6.733573,7.921826,-9.226839,0.97769684,6.9685955,58.72691761363637,1377.3011802070596,0.03740392981438515,0.19030096,pop
-112.493614,58.099705,21.398365,21.914728,15.51968,9.433533,17.775803,0.3538688,7.2868633,7.4309835,0.4300286,2.4801679,0.8476061,92.28515625,3065.6634117492863,0.12151972157772621,0.18373738,pop
-70.29942,71.86407,25.170067,27.922201,15.959157,0.6533331,18.792969,0.78051525,3.5258245,4.609578,1.5412546,7.605123,1.6812983,135.99917763157896,2939.9716688913904,0.1065506724912993,0.21871094,pop
-51.540066,67.94807,27.198576,27.131725,9.9018545,0.814205,11.982384,0.6542067,-0.89601547,0.3692892,6.1789002,0.82801807,1.6917934,143.5546875,3134.0898688612856,0.12703469402552203,0.22188419,pop
-27.076593,60.126877,14.162662,8.638414,7.390215,0.39569247,14.261683,-2.6892903,12.6652,-0.35841903,3.7711678,-2.4515762,4.7153625,112.34714673913044,3751.2473446880003,0.18266590233468677,0.19831592,pop
-12.172093,41.334587,12.025801,10.426841,12.123357,9.254384,8.812164,-0.7820959,7.861935,3.2740703,7.3630366,-0.81407195,2.125226,112.34714673913044,4142.560537091941,0.23657396497969838,0.2126628,pop
-3.3725717,31.672815,11.906597,11.406733,14.237817,2.1997893,14.415069,-3.0546546,11.586493,3.9310124,4.0040483,0.679448,4.583968,112.34714673913044,4577.693860211995,0.26966266676334105,0.22779885,pop
-41.840885,35.900494,11.091901,13.395006,15.978107,12.080297,21.527264,12.147308,12.488282,16.968534,0.528685,3.0859962,1.6616442,103.359375,3692.860153368665,0.1539048905162413,0.31948927,pop
-44.9286,33.49135,9.6396,15.421623,15.34242,10.434619,24.245962,9.387214,13.9014,15.826433,1.1112063,3.0111053,-1.1484013,103.359375,3715.103795603012,0.16246284077726217,0.31742734,pop
-32.93225,37.464447,6.2584305,16.56041,14.384643,9.0670805,19.647509,8.391085,15.462014,16.811178,2.7833798,3.775216,-0.23919521,103.359375,3587.6533371935275,0.15047445983178653,0.3264117,pop
-118.823746,62.790527,-35.283596,-26.329733,-27.75242,-30.422886,3.2460382,-33.48023,-14.310159,-3.5815628,-24.607128,-17.885113,-18.193233,172.265625,2492.46585723796,0.10636147766821345,0.2135288,pop
-177.09657,51.778557,-34.823692,-20.23571,-18.370987,-25.676645,2.4340022,-23.722597,-10.453332,-8.777262,-24.9192,-12.23766,-13.655224,161.4990234375,2662.6739573838354,0.11815386637180975,0.15796523,pop
-142.23572,73.93252,0.7855794,-9.726506,2.2574608,-29.486748,4.038001,-17.712648,-16.302452,-1.1560135,-23.912153,-17.186338,-20.613571,198.76802884615384,2761.8286774766184,0.09593876885150812,0.14427574,pop
-53.45123,55.17708,29.885237,13.813282,8.2841215,-6.890145,6.910088,-0.9320081,6.314528,8.233272,-2.6839519,0.91577005,-2.4093864,129.19921875,3575.415252535911,0.13222905488689096,0.27216953,pop
-48.10132,54.994724,23.973408,20.44338,7.9498935,-0.7692723,10.705729,-0.21016069,8.709647,6.796883,-0.9671235,2.4431262,-2.0019104,78.30255681818181,3468.0581956486108,0.13716058222157773,0.26989457,pop
-38.85158,57.85368,24.495596,15.139288,5.054594,-2.273386,10.138053,-1.4181441,9.855459,6.3850703,1.9752545,1.8667243,-1.0829527,129.19921875,3448.0606083124385,0.1378493873259861,0.2778921,pop
-55.61804,36.193592,11.812717,-5.7628617,6.9150233,5.959732,3.95371,5.1811547,10.212346,6.4809847,2.085319,5.3767276,0.6227883,103.359375,3975.8318143676397,0.17348825406032484,0.24740912,pop
-55.027443,37.53488,13.131416,-7.217063,1.9153969,5.1663394,3.7819512,5.58101,7.5302243,6.9533577,1.8332036,5.042656,1.0643669,103.359375,3894.6290863283825,0.1617151247099768,0.24331024,pop
-57.881218,35.73205,11.000245,-6.2917447,2.6136835,4.8721037,2.5088418,2.0751083,6.284028,4.140977,0.85460067,4.1320367,-0.12927876,103.359375,3951.8861186665995,0.16643140044953597,0.23124985,pop
-73.38102,44.66947,17.410242,21.22483,14.920139,5.4272633,12.889401,3.0381718,8.234271,8.077189,7.0410824,9.4771185,7.4891353,89.10290948275862,3392.1934247291815,0.11466452472447795,0.2828285,pop
-74.351234,36.42808,18.18151,24.9864,17.324465,4.1626725,14.845171,3.2309856,7.1334896,5.342053,4.6767783,4.298265,3.5368063,89.10290948275862,3742.377184595337,0.14514981511020883,0.23908795,pop
-93.26577,26.896172,25.730066,32.949947,19.99367,4.2274623,12.749787,4.7405715,6.601055,2.937679,0.14812121,2.1937003,-0.49437925,89.10290948275862,3912.0513961276442,0.17644286542923435,0.22705755,pop
-41.716213,34.049885,11.861929,15.0278,15.53302,12.916616,21.393484,11.718539,13.2631035,16.147892,1.2104027,2.4698827,1.5875849,103.359375,3706.0340509659663,0.15101712043213458,0.32697538,pop
-44.80039,31.537106,10.301259,17.125582,14.9191675,10.940402,23.484169,9.423443,14.773293,14.892048,1.7517384,2.2404723,-0.6897263,103.359375,3728.918202207321,0.16152139827436196,0.3244738,pop
-32.34482,36.328754,6.8010974,17.986128,14.339632,9.674957,19.660133,8.445039,16.051708,15.798986,3.2059023,2.988331,0.19108337,103.359375,3588.8552218312484,0.14868560578596288,0.3354943,pop
-123.85502,57.411415,0.34770754,22.34476,3.8787298,1.6122113,3.179806,-5.357688,1.6118833,-2.743087,-5.4957314,-4.182541,-6.5752316,99.38401442307692,3129.864606995028,0.14644359048723898,0.14482363,pop
-78.00436,67.506454,-18.915905,14.110121,0.37281635,0.0696518,6.0172396,-1.7792487,-1.1236981,0.9411576,-6.190116,-4.5067015,-1.9887766,78.30255681818181,2846.0667820306076,0.14379259715777262,0.17498592,pop
-61.36583,68.31972,-20.36478,11.630532,-2.8516977,-0.5719452,4.012152,-1.1369098,-1.5126895,1.559138,-6.131282,-4.1662574,-1.897225,99.38401442307692,2839.174525748125,0.14642319823085848,0.18187705,pop
-70.79573,41.04986,16.860699,22.77986,13.541202,6.252701,12.874875,2.9185112,8.289043,7.6532793,7.067881,9.439311,7.7570205,89.10290948275862,3415.940889349623,0.11254373006090487,0.28472984,pop
-72.119835,32.904552,17.987562,26.073843,16.374226,4.922289,14.70304,3.1313963,6.9685903,5.489857,4.6815014,4.421136,3.6845415,89.10290948275862,3797.517265217513,0.1444281558149652,0.24022555,pop
-90.63851,23.223545,25.53031,34.094494,18.994024,4.986278,12.886484,4.575761,6.756628,2.6130526,0.24951625,1.937272,-0.21698523,89.10290948275862,3971.28480138691,0.17683371700986078,0.22960255,pop
-53.45123,55.17708,29.885237,13.813282,8.2841215,-6.890145,6.910088,-0.9320081,6.314528,8.233272,-2.6839519,0.91577005,-2.4093864,129.19921875,3575.415252535911,0.13222905488689096,0.27216953,pop
-48.10132,54.994724,23.973408,20.44338,7.9498935,-0.7692723,10.705729,-0.21016069,8.709647,6.796883,-0.9671235,2.4431262,-2.0019104,78.30255681818181,3468.0581956486108,0.13716058222157773,0.26989457,pop
-38.85158,57.85368,24.495596,15.139288,5.054594,-2.273386,10.138053,-1.4181441,9.855459,6.3850703,1.9752545,1.8667243,-1.0829527,129.19921875,3448.0606083124385,0.1378493873259861,0.2778921,pop
-67.37094,67.59461,5.335559,31.986254,19.647268,-3.36546,17.359835,1.7256174,8.819067,10.824703,-5.479363,-4.6492662,-2.0212235,95.703125,2910.090222066026,0.10950528386020882,0.22689837,pop
-65.19263,64.55563,7.698546,31.443577,16.391544,-4.520981,15.326231,-0.54089004,8.449467,7.3775096,-6.761661,-4.411358,-3.1130688,95.703125,2985.59668743997,0.10887878842807425,0.22661036,pop
-63.122757,64.05785,-0.6700612,34.763405,14.624233,-9.570492,12.071019,-1.8384434,9.84633,7.1670313,-7.4449067,-4.424576,-2.7758462,95.703125,2957.173845875818,0.11561389754930394,0.20843095,pop
-14.710493,68.81032,2.2208834,28.721056,2.473048,12.192244,0.95392853,4.329644,0.79233074,10.686968,-13.72999,-3.4952314,-10.373557,161.4990234375,2466.459132399634,0.10499859520011601,0.37662688,pop
-8.828839,62.53616,5.5310063,28.971333,2.3233542,12.49668,-1.8412918,4.5654135,0.3886151,11.739786,-11.554241,-0.6408186,-8.003812,161.4990234375,2609.9303937971963,0.10617001703886311,0.38646364,pop
2.7303343,75.43214,3.49243,26.757973,2.0597696,16.132763,3.9771247,9.026203,7.0438557,22.59752,-1.0545099,6.5135946,-3.2544875,161.4990234375,2327.5883596086724,0.08289678799303944,0.4289839,pop
-141.62372,119.65749,-0.77548265,6.835481,0.2919681,3.698739,-2.9089704,-1.2771101,-0.47390231,2.7918398,1.3569055,5.207888,-1.9768225,123.046875,1790.8252512454244,0.07436942611658932,0.11963022,pop
-129.57353,120.192665,3.9680998,12.339603,6.374912,-0.06518923,-4.0792665,6.539093,5.272105,5.6119285,0.52839524,0.9349456,-3.9712327,123.046875,1757.1769613463657,0.06912748332366589,0.12309329,pop
-106.671875,112.17902,-3.3611093,11.428371,6.8657985,2.9988806,-3.838633,4.876982,0.41444188,5.256944,0.6247029,1.1207421,-3.4227731,80.74951171875,1930.976939219017,0.07991838565835267,0.13504101,pop
-93.86768,43.44512,-7.4784513,-0.088348776,-6.007252,-4.3617063,0.09453921,3.4521646,-12.676509,6.302092,-9.519604,-10.258687,-7.7323675,129.19921875,3527.387714783489,0.2060886745939675,0.14939299,pop
-92.84255,39.18246,-17.609404,-1.7997146,-7.7665415,0.41430905,0.7323801,4.061272,-12.337981,12.272496,-7.9742923,-9.636898,-5.379012,129.19921875,3591.9393239083993,0.2212208617314385,0.13953091,pop
-78.52185,20.68544,-8.678518,8.511616,-0.7148634,-14.31154,0.24690066,-0.14278048,0.4939054,-1.6190577,-10.71602,-2.2066894,1.1916938,129.19921875,3822.843531258875,0.18976127465197215,0.21736448,pop
-119.14144,85.57455,1.706057,13.243139,2.0772219,8.628349,-4.2399263,-3.5832365,3.1080506,2.667726,-4.856279,-5.919298,-0.0913355,117.45383522727273,2519.1708690011906,0.10406961463167054,0.12530585,pop
-120.12629,80.927666,-3.3898287,23.172201,4.564132,3.9583478,-6.9221435,-1.6797013,4.9012775,0.81177324,-7.567233,-2.9411097,0.52520907,117.45383522727273,2546.0029587104423,0.10748418467227379,0.11940835,pop
-95.87272,90.359,12.1824045,12.678428,-0.008845707,5.301411,-3.9787087,-6.637398,-8.303819,1.239744,-4.9091253,-6.4052134,-1.1057072,117.45383522727273,2488.7427860088255,0.08817498368619489,0.15543838,pop
-88.403915,77.09651,52.07087,14.965945,11.819639,11.785443,14.776446,7.4801764,2.9162426,9.240082,2.7333498,9.158822,1.957355,80.74951171875,2893.4863840263174,0.09527488761600927,0.22109139,pop
-85.86746,81.593216,47.284115,18.929535,18.753914,14.464818,12.88719,4.497868,10.565649,8.385325,-2.8184874,0.29307568,4.1778164,80.74951171875,2672.155595456293,0.08804809853538283,0.22794476,pop
-16.697712,78.47174,28.84042,14.399955,15.197068,6.065837,12.211812,-0.9115304,1.339539,14.432582,0.02011257,0.9853401,4.127329,107.666015625,2964.6920140332363,0.1151267492024362,0.28034896,pop
-31.752398,39.89986,14.702358,20.467812,16.316269,2.674669,6.152617,1.8062465,-1.7430177,1.629284,-5.7934117,1.8359474,-1.8382511,112.34714673913044,3876.5767897916844,0.18621075623549885,0.20134737,pop
-60.47167,36.237133,14.494713,17.809214,17.237833,5.8633246,6.212237,2.4324722,-1.5133651,2.4108808,-4.177324,-0.3482021,-1.6682634,112.34714673913044,3930.055170345815,0.19445375942575405,0.18131432,pop
-65.53647,36.45862,13.189934,16.235136,16.659435,9.278278,6.8906503,3.8577397,1.8696407,5.58186,-1.8221909,3.275806,4.3690767,112.34714673913044,3863.4259902839067,0.19116947324535963,0.19083741,pop
-40.715027,52.093803,-4.2406116,18.204239,1.1751726,-0.8877706,5.041773,-2.1703322,-1.9924684,2.2258403,-6.0559316,-5.8332253,-1.5455569,129.19921875,3223.101682052307,0.14945144830336426,0.24269907,pop
-27.07506,49.17689,-4.8957176,14.312558,-1.3206202,-0.114009,5.345736,-3.0364263,-1.2118908,2.4406352,-6.9723997,-4.7635975,-3.210513,129.19921875,3278.9336769446113,0.15489391495069604,0.2651828,pop
-20.19939,60.39151,4.1217833,13.995158,3.4396968,2.6442695,4.275269,-4.487168,-1.8993257,1.9895685,-8.399571,-7.4059076,-4.1901393,129.19921875,3287.25598643539,0.15943345780162413,0.22829977,pop
-24.631952,89.75506,-11.698598,30.167646,4.8364162,8.485073,0.16082421,8.114457,3.0796657,1.8443239,2.1518147,4.4322124,1.5284737,107.666015625,2331.802872236031,0.09918000471287702,0.21134311,pop
-29.11431,89.27907,-6.5423455,33.325695,8.33087,8.129453,0.5615685,7.250814,3.6790707,2.5003402,2.4539964,4.3218274,2.3582656,107.666015625,2302.525635564917,0.09465632250580046,0.2219354,pop
-37.137627,86.31999,-1.3883533,34.87489,12.321692,8.561937,5.438527,5.251731,4.036194,3.8187575,-0.7171286,1.1075224,0.82312584,107.666015625,2349.3195073364723,0.09222511238399073,0.2121706,pop
-140.48752,64.4913,19.724443,13.529471,1.9309652,-3.5241034,-0.91924256,0.087351575,-5.4743147,-3.0647712,-1.59645,-2.7238908,1.1292666,123.046875,2771.2999098750333,0.12092494743329467,0.1533218,pop
-75.75648,58.235645,17.328093,16.488874,2.75784,-2.3207142,1.6071507,0.8087643,-3.5965567,-1.308432,-3.0959368,-4.1088824,1.9403671,123.046875,3215.4602276033293,0.1239180775087007,0.1801171,pop
-59.571495,47.58137,4.2998133,15.153602,-1.9566649,-6.3574014,-1.3932126,0.80205655,-4.7059393,-3.4574144,-3.548566,-2.4596379,2.2892318,123.046875,3439.5905066078158,0.16349264972447797,0.16925834,pop
-31.752398,39.89986,14.702358,20.467812,16.316269,2.674669,6.152617,1.8062465,-1.7430177,1.629284,-5.7934117,1.8359474,-1.8382511,112.34714673913044,3876.5767897916844,0.18621075623549885,0.20134737,pop
-60.47167,36.237133,14.494713,17.809214,17.237833,5.8633246,6.212237,2.4324722,-1.5133651,2.4108808,-4.177324,-0.3482021,-1.6682634,112.34714673913044,3930.055170345815,0.19445375942575405,0.18131432,pop
-65.53647,36.45862,13.189934,16.235136,16.659435,9.278278,6.8906503,3.8577397,1.8696407,5.58186,-1.8221909,3.275806,4.3690767,112.34714673913044,3863.4259902839067,0.19116947324535963,0.19083741,pop
10.171241,74.60006,-18.053637,5.088065,-0.33670247,2.2835267,1.5792999,2.0644972,-3.1262128,-3.2495453,-10.176502,-1.8999859,-3.0351982,117.45383522727273,2862.4071578189914,0.1443635803364269,0.20215987,pop
-9.099436,90.867294,-19.628246,6.392365,-3.3041425,-1.5652779,-2.2239761,1.4480932,-2.1260328,0.48295322,-4.723492,-3.2721288,-0.27056766,117.45383522727273,2545.515201889192,0.13480754241589327,0.21442047,pop
27.695023,101.01147,-23.200605,3.7835572,-5.104814,-1.2723241,1.6248043,1.3334482,-1.5374143,-0.08707182,-3.760411,-3.7607608,-2.118141,117.45383522727273,2299.546407469665,0.11506217372389792,0.28612468,pop
-42.282436,54.44449,15.068443,13.520252,8.65083,4.564453,12.816828,6.753459,-0.48956385,3.514424,-4.4254575,0.4489267,-4.4632363,129.19921875,3590.491682307512,0.16686530234918792,0.19787125,pop
-12.024953,51.020645,20.197058,13.546855,9.414109,6.883877,12.569229,4.809484,2.2478676,5.956494,-2.974184,0.4089742,-3.598238,129.19921875,3734.592146314846,0.16753711390661252,0.25395715,pop
28.630836,57.42231,27.60251,12.232826,11.141616,6.6264477,6.76537,6.7588215,0.34338465,5.558084,-2.9635868,1.7523593,2.277968,129.19921875,3684.555053612467,0.1502988598462877,0.32685602,pop
-100.14508,52.93331,34.830364,11.77651,14.596097,-6.7943997,3.2925825,-4.785039,4.0902905,6.6950145,-2.6578689,1.9272214,-3.3508766,83.35433467741936,3609.4440789819314,0.13694759643271462,0.2181013,pop
-99.4045,54.244793,32.67528,12.84446,13.711536,-8.413582,4.720392,-9.754408,1.7675186,5.6936617,-4.4006763,0.59069586,-5.4782596,83.35433467741936,3575.158698896562,0.1365578777552204,0.20118138,pop
-81.29486,72.03401,28.763824,14.721597,11.519756,-5.350436,-1.019369,-9.130343,1.0289849,1.1059817,-5.066281,5.472699,-0.41830054,83.35433467741936,3072.466398393444,0.1185447179524362,0.21104416,pop
-55.55132,48.221786,17.218243,37.39107,14.992017,2.5958352,8.847336,5.840585,5.4400353,8.1253805,0.21320525,1.1815648,-3.7221305,95.703125,3351.4646925060997,0.14063066451566125,0.18790746,pop
-70.886444,37.49833,27.716143,35.680122,11.9631605,1.8007438,16.029074,2.486577,1.4774135,10.807073,-3.6661432,4.931019,-1.7881712,92.28515625,3772.315848990122,0.17272241154292342,0.19018841,pop
-80.05972,35.8548,31.116995,34.15226,13.068409,4.061369,13.336972,5.116849,3.1371448,11.122981,-3.6529148,2.8740914,0.078207135,92.28515625,3808.8469151857166,0.16341447940835266,0.17790295,pop
-66.00051,37.172718,23.560242,33.038094,26.432943,19.970722,16.996262,5.337959,8.859968,8.302695,6.1907763,0.54906887,1.6103265,143.5546875,3654.3472613088356,0.1501085321200696,0.22368027,pop
-24.98593,53.30889,19.577772,19.382338,17.331478,10.076557,13.188436,3.0158076,7.3771253,10.040839,5.434542,1.9680156,1.8393984,54.978390957446805,3492.7453707078485,0.1357421875,0.26442194,pop
-23.84066,53.057697,17.054373,19.120567,15.577865,10.907635,13.881222,5.338802,6.8692617,8.468204,4.5785813,0.9449223,-0.19812833,215.33203125,3484.597554219443,0.14195955988979117,0.24701263,pop
-56.855213,32.760155,15.521556,11.239403,11.395544,5.9020596,16.606468,1.2066885,3.7202811,4.6891766,-1.1552169,3.0504878,2.341903,112.34714673913044,4319.697913042866,0.24564625326276102,0.1881555,pop
-30.416243,42.219814,19.511059,14.425731,13.602374,8.2474165,19.376904,3.681103,4.850716,6.8636274,-1.5436097,4.233138,4.2784123,112.34714673913044,3950.9412976264716,0.20388744380800464,0.24427289,pop
-15.429561,46.382957,17.509398,14.493502,14.692003,8.142835,18.587803,3.2625933,4.450018,5.900734,-0.75604296,2.052099,0.6088731,112.34714673913044,3842.4579284074534,0.1910119997099768,0.2598737,pop
-55.497593,60.66515,6.9285274,28.211182,14.72781,-2.2647083,11.505371,-0.64334494,2.9854631,8.07068,-6.067947,3.3955042,-1.1168396,103.359375,3143.9724374724815,0.1285210629350348,0.22179452,pop
-40.454933,61.49639,-2.5446143,19.846207,4.89194,-3.6872554,9.976179,-4.644113,1.6962684,7.124805,-6.0902414,2.9751475,-0.86484337,103.359375,3129.352004145429,0.15485766205046403,0.21874642,pop
-32.565876,66.51752,9.904068,24.09485,9.2442,0.26343483,6.3470883,-3.578226,4.8558445,2.5531178,-2.2225509,2.7275596,-1.7718571,103.359375,3095.7047321612413,0.14407922165023201,0.22857471,pop
-265.72333,91.96023,22.74954,35.327137,16.138283,0.033541933,3.994828,2.4626038,-6.412378,4.6320043,-7.8361335,1.8199458,-0.6774992,112.34714673913044,2189.4727904941,0.08120309781032482,0.040845104,pop
-298.44888,112.74865,0.23656236,29.92679,9.803874,9.051952,2.908689,-0.7771856,-1.1184424,0.96207607,-5.293391,-2.7603564,-5.2901998,112.34714673913044,1772.9617307437302,0.05724106366009281,0.03252742,pop
-255.8373,104.83372,3.1530037,29.846039,11.554693,1.4056194,4.942373,-2.1270244,-4.1801085,4.130604,-5.9960203,-3.6345205,-3.6605058,112.34714673913044,2021.0404617907895,0.07864047092517401,0.03913888,pop
-34.385395,66.60932,11.305586,14.221489,10.563198,2.8942075,8.278419,1.1482906,11.487927,1.0077826,2.0450351,-0.21979454,2.490357,112.34714673913044,3178.8844365509935,0.12542257286832947,0.22094537,pop
-52.768303,85.79566,14.735826,0.27519944,9.770791,9.1707,13.527742,-1.1000752,10.015343,3.671139,4.5256863,-2.8804564,0.9164396,107.666015625,2812.1380481981873,0.1089716864849188,0.2188913,pop
-47.899258,57.011276,9.518253,9.9147415,17.566198,11.333095,12.061138,0.42262065,7.2925177,3.7981339,5.0054235,0.5804177,2.9822893,112.34714673913044,3460.1244508833843,0.1472977994489559,0.20653918,pop
-137.14793,96.31485,13.88604,14.579645,1.7393345,2.1718383,-0.5553997,-4.621448,-1.3799267,-0.13431218,-0.45092517,-7.87762,-6.469718,73.828125,2315.915360630108,0.08507422781322506,0.08825546,pop
-133.11917,105.70044,15.011195,16.13349,1.4002067,-1.782279,-1.5968703,-0.36136404,-7.341041,-2.6318016,3.8350601,-7.066371,-2.0511806,143.5546875,2123.2142693062465,0.08111019975348027,0.1017565,pop
-143.20248,98.82608,14.303795,15.414782,3.8182573,-3.5590434,-4.1248217,-0.0618629,-7.1910214,-2.575992,1.8632398,-3.5942204,-0.54931104,143.5546875,2299.1838333298056,0.09133238471577726,0.086229034,pop
-100.25357,76.57012,29.855747,21.675343,20.03701,2.789051,8.316598,2.7311285,9.109929,2.2818139,3.0295496,4.9403234,4.1960483,129.19921875,2892.984824043083,0.0806740320475638,0.14984524,pop
-56.483124,59.39123,31.209309,23.770338,15.285115,7.0220532,7.994218,7.93856,6.3215303,2.6191635,0.8820702,2.672474,1.1260307,129.19921875,3318.1714967427606,0.11404256090487239,0.20970802,pop
-29.59347,56.714745,28.555065,24.305775,13.457264,12.521591,10.30492,8.545474,6.743952,4.166965,0.5577257,1.3188207,0.2702205,129.19921875,3292.9097670780693,0.10542116806844548,0.26378083,pop
-126.22183,89.006714,15.657197,26.45815,-1.0358914,4.1496973,4.3456845,8.132132,12.987132,13.767102,6.431192,0.08277532,-2.7682896,123.046875,2393.375556412829,0.0924800155887471,0.10172337,pop
-97.48916,86.02866,37.95759,29.764284,10.572875,3.526214,5.5721774,-5.2681527,5.7734838,5.2046113,-0.9951791,4.5795093,2.5416384,123.046875,2498.382585934493,0.0763622027262181,0.1555511,pop
-89.7674,85.60587,32.613255,23.615484,17.221916,9.425355,13.380137,-1.4624127,1.117349,0.76524323,-4.2953396,1.7667407,0.12097961,123.046875,2576.0991552845658,0.08358672600058005,0.17101307,pop
-96.9367,40.350147,24.055641,17.015472,15.663672,1.4109668,9.058288,-6.975694,5.6710877,-0.12901933,0.1620151,-1.9514109,3.3887165,99.38401442307692,3842.2232312336123,0.17775816596577726,0.18635443,pop
-102.76421,58.727234,15.962879,21.158182,15.044115,-3.813791,7.385331,-7.4756603,3.056823,-0.39206448,-0.3796219,0.90556544,0.7548655,99.38401442307692,3223.626695920446,0.12421942974187936,0.18412122,pop
-138.02324,80.64619,3.2679996,19.579039,14.57772,-7.1467414,1.7591901,-5.5844026,-4.4979186,-3.0129168,-3.5688345,-1.2265683,1.4980469,99.38401442307692,2714.5903219162446,0.10492269069025523,0.16716018,pop
-86.0424,82.99608,-32.406567,22.6653,2.4446795,6.224798,-0.6058081,5.4186535,7.583258,-3.260106,0.90323645,5.624464,3.6005073,117.45383522727273,2358.847565729659,0.12964150413283063,0.2065427,pop
-62.163635,70.69282,-3.5113344,25.829426,15.470841,0.35086834,12.276242,0.406121,12.513112,3.1292474,-0.45828217,4.3286433,2.2066195,117.45383522727273,2747.9364980239748,0.1283194061774942,0.19526765,pop
-97.23611,82.176834,-15.686997,25.102085,7.3552456,-0.11499505,4.9419394,-0.094730705,6.2524056,-0.27318642,1.0168462,3.9476626,1.3307763,117.45383522727273,2440.948881742927,0.10786257431844548,0.18326415,pop
-56.84091,57.18761,13.182181,12.591069,-2.2388163,-0.7691778,4.4333835,-3.6995912,1.2912592,0.67437756,-1.566882,1.5218657,-5.867797,129.19921875,3597.476011732119,0.18773564385150812,0.12563704,pop
-48.416176,55.8016,10.998901,11.397719,-2.4653957,3.4654288,4.8551373,-0.080567576,4.0158863,3.4711823,-3.3132274,4.340808,-2.348771,129.19921875,3563.233503200521,0.17932723680394433,0.13717896,pop
-46.194733,56.3806,13.531381,9.884553,-3.5054026,1.4182745,4.345205,0.87020385,1.5601699,4.0915446,-1.0518057,1.9469998,-3.8332705,129.19921875,3620.0263744433973,0.18773451094837587,0.1340805,pop
-58.580242,56.0983,21.763227,20.750912,15.172346,3.4759085,5.732926,-0.022803923,5.7964582,-0.39459,-4.0867114,-4.1873655,-9.441375,103.359375,3440.4048768023763,0.1287272513051044,0.18159421,pop
-62.45899,50.583088,37.32416,22.456047,18.100069,0.515459,7.3979726,3.7597387,2.5906036,1.0499256,-0.46950495,-3.6182745,-9.157109,103.359375,3794.8766482107626,0.15829375725058004,0.1847314,pop
-20.2646,60.749763,23.774935,14.426379,12.329661,5.5257983,3.7547271,1.0614408,4.062936,4.2170525,-0.1733822,-1.2272589,-4.3455086,103.359375,3523.6912003600455,0.15136605459686775,0.2058703,pop
-86.939705,47.185158,16.087337,25.748589,5.5315037,4.3084636,10.447524,1.6978372,6.294702,2.4423797,-3.0522578,1.3828658,-0.990735,135.99917763157896,3574.217197760757,0.18382939385150812,0.1928194,pop
-21.173973,59.621647,19.424953,14.256606,7.060301,2.6961224,12.726191,0.4331432,7.5941477,0.10208293,-4.9288864,-2.3852131,-6.5399795,99.38401442307692,3519.764309290817,0.17417932497099767,0.25453132,pop
-20.235525,57.88787,15.623381,19.286335,7.966935,1.3441868,12.253786,1.5541879,9.944644,0.95433706,-4.2196455,1.3810769,-5.159542,99.38401442307692,3437.151433046774,0.15699318445475638,0.2564675,pop
-8.40829,58.928608,14.120381,23.17647,4.061508,1.8116726,6.023771,-0.322934,1.6983002,2.3818672,-1.7635087,0.028430736,-3.5419302,99.38401442307692,3423.3812525869116,0.16655375398781902,0.23602071,pop
-41.358265,49.813835,18.147432,26.030027,2.7834365,2.8265443,8.346114,-2.7128563,3.3281834,1.5541241,-2.4158366,2.3669498,-3.837621,99.38401442307692,3524.9262869682652,0.175808439675174,0.22592166,pop
-93.580666,58.22524,25.363834,24.293901,5.347865,0.009628968,6.5290713,-0.11272868,4.2894807,1.502234,-4.943775,3.4663608,-6.6866856,99.38401442307692,3250.487798238941,0.154274216937355,0.19849706,pop
-56.22664,55.06017,21.11111,21.115282,14.502827,3.3624191,5.833738,-0.24323714,6.080392,-0.6791452,-4.218437,-4.834192,-9.739681,103.359375,3459.7277963830998,0.12949422672563804,0.18442902,pop
-60.56357,49.780453,36.99645,22.877241,17.85932,0.51080376,6.9859104,3.5829303,3.2175462,0.6491097,-0.51350033,-4.271042,-9.532161,103.359375,3814.1898717527583,0.15965777262180975,0.18758886,pop
-17.434261,60.418068,23.364388,14.496104,11.736662,5.7400618,3.752068,0.90861493,4.1886616,4.1894336,-0.13935168,-1.4705644,-4.4695935,103.359375,3535.4680874716773,0.15251934998549885,0.20960048,pop
-16.841223,39.77016,8.697787,17.860577,15.026354,5.63538,5.084109,-1.8632829,3.3569803,1.5800045,-2.0360975,-0.46527076,-1.7314798,117.45383522727273,3729.701861489494,0.16656055140661252,0.26092204,pop
-21.847387,40.420162,13.66053,18.536304,16.690485,13.865524,8.60175,-1.3404933,7.672753,4.5758147,0.6522724,0.58908945,-1.1939007,117.45383522727273,3665.748538973442,0.15134566234048724,0.2663485,pop
13.280098,46.040024,2.5209415,17.447655,10.320493,2.5047112,3.423946,-2.512307,2.759371,0.011555081,-1.8818418,-2.1424413,-4.3762007,117.45383522727273,3686.765583158135,0.18180036434164734,0.2677816,pop
-45.054375,54.60896,16.364214,17.972763,10.751892,5.314315,1.2774318,2.257374,9.160336,-0.4691744,-2.0711143,5.539237,2.2729821,107.666015625,3520.696914784958,0.15122217589907191,0.19664681,pop
0.18744987,54.976295,9.610026,14.939835,3.611205,13.567773,2.4474525,6.7511053,6.463164,6.2589297,0.89668757,7.908689,4.4338584,107.666015625,3450.7298423417255,0.15762761020881672,0.24347062,pop
-33.218132,73.09774,-7.863198,20.253674,1.064798,12.428757,3.7037036,5.749892,8.759504,5.822754,0.67293864,8.356257,8.1303215,107.666015625,2839.272150516545,0.1262586553799304,0.24029265,pop
-29.164389,57.834343,19.67977,18.203676,8.984433,15.9377365,0.9729144,5.4699287,1.8070663,2.174333,-6.155848,-4.309119,-4.58372,135.99917763157896,3278.3249501293976,0.12824463457076565,0.23103324,pop
-12.900738,55.33609,19.998926,22.493788,12.080447,11.868684,2.7093556,2.7353776,-0.5136453,2.0238857,-4.8390985,-4.3013573,-4.751958,135.99917763157896,3334.059313164888,0.12933108867459397,0.26028627,pop
-18.7364,60.245182,10.746535,14.079681,5.8135056,16.912548,4.357059,3.1119246,2.086417,1.3479278,-6.908399,-2.1616077,-1.5968022,135.99917763157896,3162.2870396910844,0.13698045062354988,0.24534109,pop
-67.53187,73.67488,-7.0182896,17.306198,11.423539,-4.242305,1.5931671,-5.306197,2.4780743,-6.958818,-6.2646394,-4.9718585,-2.2669773,151.99908088235293,3053.673971032658,0.14400218423723898,0.14002216,pop
-44.660572,95.21687,0.45920542,19.766785,13.071318,3.4848518,12.976637,0.32344288,9.19397,-1.3547139,-6.9297843,0.036371324,-1.946726,151.99908088235293,2506.0589295658974,0.11002641930104408,0.23202036,pop
-14.67728,77.6728,-0.1290211,22.647038,17.026323,3.309944,9.159575,2.8759732,8.968112,2.6404805,-0.87516683,-4.5763135,-4.6092963,151.99908088235293,2857.3405594925466,0.1310429053074246,0.22298644,pop
-48.071583,67.60702,43.04943,21.883026,6.785118,5.114668,9.353067,-3.3509452,5.861395,3.6188421,-6.9340224,-5.464596,-5.985056,103.359375,3179.1758130157596,0.11710366516821345,0.2824426,pop
-48.439625,73.273415,45.109753,24.492985,14.045899,-0.038428288,13.194306,0.7039057,7.9104776,3.3657963,-3.4545462,-0.9043505,-4.173498,103.359375,3005.2945292591826,0.10038201493619489,0.29571122,pop
-13.477886,78.445496,29.188023,14.688231,16.682983,1.4046571,12.733517,-4.5730467,6.214898,2.5909953,-5.6678042,-3.0369692,-7.1317544,103.359375,2953.933047814336,0.10105722520301624,0.3317952,pop
-79.96539,56.64812,33.420715,31.78153,18.47099,12.221643,16.167793,13.213233,14.899822,3.71446,2.980057,-0.2476124,-3.6476405,92.28515625,3141.9407006745614,0.09740587840777262,0.23226322,pop
-45.402626,54.5236,27.627691,23.517963,11.392556,2.0171678,12.202114,7.3135433,14.795059,4.939233,-0.0063680485,-3.6100898,-8.712452,92.28515625,3357.851359771088,0.11407881380510441,0.25908518,pop
-51.884785,72.207115,22.185448,16.16597,6.939912,7.7807355,8.540685,0.88215667,10.589114,-1.1999035,-8.884842,-3.4040484,-1.168765,92.28515625,2872.6037604589624,0.10415798107598608,0.2610514,pop
-122.024994,52.829285,42.645424,13.805582,20.446764,5.5550013,16.14911,0.41983584,4.583726,13.879861,0.47914997,3.584203,3.3979537,99.38401442307692,3609.7482773746524,0.13906725819315546,0.21418005,pop
-125.51596,54.279125,50.135468,23.027481,21.322035,9.378824,12.1205225,3.397982,1.9931538,7.6530037,-5.270109,1.9826864,0.45837745,99.38401442307692,3408.017990739275,0.11707760839617169,0.20226747,pop
-129.15016,46.664215,22.928532,6.7607026,7.031223,-0.99015343,8.681501,-0.31399542,-1.3784926,7.8337646,-3.638989,0.66378075,-1.3785828,99.38401442307692,3504.936561101351,0.15492450333526683,0.19534592,pop
-40.481476,44.845222,11.345988,8.597692,5.86951,11.434434,4.944222,2.086346,-2.1627557,4.635463,-2.7379403,0.3395276,5.9502616,117.45383522727273,3707.8696244627035,0.18647245685904873,0.19807446,pop
-46.84949,33.567387,9.307989,12.879278,6.7041864,11.926168,5.3413067,0.100547135,0.77766556,8.662404,0.14044732,3.093816,3.1583917,117.45383522727273,3832.155815901175,0.19475737746519722,0.19998072,pop
6.5130367,61.825768,5.5421934,4.284257,5.612783,13.891254,10.561735,5.3148317,4.8119164,8.398741,-6.8820524,0.25766432,2.348886,117.45383522727273,3363.5831362806366,0.16646652044663574,0.23992842,pop
-104.61313,88.02537,23.73129,12.252006,14.755311,-0.93191504,8.786031,-8.321797,2.864725,7.778195,-8.91069,-0.0882226,-3.5732255,161.4990234375,2656.30781300066,0.1008861568300464,0.13739759,pop
-106.98158,87.36059,32.256577,10.053445,18.536812,-1.7941682,6.985891,-9.879728,1.6169841,6.8848934,-9.213158,0.10929283,-3.3593338,151.99908088235293,2859.285850295115,0.10729159113979118,0.135328,pop
-146.47992,82.64074,45.640488,7.674865,19.818998,4.285358,13.002452,2.2925704,8.014373,9.724404,-5.8245316,4.684689,-1.856004,78.30255681818181,2777.4717440580594,0.07944369924593968,0.14127028,pop
-164.02303,104.27235,-8.11492,35.49427,-6.70508,30.319746,-22.73176,25.888952,-14.3840065,19.920034,-5.8998637,9.034268,-8.22193,123.046875,2131.6070008434203,0.09485684636020882,0.09533354,reggae
-176.60052,106.09839,-4.7141232,37.70804,-3.9277484,27.461723,-21.52907,23.05926,-14.712936,16.89516,-9.031032,10.002875,-11.100915,123.046875,2102.420641935883,0.09230441560324826,0.0813071,reggae
-138.75543,105.16736,-19.079033,31.719234,-5.2796564,23.607506,-22.594917,22.323793,-13.907515,22.807858,-10.795332,10.946538,-11.667527,123.046875,2168.484572020645,0.10580748803654293,0.105555326,reggae
-183.8964,128.72157,-6.90751,28.109783,-12.905314,23.563938,-7.9232306,10.2598915,-11.419655,13.981425,-6.4046373,2.5688527,-13.03283,161.4990234375,1668.169791776697,0.07177621084686775,0.08236917,reggae
-201.92783,128.6665,-2.491966,26.274551,-13.633637,26.12748,-8.000047,8.85957,-14.849469,14.394777,-9.610297,2.3859453,-14.682794,161.4990234375,1653.9808915906215,0.06285459868039443,0.074405,reggae
-188.6197,127.00984,-4.0888457,27.90186,-13.941176,24.129858,-10.693726,12.676325,-12.186615,13.650272,-6.841998,1.4741536,-17.208979,151.99908088235293,1595.7095138062994,0.056799231438515084,0.08894125,reggae
-194.03789,111.99197,3.5269072,52.728848,-4.811835,19.833576,-12.36772,14.149987,-12.817619,10.936176,-6.2525043,9.084507,-9.482432,103.359375,1727.321540133449,0.07263608432424594,0.0937169,reggae
-192.72331,108.81302,3.2825048,47.133003,-7.558263,22.230284,-12.100212,16.366898,-13.708396,8.289884,-10.578243,8.119987,-11.697132,103.359375,1849.7608588370808,0.0759792814675174,0.09045049,reggae
-181.1255,113.17805,0.44614404,46.753,-8.527849,21.770323,-14.641561,18.603321,-15.714482,10.371582,-8.478612,8.165963,-11.823324,103.359375,1819.3843763109348,0.0762568427349188,0.092968225,reggae
-192.96143,106.2519,-28.324862,38.252865,10.153761,24.045176,-0.18931958,13.914318,-5.9118295,17.66252,-10.806893,10.096566,-4.937828,143.5546875,1909.0095480797795,0.09361178581786543,0.096046984,reggae
-206.60066,107.388855,-10.443117,26.126217,13.525421,35.46277,-13.388972,20.350796,-5.217575,16.48925,-14.26147,13.636676,-6.2897177,151.99908088235293,1913.4684003836712,0.08084056880800464,0.0910601,reggae
-205.80894,101.891136,-10.717064,30.957249,16.236134,37.454178,-12.5011215,22.092577,-3.2747262,18.844967,-10.506888,14.455032,-6.256029,143.5546875,1948.9234465332374,0.07991385404582367,0.095001645,reggae
-201.68399,112.882286,-18.138914,20.575806,-3.552545,20.293238,-10.269319,18.199461,-3.6253433,11.653144,-4.3822813,11.477432,-5.3632383,123.046875,1836.0352717664773,0.07909816379060325,0.094071075,reggae
-156.64677,97.1334,-12.621069,34.2285,-9.881807,26.877207,-13.601354,19.839449,-12.277448,12.426468,-11.117576,14.68509,-7.0335984,123.046875,2214.620989698445,0.09429379350348027,0.106075294,reggae
-169.32501,105.822,-17.390554,28.850548,-11.840144,25.621973,-8.034594,19.242586,-10.057292,12.190407,-7.9508343,12.134682,-6.3535213,123.046875,1978.8181340901172,0.07961590052204176,0.10274755,reggae
-180.40808,116.68744,-22.070679,39.44204,-1.2362782,28.527922,-7.8765473,14.689489,-12.155485,9.966886,-10.723872,9.911834,-2.6179574,151.99908088235293,1776.355925326017,0.07191102631960557,0.100885555,reggae
-178.88968,119.19786,-20.025103,38.41656,-8.312789,28.20522,-8.908327,18.643818,-10.420929,12.360579,-11.375662,10.215737,-4.9318647,161.4990234375,1794.9359196719356,0.07234945983178655,0.09691023,reggae
-171.78339,115.98291,-22.91354,39.569008,-8.046776,24.135672,-8.754514,15.102474,-9.805236,11.722027,-8.87769,10.421521,-2.9589326,78.30255681818181,1823.1959899120955,0.0745212351363109,0.10275168,reggae
-204.80159,129.27255,-4.9036074,48.460403,6.3937144,20.83412,-9.068793,17.043184,-8.144843,5.921843,-4.3018937,7.217132,-7.3041096,75.99954044117646,1440.7502262874889,0.06305059092227379,0.11362275,reggae
-206.81305,150.12686,-12.792535,30.687925,9.100421,25.788057,-2.2864568,18.44405,-8.900537,2.1503434,-3.7608335,6.1478686,-7.3994913,75.99954044117646,1238.7822249715111,0.05173175572795824,0.11474905,reggae
-212.28157,127.279526,-11.968425,38.558685,1.1048009,23.243868,-15.45846,15.232798,-9.888317,5.9220667,-6.327907,6.9046745,-7.1508307,75.99954044117646,1576.7764082579233,0.06748024216937355,0.08648145,reggae
-178.11475,113.36159,-14.784481,32.38682,-7.788104,22.71028,-18.840843,19.33982,-17.58356,14.045808,-8.652818,5.5749984,-5.2514853,151.99908088235293,1920.21463184162,0.08382123694895592,0.08888673,reggae
-204.94617,115.06654,-4.603711,34.363583,2.584724,20.119162,-16.02497,21.31551,-10.536436,13.407969,-7.117818,3.311562,-3.2596629,151.99908088235293,1722.634115297007,0.06949907555104408,0.09009922,reggae
-195.60637,123.11642,-15.398803,24.770576,1.5207419,23.002842,-2.5216715,16.874353,-12.554614,17.290783,-7.7000494,6.741493,-1.0289313,151.99908088235293,1620.1750525146417,0.06789715052204176,0.09260899,reggae
-185.17651,113.281105,-10.600439,52.355984,1.5630599,23.940287,-7.3522196,15.721397,-7.6721716,16.53305,-4.2826343,5.3778577,-8.612526,95.703125,1755.661641471097,0.07110893090197216,0.10382425,reggae
-204.397,126.75908,-1.2476325,38.387905,-5.564924,27.45499,-8.128592,11.181622,-0.49752036,16.375874,-4.604757,7.2491097,-8.234546,95.703125,1577.081780884641,0.06341311992459396,0.10557236,reggae
-195.06105,117.09207,-8.521604,32.658222,-6.866399,25.747652,-13.151121,7.93597,-10.945877,13.677881,-7.183985,5.2312245,-2.4103768,95.703125,1744.0538982732917,0.0736364377900232,0.09587637,reggae
-234.86603,127.0107,6.602785,22.363031,11.66964,24.493011,-10.437746,17.44016,-15.911192,15.019536,-9.333837,8.224203,-4.877011,161.4990234375,1641.9368341490574,0.06002347375290023,0.0876178,reggae
-238.51834,137.09406,0.004171066,17.477297,12.095293,24.354359,-10.354603,17.15177,-16.115547,16.307716,-9.322991,8.457373,-4.3044353,161.4990234375,1542.9019598042303,0.05746424557714617,0.085681304,reggae
-225.94318,131.49818,-0.515474,17.00879,8.725315,21.243425,-11.902373,16.939709,-14.865443,16.410854,-7.4135237,8.203973,-2.8351057,161.4990234375,1642.6379695863634,0.06408606438515081,0.08637111,reggae
-237.32881,89.092445,-21.510708,46.360897,-8.939166,24.648035,-17.016369,2.3885214,-8.845852,1.0414325,-16.468615,-1.6042161,-8.174148,117.45383522727273,2111.783091696095,0.1001916872099768,0.06195171,reggae
-214.18239,85.59539,-27.423874,52.91661,-15.171048,28.062895,-25.572515,2.0250506,-9.409934,1.292191,-18.66089,-3.639129,-9.205044,112.34714673913044,2258.731792830979,0.1089762180974478,0.072436646,reggae
-249.98672,89.18523,-18.770573,57.904457,-2.6605778,23.17031,-12.926346,2.1074824,-9.908481,-2.4827862,-16.681854,-3.2595143,-12.425793,117.45383522727273,2077.43843994925,0.09846287703016242,0.05038808,reggae
-205.65141,103.05888,-10.211701,29.49761,-3.4956117,20.192728,-5.0394382,25.923288,-13.172763,15.965128,-7.0236936,11.096013,-6.21552,123.046875,1987.907422965352,0.06669400739559164,0.07559815,reggae
-200.6751,106.594765,-9.209874,29.472666,-4.740643,19.82439,-3.1581304,26.235846,-13.196706,18.0733,-6.1122212,13.933884,-3.1866589,123.046875,1895.2000923541277,0.06507848752900232,0.080400266,reggae
-189.94318,98.12453,-11.022653,33.811787,-2.1653504,21.23557,-9.087919,32.545,-8.582847,20.96875,-9.329837,12.211513,-4.030386,129.19921875,2101.842429087409,0.07881380510440836,0.078981794,reggae
-223.89668,88.804,-28.346968,17.891129,-5.1424537,17.56481,-18.889465,8.287515,-12.424493,13.1392975,-10.647093,7.176162,-12.38898,129.19921875,2403.6758973073674,0.1282231094112529,0.054036215,reggae
-172.73042,94.85229,-16.267479,32.47593,2.6634557,32.56262,-8.517916,24.388092,-8.098585,18.469881,-6.801175,16.025217,-8.395955,129.19921875,2361.1071812980567,0.12056468423723898,0.08523683,reggae
-177.46059,106.05757,-8.99461,24.802036,-0.767082,29.449945,-12.002162,26.832558,-9.38434,19.900085,-8.877684,11.586193,-4.3291144,129.19921875,2133.9715596414308,0.09194075369779582,0.08720954,reggae
-206.29247,127.32144,-4.827422,30.606503,11.198552,27.459257,-9.986844,14.933011,-12.623377,8.186037,-8.075619,8.249486,-11.408783,123.046875,1513.4443235368935,0.0631786089762181,0.10853237,reggae
-187.1484,118.9497,-2.8449893,31.578777,6.1060963,28.056555,-12.53514,12.165889,-7.0284863,13.493317,-7.1733975,9.307258,-11.032082,123.046875,1724.1293859018713,0.078608749637471,0.124118164,reggae
-228.24458,124.32925,3.315382,28.313332,11.26058,31.158081,-9.121813,14.837612,-7.3526206,13.682854,-8.102467,5.000732,-9.709931,123.046875,1581.6637793986895,0.06943110136310905,0.10192376,reggae
-231.2637,106.68383,6.0907993,39.92189,16.08658,28.771458,-7.097125,19.550495,-5.001255,7.4326057,-1.5339075,9.26293,-2.7791226,129.19921875,1696.415170447946,0.06278775739559164,0.1117051,reggae
-207.20853,106.73949,0.20561908,37.19451,17.183172,24.19994,-4.666084,17.410349,-5.4453974,11.616365,-1.3420863,10.1424465,-5.3613043,129.19921875,1690.7867198314225,0.06201058584686775,0.11481883,reggae
-192.84132,105.638954,-1.5506843,30.206877,10.140531,24.682362,-8.354903,19.352768,-6.360008,9.059951,-1.4103689,6.487186,-4.900469,129.19921875,1767.2277466754867,0.0673001105713457,0.11506126,reggae
-165.56932,116.12928,11.051985,38.648506,4.286195,30.20967,-15.343961,18.859468,-13.049974,12.557184,-9.694026,11.807884,-10.407638,129.19921875,1753.9257240647944,0.056689339834686776,0.13555697,reggae
-147.70433,106.48403,6.3414774,42.64265,2.1066754,25.59293,-16.047369,21.513311,-15.920765,13.771633,-11.912424,11.186333,-11.465136,129.19921875,2005.8461711568787,0.07150657990139211,0.13480729,reggae
-160.0092,106.95186,7.974929,44.120567,8.960457,21.555874,-7.467923,25.798153,-17.639753,16.828836,-14.17169,11.843744,-10.015199,129.19921875,2011.5285558943801,0.0758807188950116,0.12496052,reggae
-65.91546,106.74359,-16.724623,43.095436,-12.234717,30.563501,-9.663683,21.84873,-15.798808,16.943176,-10.607698,10.183227,-8.489573,143.5546875,2056.249693864637,0.08169137906032482,0.19167066,reggae
-62.40681,95.84969,-20.948095,46.547894,-11.978106,30.535675,-8.843656,23.920443,-17.421547,16.803905,-9.634644,11.8855,-7.8192086,95.703125,2258.4713501877177,0.09179800790313225,0.18770382,reggae
-100.43684,101.29006,2.4256365,49.445965,-9.794739,33.467327,-10.282517,21.964514,-17.564499,14.521944,-8.589996,13.719077,-7.5688305,143.5546875,2038.4964548866053,0.0637677186049884,0.17666017,reggae
-161.32845,117.739426,-23.16016,30.818985,2.7724433,33.57554,-9.627566,17.582464,-4.215419,14.213582,-1.5428588,8.418825,-5.5610023,123.046875,1596.9146914885298,0.06770908860208817,0.14367296,reggae
-149.24274,103.85591,-15.974322,41.640472,0.84619343,30.042088,-10.778334,18.375483,-9.55549,11.906588,-6.003911,9.655079,-8.363119,129.19921875,1895.0583442451411,0.07901772766821345,0.13969634,reggae
-153.68117,108.259964,-15.775439,36.8449,-1.6749519,30.519175,-10.406383,20.093884,-7.2719045,12.906107,-7.844006,8.252853,-5.8974547,129.19921875,1918.1789473609465,0.08679850638051044,0.13527131,reggae
-181.29347,109.749855,-3.1448567,42.999203,-0.15349194,26.319977,-9.799053,18.054024,-12.699942,10.167879,-5.8113184,4.8045197,-6.0487027,151.99908088235293,1849.6082418115698,0.06935632975638051,0.098974116,reggae
-178.94702,111.029594,-1.5260848,49.187405,3.4199462,24.364286,-11.258799,16.66765,-9.522456,9.228743,-7.6856127,5.7062554,-4.6331897,161.4990234375,1773.1001993422747,0.06866525884570766,0.104701616,reggae
-154.0949,104.38321,-2.3924797,48.89172,-5.518326,25.63367,-12.498054,21.001078,-11.492049,15.397894,-9.343031,9.231564,-9.772057,151.99908088235293,2095.3929741972156,0.09348376776392112,0.11525405,reggae
-205.98923,111.31617,1.7603976,34.97217,13.185572,28.041908,0.19924255,22.069117,0.28215787,14.613482,-4.2649684,11.9338045,0.21886003,143.5546875,1604.0361931605753,0.06783597375290024,0.13513863,reggae
-182.05693,101.94547,7.4423256,40.449535,7.58602,32.64155,-5.9308057,18.157595,-2.476749,18.471647,-7.655472,12.9962635,-2.1732705,143.5546875,1853.9422466866342,0.07263721722737819,0.1375105,reggae
-166.15796,105.66321,2.5813918,41.124004,4.1571217,31.057615,-4.6723037,20.92559,-2.734068,14.896852,-7.861948,14.874348,-3.4390762,143.5546875,1806.0435950770777,0.07318894105278423,0.14305733,reggae
-184.47215,113.8538,3.175683,37.42488,3.6632755,33.745956,-9.962398,17.221186,-8.290685,12.609985,-2.6474853,13.352317,-9.073272,129.19921875,1595.081270039407,0.05273777370939675,0.13383415,reggae
-175.8667,113.22479,2.9362042,34.407085,1.9706059,37.12085,-9.543676,17.058788,-9.540266,13.79898,-3.1845171,14.422404,-6.4105296,129.19921875,1643.3828761002935,0.050278241009280744,0.14535747,reggae
-173.63725,115.18027,-0.33677655,36.68198,-1.8430402,34.243713,-7.630963,15.494221,-10.973783,16.895288,-1.1636673,12.37238,-6.7825856,129.19921875,1672.8413700370795,0.06705313768851508,0.13817686,reggae
-83.625015,108.24275,-31.438887,36.96486,-13.040387,23.061085,-11.634331,19.63724,-10.870582,18.105734,-7.082914,8.699059,-13.234044,151.99908088235293,2075.0381705646055,0.10399144431554525,0.14762744,reggae
-96.19644,111.93334,-22.117348,44.94871,-6.1630225,22.99672,-13.551162,16.788292,-6.11695,15.481705,-10.493021,10.756891,-12.936813,151.99908088235293,1932.4069618099059,0.08392886274651973,0.15181273,reggae
-84.78835,108.20795,-22.067541,39.38631,-7.2523894,28.212011,-9.536327,19.197117,-8.033177,17.618929,-7.84533,10.058113,-12.648129,151.99908088235293,2015.4431309007268,0.09006693191705337,0.16542074,reggae
-79.19988,106.13798,-32.92343,43.584198,-9.135002,25.12839,-10.7426405,25.889791,-10.415818,19.440607,-8.872755,13.634801,-5.924874,151.99908088235293,1972.6446101212023,0.08055847592807425,0.19095467,reggae
-91.02998,97.50515,-21.285227,50.68189,-5.857619,29.505642,-10.582813,26.498865,-9.619636,18.407158,-7.9006343,13.428011,-8.063843,151.99908088235293,2077.4888495415785,0.06877968206206496,0.18060079,reggae
-104.1246,93.36709,-15.693932,46.763947,-6.0079503,33.511986,-8.945089,24.982395,-10.8991585,21.331745,-8.212038,13.529049,-5.8242707,151.99908088235293,2128.4733147774414,0.06723440218967518,0.17415589,reggae
-156.71056,91.88758,-25.469198,51.155415,12.53074,29.54156,-5.5112095,21.77194,-14.401809,21.102402,-14.575986,13.598149,-6.424605,129.19921875,2197.7507114412306,0.1189502972737819,0.11040141,reggae
-184.21555,59.1118,-12.526832,59.74612,15.834346,31.241068,-12.207002,23.08965,-16.586308,17.190186,-14.861649,11.457337,-10.405561,129.19921875,2734.20945996188,0.14992386890951276,0.08540893,reggae
-144.62253,85.68978,-19.96836,54.640633,10.84652,32.280483,-3.6602468,28.205969,-7.7622333,26.450624,-11.450295,13.447452,-5.75753,129.19921875,2130.1217987954774,0.09135957439095127,0.12720506,reggae
-180.95024,115.987564,-4.3092456,41.465126,2.8168836,25.451197,-16.698061,10.257263,-10.638315,8.808647,-6.9874277,11.597832,-7.0492964,135.99917763157896,1673.2412939484611,0.064453125,0.120960936,reggae
-156.72096,110.60913,-9.711802,47.093887,-1.8199415,27.201494,-15.780917,14.016135,-14.7639,7.485632,-9.292067,11.900546,-7.982851,135.99917763157896,1844.749323942482,0.07063764319895592,0.12930074,reggae
-170.63678,105.61476,-12.267502,43.720284,-0.8392367,27.782047,-11.148086,15.24024,-8.525572,8.577877,-7.241911,9.672566,-9.844788,135.99917763157896,1914.2203995044235,0.0811283262035963,0.12042585,reggae
-201.61702,108.204155,-10.483006,40.77625,6.7987022,27.49926,-2.8113678,19.365683,1.551593,12.852242,-0.87114996,7.8048844,-6.5735836,123.046875,1650.5759937295322,0.0686505311049884,0.12670213,reggae
-194.79556,110.925026,-11.279037,41.944008,3.249771,24.759293,-6.0544696,17.567127,-3.6401858,12.221276,-3.3909984,8.28338,-8.456489,123.046875,1702.7570267287963,0.07653893561484919,0.11860942,reggae
-138.04741,116.79814,-27.885574,30.066128,-11.921686,23.09645,-4.170448,19.989464,-9.69084,17.800312,-3.5489895,11.129101,-4.063937,123.046875,1772.882024252595,0.075674530524942,0.13470612,reggae
-180.40335,105.63287,-5.823419,42.807922,0.632178,32.656075,-6.789042,14.190695,0.5566976,15.566526,-6.778864,9.776077,-5.6524467,135.99917763157896,1758.5516535813106,0.07122675282772621,0.13437976,reggae
-169.16618,96.24072,-10.335431,53.26214,0.36042026,30.909658,-8.204881,16.266348,-2.9543333,11.369193,-4.2481217,14.574579,-3.0134077,135.99917763157896,1906.4735006025865,0.07485090994779582,0.13176604,reggae
-166.82657,97.815605,-10.086439,54.18406,1.031317,31.020472,-7.5887628,18.222343,-2.7265356,12.215301,-5.4042516,11.945953,-8.013662,135.99917763157896,1856.3914937425554,0.077139374274942,0.13599364,reggae
-184.29611,87.631035,6.763648,40.498257,0.87061185,22.708118,-8.592811,14.323585,-4.024197,19.12481,-6.695916,6.8678265,-8.339424,135.99917763157896,2122.0987716450013,0.09206197433294663,0.12997223,reggae
-172.87888,91.39908,4.8332663,41.94879,-0.5096827,23.878494,-10.222706,10.920451,-11.297973,17.37272,-6.942854,7.269863,-10.767776,135.99917763157896,2062.1937273098865,0.07956945149361949,0.12452572,reggae
-176.67035,92.31935,0.9639259,39.31448,-0.9952704,23.931183,-11.949172,14.021816,-7.4511695,20.579754,-4.383985,4.9712358,-11.281624,135.99917763157896,2077.8115941993724,0.09001821708236658,0.1283904,reggae
-297.93933,85.85071,3.3522959,64.22144,20.989101,33.495865,10.328059,19.160639,-0.27354032,14.244684,-3.306005,11.007017,-1.4499587,78.30255681818181,1717.256229102013,0.06849758918213457,0.06886554,reggae
-220.06735,115.94927,-13.663904,52.862774,1.5204272,25.089111,2.0723255,14.391318,-3.2558675,14.065384,-4.163295,9.96033,-4.5125833,151.99908088235293,1584.298036205959,0.06420275340777262,0.076240115,reggae
-251.57736,111.99952,-12.3010645,52.2352,10.010169,23.801542,4.447478,20.171734,-0.7733466,16.081762,-3.2879739,12.029757,-1.8105599,78.30255681818181,1619.4717727466757,0.07036234773781902,0.07340798,reggae
-183.40126,111.8954,-2.9030945,51.542877,0.51987195,27.525345,-7.4993844,23.341331,-9.647683,10.788693,-4.577661,13.173978,-2.608587,151.99908088235293,1686.2647049319164,0.05123214544663573,0.10363284,reggae
-213.76608,111.821526,11.931896,49.771645,1.9314,31.917543,-2.8018632,24.709854,-3.5974479,11.942265,-4.668921,9.789606,-3.5830474,151.99908088235293,1527.2213404869635,0.03851530778712297,0.10156908,reggae
-209.47867,110.20051,17.034815,54.748707,1.0606737,31.25369,-3.6815538,19.745182,-8.649489,12.184052,-5.3917913,9.201996,-2.049491,151.99908088235293,1541.9882546646136,0.04101449209686775,0.10610167,reggae
-213.33421,113.63198,6.906263,37.554886,-1.4099662,33.2982,-4.0548,16.15287,-5.9035444,16.941885,-0.19585854,16.433147,-0.36285916,75.99954044117646,1734.2399601141392,0.06624197904582367,0.08276606,reggae
-247.71849,90.57073,18.558037,58.700527,4.0956497,30.6322,-1.5052687,18.698957,-8.182755,16.73108,1.6365916,16.399181,4.1495056,99.38401442307692,1932.0740680790339,0.08017782047563805,0.076849274,reggae
-257.49094,94.04958,31.08796,56.962387,4.9006658,33.61936,0.054695714,16.12498,-9.080519,17.124868,2.3611534,15.917202,3.9670444,75.99954044117646,1776.4739023935354,0.06474541400812064,0.081490606,reggae
-247.7604,101.677536,8.109741,42.778557,15.818474,39.581333,11.724756,21.267832,-0.99020976,17.19037,-2.4410577,11.925674,3.4474254,161.4990234375,1511.9868557035556,0.05276496338457077,0.09377785,reggae
-218.68933,101.244965,2.0238924,44.25406,7.96246,36.36947,7.0691004,22.877111,-4.8222938,15.077048,-4.4845624,10.632439,-0.4907449,161.4990234375,1655.9468234679089,0.06209102196925754,0.092351735,reggae
-213.62387,108.32641,-10.709286,45.653194,7.4035525,30.293308,5.6449614,19.865595,-4.701206,14.978919,-2.6434753,11.254979,1.9118247,161.4990234375,1572.750687695088,0.06063637434744779,0.08907926,reggae
-220.50047,129.7766,-40.62052,46.54167,-0.23798989,18.166441,1.8610765,14.385747,0.05377084,5.1041174,-0.86619836,2.9194791,-3.4147305,75.99954044117646,1569.2431464835033,0.0811441868474478,0.05392843,reggae
-251.57689,120.38123,-10.078968,32.89441,9.634698,30.08046,4.638954,21.074766,1.4525735,12.114752,-2.424851,9.457645,-3.029321,151.99908088235293,1489.7076650734568,0.06274923868909513,0.06976912,reggae
-260.35663,120.87214,3.1794436,37.969234,9.647873,28.739708,2.1819913,16.48316,-2.5520773,10.037051,-4.4801264,8.193497,-4.1483483,151.99908088235293,1472.392747019268,0.05325664334396752,0.067752086,reggae
-235.77393,116.24589,4.561842,37.233704,-6.9284754,30.243446,-0.44517416,22.381594,-8.627276,11.776643,-3.4725423,8.887799,-2.464719,86.1328125,1615.949284725588,0.06008238471577726,0.07435831,reggae
-255.8594,113.98253,16.407808,43.64252,0.26657203,37.183975,1.2015401,22.61461,-10.5086565,9.649769,-2.6433492,8.615462,-1.1174738,89.10290948275862,1506.7151320967835,0.04613408135150812,0.07638407,reggae
-257.21835,105.0511,11.696687,43.873993,-2.9339805,36.902554,-0.19360812,22.754948,-11.353992,9.755037,-2.9422896,9.147326,-1.1936407,89.10290948275862,1726.2837909452023,0.0702966393561485,0.07179298,reggae
-241.87706,131.8918,-4.319875,39.961464,2.8637927,20.322203,10.372136,18.949112,0.0929855,10.501041,-1.7735913,9.437333,4.421749,184.5703125,1307.0000976814204,0.04615107489849188,0.080538884,reggae
-247.27682,131.68228,1.5729918,39.44399,2.9490902,19.044697,9.875514,20.174942,1.0758878,11.556069,-0.5832053,11.072173,3.741344,184.5703125,1282.0910100194337,0.04262208164153132,0.082109176,reggae
-227.43153,133.56055,1.991529,44.443066,1.1665341,18.183657,3.5129406,20.828005,-3.2316372,11.352868,-2.9782455,9.375898,0.7442137,184.5703125,1286.9064438394153,0.04466810469837587,0.08443346,reggae
-217.90277,118.99871,-5.9298296,38.524254,-4.53431,25.937576,-1.4752154,14.049141,-4.221687,11.495453,-3.583418,7.9771314,-5.5131845,107.666015625,1633.2830244523811,0.06039280017401392,0.07363069,reggae
-235.92542,115.388855,-0.81094223,38.525463,-3.6458137,24.801249,1.8232467,17.44193,-1.1687334,11.487764,-3.6522317,5.291053,-6.0873833,161.4990234375,1656.7335590079147,0.057350955263921116,0.07157294,reggae
-217.05678,109.15782,-7.02136,44.183376,-7.478557,23.8485,1.3008455,20.211168,-2.1417575,11.017789,-2.2560487,5.564761,-5.769666,107.666015625,1803.0707820015791,0.06579334940545244,0.073825516,reggae
-239.23058,88.21319,3.0833614,44.783443,1.1545554,32.932804,7.601887,19.44141,-6.2589545,12.437827,-4.2108855,7.3948183,-0.58251244,172.265625,1876.6968937769154,0.06209102196925754,0.07964447,reggae
-239.21672,87.0642,0.56966686,46.220963,3.1322312,35.602207,13.033358,24.035822,-5.4740024,10.705066,-3.8252454,8.843833,0.66175574,112.34714673913044,1846.9613471472524,0.05652506888051044,0.07898744,reggae
-232.02242,100.70066,1.2444372,46.059963,-1.1678925,28.77942,5.8450637,15.744971,-3.9249077,10.234813,-4.3509007,6.6988087,-1.3887647,86.1328125,1708.707403709784,0.05855636419663573,0.08111023,reggae
-255.82635,97.42396,-0.43245205,41.627396,3.398317,32.608704,11.320064,27.679434,6.5866427,12.776234,-1.3729407,9.790192,2.1458106,151.99908088235293,1683.2417884414951,0.06511360752610208,0.084864944,reggae
-222.0156,101.53045,-10.079583,50.543484,2.9699907,28.823702,8.331133,26.359673,2.9937694,13.073777,-0.78944635,11.582051,2.5100465,151.99908088235293,1711.5001877896393,0.06137616009280743,0.09049653,reggae
-248.77907,96.3663,-1.4960728,45.810802,2.9459858,26.390882,6.757899,27.001865,4.26195,13.772986,0.09885035,14.778717,4.292115,151.99908088235293,1746.2955535825638,0.062997344475058,0.08293439,reggae
-195.59703,117.2066,-23.76886,31.543703,-14.593931,12.867901,-13.233412,13.441055,-9.956792,17.583897,-4.536831,2.999583,-6.458855,92.28515625,1787.397782285694,0.07156209215487239,0.078216024,reggae
-233.4947,113.0828,-6.7132516,32.748394,-8.495803,16.738834,-6.9563823,13.979691,-2.9776132,18.147676,-1.5656188,6.669737,-4.603185,95.703125,1638.1675495427835,0.06218052131670534,0.081305325,reggae
-292.857,97.970184,4.546286,33.806236,-4.8964505,27.675362,4.8140225,20.272337,0.75210464,8.74242,-9.070345,10.341152,1.5165902,95.703125,1675.7603700976122,0.06249886709686775,0.06780569,reggae
-336.8403,96.11858,63.637516,46.8872,23.94273,21.248392,-13.1424,19.862635,2.7754478,24.582241,9.316116,18.658688,2.3961833,151.99908088235293,1300.1611333143424,0.026939303581786544,0.08035128,reggae
-279.626,101.29829,45.451023,41.32924,15.900856,28.975365,-3.201953,24.372856,0.43865624,23.981546,6.5489354,22.019444,2.7553167,151.99908088235293,1328.373908833493,0.0254914533787703,0.11655202,reggae
-286.26663,101.33409,50.241714,41.745605,16.21853,24.745121,-8.183498,22.833172,1.5608289,26.271763,8.898444,21.75058,2.8517022,151.99908088235293,1315.9029342556003,0.025307923071345707,0.11417398,reggae
-332.05228,86.94914,-32.84276,24.36687,-25.23905,6.7872357,-18.845676,-1.8590819,-22.944927,-0.2725901,-9.626619,11.751825,-5.510127,92.28515625,2180.3685783602705,0.11410487057714618,0.030805638,reggae
-277.48956,106.95079,-34.75128,33.398506,-15.882974,3.5665903,-21.430798,-5.527232,-24.962084,-8.52457,-19.143852,-0.7918637,-14.420981,92.28515625,1962.1072116630921,0.10280189602668213,0.042963624,reggae
-285.93918,93.62105,-33.28404,35.447556,-19.973225,-1.0651368,-21.253181,-8.529937,-26.651333,-9.662959,-15.855305,1.4734524,-13.553401,92.28515625,1954.0894857706849,0.0853506561774942,0.0432903,reggae
-191.45528,83.279236,10.255674,69.26961,5.9588327,18.128916,9.760085,16.132557,1.6034837,3.6717026,5.328811,2.2046094,-0.1321981,143.5546875,1957.176688382148,0.05621691922853828,0.115017794,reggae
-174.66974,90.710556,13.266264,65.06543,-5.3546815,13.355681,7.724639,16.052525,-0.35583127,2.1225595,2.6340868,1.0885998,4.630132,143.5546875,1969.2380736092362,0.06369521280452436,0.116442755,reggae
-165.80634,94.93435,5.3130827,61.987663,-3.555333,15.000568,6.5550547,16.825766,-0.39024568,2.1633875,0.7015057,-1.3310758,3.245742,143.5546875,1869.1146303006028,0.05704507141821346,0.1279176,reggae
-168.6119,83.67733,-26.79804,19.20193,25.495506,16.5002,8.155324,4.237886,4.19484,4.9848986,4.618634,1.0032924,-2.74638,123.046875,2379.636713107136,0.1029310469837587,0.07106759,reggae
-165.65129,71.6669,-24.27263,21.58154,24.457747,13.51041,6.1085424,3.4477134,2.1513,2.611765,0.5906341,2.894647,0.31143188,117.45383522727273,2630.16822497946,0.11107888631090487,0.07390902,reggae
-190.2897,82.74551,-21.819479,13.184967,23.45572,17.178766,8.1131735,5.021517,5.4296794,6.8302207,3.1239555,1.3169172,-4.5573015,123.046875,2430.601525248853,0.10266594765081206,0.06842609,reggae
-172.76823,142.31956,-40.746292,41.189846,17.18192,-4.2554755,8.132063,6.706832,0.61216253,-10.960165,-3.7037892,0.30145773,-3.0822582,151.99908088235293,1478.8400740717052,0.07548986731438515,0.1013599,reggae
-172.44887,144.33823,-38.529926,42.680965,20.001171,-4.2975144,8.564118,6.1698394,0.92663515,-12.863619,-2.9367068,-0.22654131,-3.3928108,151.99908088235293,1424.4717305103045,0.06889410527842227,0.10766473,reggae
-148.66574,141.23907,-44.83651,39.705482,11.351376,-8.138431,6.1936607,4.027699,0.9011111,-7.540422,-0.35714886,-1.5116743,-2.7018476,151.99908088235293,1552.0737084826237,0.0833907337587007,0.12251158,reggae
-108.101,82.6199,17.84535,29.231434,10.50193,10.032261,11.146449,5.076638,2.8438685,1.7500445,3.2595654,0.45991924,2.777338,172.265625,2487.3645466528174,0.08896688297563805,0.14890957,reggae
-100.7024,87.900215,17.507399,30.408562,14.225561,8.783085,4.5013084,6.4976983,4.4175563,3.4997756,3.1193912,1.362237,3.6963384,172.265625,2350.597162385111,0.08214000870069606,0.15781495,reggae
-104.079704,81.2389,21.302027,27.039076,7.1070642,9.05807,12.249375,7.970088,1.7034119,2.2379243,1.9724504,-2.402941,2.7700734,89.10290948275862,2529.07963751972,0.09102989957946636,0.15062872,reggae
-100.243164,25.039259,13.1730585,39.146675,7.703547,10.263307,-2.8274574,3.5001447,1.7454891,1.1602,-2.0722136,0.17380996,1.7181922,161.4990234375,3940.9934316292893,0.2180759226363109,0.09537025,reggae
-124.40785,18.641582,29.39776,35.288597,9.70873,12.326776,2.3900437,4.21221,4.6112714,2.001271,2.9129236,3.4165552,3.5577366,161.4990234375,4344.459971382931,0.2166960466212297,0.08878617,reggae
-136.73816,5.434079,32.794415,37.25056,10.372298,16.574959,10.133451,10.219743,5.910732,2.0116458,4.814504,4.361099,0.81193286,161.4990234375,4567.71430061449,0.23553622571055685,0.0889803,reggae
-168.06229,76.65028,18.911617,44.51826,6.7619505,15.001502,-6.4463606,0.045470484,-1.0856344,-3.218002,-1.7125213,-1.928693,-4.1609936,172.265625,2372.5675345930727,0.08275630800464037,0.09264653,reggae
-163.78798,80.466354,14.778395,43.402615,7.324287,16.437305,-6.3394814,-0.07992433,-0.8223003,-0.73159146,0.62584955,-0.7767403,-2.6497006,172.265625,2311.964220342622,0.08008832112819025,0.09779821,reggae
-175.18271,81.65544,12.052245,40.206913,8.959043,19.628109,-5.2246723,1.6049591,2.1453898,1.1226491,3.5459726,-2.0725424,-1.8985789,172.265625,2279.740085730537,0.07953773020591648,0.089651026,reggae
-140.6126,67.74629,-9.624309,53.45929,4.3044252,5.29397,-4.78023,2.1263723,-5.94012,-1.0592445,-1.8773456,-5.0420127,-4.7682467,143.5546875,2555.2903711342797,0.12268661180394431,0.10474918,reggae
-144.9709,62.50647,-9.59597,56.922653,8.331499,5.984653,-5.552497,3.856269,-6.678442,-6.155594,-4.416031,-5.7963233,-6.687865,143.5546875,2534.935958777528,0.11113893017691415,0.10782481,reggae
-135.3578,78.71951,-10.624691,45.96641,-2.8869977,2.3538053,-0.20379356,2.805185,-7.0565376,-0.7169803,1.1406823,-9.9352045,-5.984355,143.5546875,2343.257897510855,0.11061099731728538,0.114968516,reggae
-120.753845,70.2316,5.585572,49.505455,6.803618,25.233278,-5.214097,14.552867,-1.6120737,5.503997,-3.6954787,8.910033,-1.8249055,89.10290948275862,2574.2537207268188,0.10366290240719257,0.12515739,reggae
-130.27806,66.154076,7.288067,51.627388,9.725116,25.615768,-4.9383593,11.563809,-3.5811427,6.9595914,-3.5879292,6.808601,-1.0929668,89.10290948275862,2654.87681779276,0.11258678037993039,0.11622545,reggae
-120.28351,62.35012,11.641887,48.157093,9.0036335,26.759903,-6.166966,12.527673,-2.4998565,7.9902744,-3.466185,7.271173,-3.2334132,86.1328125,2790.7361821420172,0.11694392582656613,0.1186522,reggae
-123.54968,87.651535,25.285185,31.893564,9.873165,-2.4072397,6.6581373,0.9465525,-3.601438,-3.0220938,-1.6302357,-5.15047,-6.138195,95.703125,2442.0012783377438,0.08945969583816706,0.12732159,reggae
-126.18406,89.9414,26.446146,34.459614,7.5670238,-3.777091,6.2206755,1.8127093,-2.551345,-2.829971,-0.5444908,-5.6360373,-6.2953386,95.703125,2276.217105784757,0.07614581822795824,0.13415094,reggae
-114.83435,91.21481,19.64928,31.934555,9.116673,-1.6441078,7.0765634,2.6059299,-2.6482208,-3.4530885,0.105749495,-5.492197,-7.1678925,99.38401442307692,2248.8819785136593,0.07629422853828306,0.1365759,reggae
-108.745605,67.80023,-3.938856,24.295122,8.312847,7.2469654,1.9006313,5.149277,0.2752276,0.8146999,2.2983575,4.858497,4.5655713,95.703125,2905.167990151467,0.12133279256090487,0.12937018,reggae
-106.77016,68.17384,-2.819883,25.028112,9.828175,8.691844,2.2386644,5.9829445,1.6110232,3.1683178,4.023429,4.71315,5.3649173,95.703125,2881.53897316921,0.11828868184454756,0.13585591,reggae
-99.45171,63.35942,-0.13642788,24.516039,7.0373764,4.3511567,0.90351206,4.3879833,1.2339557,2.6170607,2.5619836,4.1312084,2.7010064,92.28515625,3080.5207962477316,0.14099319351798145,0.1276926,reggae
-155.71274,-3.1614194,24.470598,29.961508,1.6199023,28.999012,17.51651,14.023872,8.693907,6.4591203,9.110171,10.427662,2.14909,86.1328125,4311.145516381485,0.2794384878915313,0.11625521,reggae
-150.5322,-3.2505682,22.062792,31.219826,2.3116052,28.210855,15.72722,11.978357,7.56045,5.6903605,9.662411,11.051262,1.6274472,86.1328125,4325.746296461774,0.2836800772186775,0.11662255,reggae
-158.9078,1.9648414,20.735594,30.233057,2.2416663,28.503716,17.732061,14.198934,9.131174,7.1976233,10.413418,11.145524,2.8132584,129.19921875,4189.711707073241,0.259702182424594,0.11887374,reggae
-88.181465,62.57254,34.03432,20.494907,18.268774,9.925788,9.698236,9.621535,3.9612234,2.5096095,5.238352,2.9141262,5.0710096,99.38401442307692,3193.907669543011,0.12466805938225058,0.18832333,reggae
-86.24865,59.91118,33.884186,20.59641,18.046171,6.1159,8.529486,13.431092,0.5369365,-1.6861014,6.056577,2.5886707,5.322604,99.38401442307692,3341.9717815603117,0.13848721178944315,0.1812461,reggae
-81.360085,60.511375,36.454586,18.211527,13.756848,7.8526983,9.722463,10.980839,-0.3394494,-1.014955,7.961109,5.389589,6.569088,99.38401442307692,3331.169796161854,0.1380159240864269,0.19986492,reggae
-271.2444,107.48074,10.914545,31.760038,18.016176,11.2685175,11.080771,4.9913306,2.5550156,8.176445,0.1010225,10.693931,0.051838566,75.99954044117646,1951.8922229763066,0.0856418122824826,0.05978529,reggae
-248.21402,97.97738,-6.161729,33.57742,15.201432,5.351779,9.517554,5.8903837,-0.061594065,8.54192,1.3003763,10.52815,-1.704891,75.99954044117646,2197.931180104894,0.10212781866299304,0.05929285,reggae
-235.14255,112.79265,1.2082916,32.634586,15.978935,8.591658,10.189558,5.9639916,-0.16828185,8.558432,-3.5506828,8.695127,-4.133659,151.99908088235293,1863.8476651183767,0.08111133265661252,0.069848515,reggae
-176.13736,87.605064,-9.071362,20.816416,26.162912,10.903741,12.66151,5.4936013,3.2996626,11.116171,-2.8774037,4.0471363,1.8306227,151.99908088235293,2436.996799415451,0.10650648926914154,0.098581746,reggae
-185.62953,84.07113,12.4940195,5.8077683,31.018026,19.127823,2.5662074,7.528896,8.337217,6.355438,-3.4529488,5.8894563,1.6070248,151.99908088235293,2574.8334879271865,0.0995980459686775,0.09415404,reggae
-185.01653,79.21145,11.224211,11.302377,33.03369,21.482327,3.138473,10.0266075,9.73535,9.240385,-0.15612853,7.1853533,0.91935104,143.5546875,2609.5428952209268,0.0980505002900232,0.097667135,reggae
-126.82717,77.51686,26.242271,24.912964,12.649225,14.937472,1.3750274,1.2027472,3.8996434,1.8581979,3.283294,3.8862996,3.071856,129.19921875,2687.9126490747476,0.09150798470127611,0.112075575,reggae
-143.5963,83.420135,38.32142,29.909843,10.825823,12.717721,0.6381855,2.284657,1.5724839,-2.261341,1.7453226,2.146124,3.990491,129.19921875,2477.335600001268,0.07641205046403712,0.112383254,reggae
-120.92583,91.892815,23.555378,16.695261,1.4340701,13.945446,4.7103386,5.3023276,2.2789438,0.68494886,2.0219114,2.2288556,4.2089105,129.19921875,2412.019439009081,0.07824961934454756,0.11380389,reggae
-165.18213,98.05785,-1.4386078,20.764101,16.989283,12.614403,6.777056,3.1769426,0.6186464,1.7979097,-0.9966637,4.05453,4.424396,161.4990234375,2188.788054648956,0.08177861260150812,0.10061041,reggae
-164.52588,98.811165,0.51057905,19.509127,9.919982,12.7453165,5.9540687,7.0463014,2.4599516,3.6145082,-1.3764403,3.8539133,2.4071696,161.4990234375,2177.5167635886028,0.08238471577726218,0.09755546,reggae
-157.61699,98.71251,-4.0098624,22.05729,9.1666,9.884342,5.542841,4.6911693,2.0861614,3.810015,-0.25732103,4.452427,3.4754772,151.99908088235293,2158.491127414062,0.08485444460556844,0.1029564,reggae
-167.99712,91.37792,11.335466,31.565866,20.63548,8.18213,7.1574674,5.1224127,3.784451,7.5768733,4.932981,-1.3606147,-1.2268511,95.703125,2262.3156206797153,0.08282881380510441,0.103873074,reggae
-187.5877,107.341705,20.003489,18.25109,12.499686,12.665563,5.876655,1.5877906,9.356534,8.253256,3.2613802,1.8419768,-1.5528669,95.703125,2018.6816806576858,0.07075546512470998,0.108394295,reggae
-176.67195,96.46232,12.694854,13.510379,11.762766,9.580625,1.9916254,-4.224202,1.2859762,4.8342915,2.37149,-1.4656264,4.6242747,95.703125,2228.947949251595,0.0826044989849188,0.09751124,reggae
-174.71437,87.0899,11.993225,11.433884,21.286022,8.884349,0.70831835,2.237341,-1.8948525,-0.82259834,-0.40672788,2.1188102,-5.5096774,123.046875,2520.200531515659,0.10140729227088167,0.08722674,reggae
-150.24573,79.97571,9.896531,10.3515005,16.795204,8.032083,-0.50447637,-0.73194194,2.270903,3.4238398,0.3904912,1.1464597,-4.6817727,123.046875,2784.079883347841,0.12691460629350348,0.10119585,reggae
-183.2003,84.81249,11.776819,14.529417,25.19813,11.715331,2.670668,5.029532,2.2488973,2.3645265,-1.2126985,-1.061913,-4.132523,123.046875,2584.7052373710826,0.10730405307424594,0.08474721,reggae
-84.60312,78.31703,-0.08170016,15.727752,2.2804692,7.499331,-2.3839788,2.1627676,-6.277989,-0.42768255,-1.8620155,-3.5350447,0.75878197,151.99908088235293,2788.183748733784,0.12837038681844548,0.12711003,reggae
-106.424126,79.78746,2.3463552,19.71738,8.319042,8.424963,-1.668715,4.9869704,-2.6837676,-0.051942475,-1.3534786,-3.3851938,2.5828004,151.99908088235293,2631.042649731042,0.11101204502610208,0.1239262,reggae
-89.66253,82.50377,-3.1739037,10.289268,2.460614,11.206071,9.122216,0.4915106,-3.9161935,3.5147538,-1.8281742,-2.035708,3.4457967,151.99908088235293,2595.9942053960103,0.1117382359338747,0.12774584,reggae
-309.2563,79.34955,-12.896047,33.81767,2.4126537,16.385792,-5.6428475,-3.626956,1.178057,-2.2211075,-7.3732758,-2.5837357,-0.8445872,117.45383522727273,2341.9126390450724,0.11069143343967518,0.0250561,reggae
-278.96823,73.83585,-16.731165,38.0047,-3.5439014,17.83379,-12.750556,-4.926936,2.654166,-3.202267,-8.659397,-5.1323266,-1.2432824,112.34714673913044,2470.9430995651937,0.12410953813805105,0.031547837,reggae
-316.27658,79.33069,-11.662776,46.48589,5.512333,16.735266,-3.6631176,-2.0943205,-0.43914402,-4.2437468,-9.359135,-3.0071084,-5.73163,117.45383522727273,2372.3123661879845,0.12001749202436195,0.020796832,reggae
-88.342896,55.433525,11.005397,32.46501,20.148592,4.27419,7.6140447,5.7044926,-6.4137135,2.6458774,6.2496114,-1.3157369,2.70945,123.046875,3063.580384710018,0.11392247317285382,0.18643929,reggae
-71.698494,74.44861,15.33463,27.970795,9.832703,-0.8295295,1.2647612,3.253814,0.09936566,2.7332585,4.537092,0.90778893,2.2669387,92.28515625,2841.6888857303848,0.10274411796693736,0.19127177,reggae
-62.22445,44.19161,1.1382818,27.301601,7.5752563,-4.0769987,-8.372034,-4.838776,-8.926937,-1.2976687,-2.2951043,-4.2197876,-2.3071513,92.28515625,3462.599581278943,0.18345893452726217,0.16462724,reggae
-259.16528,87.720024,1.2138077,30.128366,24.97404,14.464458,14.685805,12.802413,7.29229,7.3092666,6.799874,4.5416546,5.6237855,151.99908088235293,2059.5183893532817,0.06062731112238979,0.05722401,reggae
-264.5937,81.98994,12.520839,38.52568,29.313107,11.321857,15.1993685,15.512455,4.5570617,5.0441804,8.479554,7.020492,2.9463089,151.99908088235293,2093.4920219479927,0.06372466828596288,0.055525105,reggae
-272.9955,72.38026,15.508857,41.129364,29.053482,10.3607855,15.058548,17.071417,7.794427,6.51977,7.238007,5.426212,4.462943,151.99908088235293,2183.555649745063,0.05797178618039443,0.058994204,reggae
-170.11496,113.116516,-19.149036,41.780495,8.169401,-2.6260548,4.003211,4.8373113,-0.1814612,-0.81454325,-1.4344876,0.93704456,6.088707,184.5703125,1858.619410379662,0.07776020519141531,0.092755735,reggae
-169.45547,108.28678,-21.394386,35.02308,5.7946343,0.36936027,6.593912,3.8074841,-3.4582992,-1.0200608,2.4517503,1.7733867,7.1680226,184.5703125,1965.0517806173038,0.09097778603538283,0.09811839,reggae
-166.39253,107.54662,-21.720045,40.161907,9.792955,3.3866284,7.442051,3.6546545,-0.5749701,2.158086,-0.2624048,-1.6317371,2.615935,184.5703125,1905.9917438772595,0.08071821526972157,0.10160061,reggae
-75.11093,52.14338,21.061895,23.886751,28.516253,12.4866,1.2210552,11.018691,9.914202,-0.14325327,0.7258074,5.2017374,1.4313624,172.265625,3150.626409909874,0.1009801877900232,0.2693642,reggae
-71.26974,55.82411,17.0775,17.147537,25.150908,15.604691,2.0932872,9.580529,5.750232,0.97722477,6.26958,6.5360403,1.3940386,172.265625,3085.0251808387957,0.09959691306554525,0.2701556,reggae
-63.957504,55.391113,8.777555,18.447449,27.341198,11.633892,-1.2954563,9.566515,4.342228,-1.8724097,1.9446636,6.428492,0.47298238,112.34714673913044,3043.3705280838553,0.10172450514791183,0.26293865,reggae
-82.44378,106.985466,-18.195621,27.257402,10.756149,4.4809127,12.584306,11.172882,-1.8258699,8.139176,13.379713,9.810889,4.959665,89.10290948275862,1926.8532518069956,0.07417569968097448,0.2880629,reggae
-67.71095,99.692535,-20.561323,27.02091,14.735697,6.2136793,8.884511,10.78126,0.43428788,9.427767,12.924576,7.593764,4.134042,89.10290948275862,2040.8945946255915,0.07968727341937355,0.30288187,reggae
-48.783115,87.27015,-17.809566,26.645744,16.472479,7.435471,6.849955,9.804889,0.99925935,6.7775464,5.361543,6.580709,2.3323457,89.10290948275862,2273.9980378867226,0.09406268126450117,0.30210808,reggae
-148.36523,120.63198,-20.061468,38.050102,5.580704,13.7010565,-0.913404,15.981928,3.7109823,3.8828952,-0.20132156,5.2285247,2.7415,161.4990234375,1642.9765299120627,0.06814752211426914,0.12540533,reggae
-153.51845,124.061134,-21.981714,39.351463,4.541842,15.438689,0.094835036,17.136347,1.1339151,5.7471485,0.345832,4.7418756,6.106579,80.74951171875,1598.8642270704104,0.06663849514211137,0.12561424,reggae
-140.04526,116.63383,-23.5421,42.25718,9.876055,16.84194,-2.86235,15.312643,2.2327812,4.3192744,-0.4472245,3.4427216,4.8100824,161.4990234375,1645.553638895583,0.0663258138776102,0.13603026,reggae
-129.75978,115.43778,-1.4509162,22.788048,23.187122,2.1306,10.64684,2.6611135,3.2076948,0.9756097,0.28308222,3.3602269,-0.8105378,172.265625,1769.5504924544573,0.0618191252175174,0.13821098,reggae
-135.17274,116.071556,-3.6457634,24.723938,28.37916,0.5256279,12.730861,2.1897674,3.9057975,-0.1743727,-0.17159107,5.35391,-0.19784248,83.35433467741936,1738.2081105154075,0.06091166980858469,0.13549276,reggae
-134.09636,119.9081,-3.303295,20.111954,26.186121,-1.777385,17.141598,5.36383,6.425354,0.80898094,-0.34244785,6.5697536,0.55844545,161.4990234375,1678.3866356702456,0.05847139646171694,0.14619738,reggae
-193.0466,83.13384,0.50723517,33.754997,2.3721416,22.846478,2.4374442,12.9380865,9.368914,11.065479,8.692399,9.51351,1.581503,135.99917763157896,2102.1216387733516,0.07733536651682135,0.09644533,reggae
-195.81403,80.3765,-4.761517,34.51137,5.7626047,23.722317,4.801589,13.75637,9.372627,11.053902,6.5660434,7.889941,-0.035153735,135.99917763157896,2129.162965970542,0.07819977160672854,0.09358003,reggae
-195.46413,86.06355,1.9007305,28.778645,0.3264908,22.858608,1.5205158,15.971798,6.8671665,9.2053175,5.870359,9.001662,2.587234,135.99917763157896,2079.309921712079,0.07774547745069606,0.09562055,reggae
-151.01343,78.14969,23.272463,36.56345,9.24757,5.984375,2.609326,22.163368,-4.502427,-0.339123,19.508574,-11.156658,6.8686376,143.5546875,2549.7727663040696,0.08260563188805105,0.124231316,reggae
-142.00099,85.89816,24.368174,34.774017,1.2039763,2.0187628,2.0293233,20.497095,-7.347987,1.1169937,17.191933,-10.052194,13.061706,143.5546875,2443.5383927915645,0.08490542524651973,0.12021064,reggae
-135.30171,86.95746,18.129005,30.144672,3.3556364,4.5133066,1.1362368,22.740475,-5.912014,0.743253,15.522285,-13.112474,11.661067,143.5546875,2387.701434468265,0.07342685071055685,0.13231653,reggae
-105.49248,80.87808,-2.956149,19.362738,4.442307,8.164939,-4.0580072,5.5885453,0.63900375,5.9189124,4.312568,-0.20150298,3.4614894,89.10290948275862,2389.701812086269,0.06560755329176333,0.15655234,reggae
-162.70787,79.97912,-9.245164,26.483639,-0.9439957,15.498174,8.43628,2.0146298,-2.9823465,12.635049,6.086697,1.481682,4.20779,172.265625,2054.5559428021393,0.0552743438225058,0.14020681,reggae
-142.30977,66.20066,-3.7860744,24.674202,-1.2114439,13.364854,9.081851,7.982697,2.0819654,8.629097,4.2531805,5.7409678,8.768301,89.10290948275862,2419.4852167054464,0.06180892908932715,0.14982595,reggae
-125.51385,46.284695,19.460993,45.601063,22.71865,11.591527,1.8549196,14.438065,-3.1928172,6.297132,5.1916924,-1.7385178,3.4295945,143.5546875,3058.049645465095,0.1257885005800464,0.15882179,reggae
-161.63858,46.091427,22.300074,44.366364,23.25316,13.046863,6.919372,14.702668,0.53808224,6.5502467,7.8713956,0.82846826,2.9991672,143.5546875,3020.4998237232007,0.11475175826566125,0.14298542,reggae
-137.40778,40.534054,23.528137,39.589714,19.23905,8.917228,1.8046575,15.79189,-2.5351493,6.380723,7.4577518,2.9061959,5.4591947,143.5546875,3252.850449005906,0.12410047491299304,0.15016124,reggae
-101.534805,67.36174,5.6812735,7.323203,14.926533,-2.5803008,-3.65818,5.344681,-4.9446845,-1.1713697,-0.80575764,-4.7764792,-2.0843914,112.34714673913044,3056.7123252122306,0.13440762761020883,0.14395756,reggae
-92.73372,66.39045,1.9877492,2.4293637,8.044096,-3.7935352,-3.115492,0.74887645,-7.4504547,1.5529746,2.5526052,-4.107958,-5.5186644,112.34714673913044,3189.679145944268,0.14593265117459397,0.13686417,reggae
-88.388466,70.699524,4.321156,13.169571,15.307678,-3.1540492,-4.938296,5.357525,-5.900855,-1.4456657,-0.78870696,-5.172343,-1.459083,112.34714673913044,3020.911022658042,0.1261238399071926,0.14749256,reggae
-99.12306,93.53919,12.595538,26.761166,3.884809,18.922035,6.6142216,11.469457,6.4050946,9.09118,5.7983136,10.660229,6.005711,172.265625,2031.312599486776,0.052665267908932716,0.19369198,reggae
-117.24206,84.81005,25.64,32.964283,14.695632,17.102688,2.1713655,6.6057076,4.031776,8.268245,5.563058,10.806064,6.9917803,83.35433467741936,2219.23812390842,0.04664275485788863,0.18716173,reggae
-101.33976,85.65788,19.916111,32.08797,11.529115,18.023296,2.2388422,8.703042,7.002585,9.22767,5.629594,10.207512,4.7213564,83.35433467741936,2208.826687641985,0.053604444605568444,0.19500712,reggae
-98.92028,94.16048,12.296821,26.478722,3.6934154,18.784021,6.6980553,11.547521,6.550746,9.038503,5.715103,10.5194025,5.973975,172.265625,2017.5542254765642,0.05265620468387471,0.19374433,reggae
-117.19212,84.70076,25.86799,33.119,14.689312,17.054878,2.248989,6.6049566,4.0021257,8.252987,5.494271,10.801781,7.0131598,172.265625,2220.6289200854235,0.04653173035092807,0.18744867,reggae
-101.33653,85.73994,19.810158,32.07325,11.55241,17.922144,2.1742682,8.607719,6.9912653,9.215415,5.582633,10.1926365,4.7945147,83.35433467741936,2209.6236948671335,0.05361577363689095,0.19466034,reggae
-85.14086,90.326805,-24.61454,24.433578,6.435643,4.5463796,-1.021196,8.196683,-3.6874914,2.9602249,5.907963,-2.214378,7.358268,143.5546875,2508.0328067935325,0.1375786234773782,0.13009433,reggae
-57.636944,82.227684,-24.568663,15.6550455,-6.3156595,6.7309537,1.213355,11.215016,-2.537822,0.039202236,1.6906228,-0.99391264,11.308928,143.5546875,2562.592953098208,0.13657827001160092,0.18136717,reggae
-48.808155,92.22551,-33.58455,15.709089,-10.810491,4.3347116,2.7670984,4.697553,-6.9833584,3.8465128,4.8503017,-3.414493,12.130719,143.5546875,2372.4080423346495,0.13030425246519722,0.20069358,reggae
-133.56857,82.60826,26.055664,34.75546,1.13789,15.3621235,-0.3457709,6.412946,8.521728,11.139894,1.1335014,-1.5781596,-1.510973,161.4990234375,2297.0452925057402,0.07640865175464037,0.19912513,reggae
-107.29691,75.55464,23.106997,40.11916,6.495457,10.284964,-1.799783,6.8569565,6.632571,9.27235,2.190837,-1.946023,-3.205538,161.4990234375,2476.5183238772115,0.08652774253190255,0.21142419,reggae
-76.16551,70.39237,9.2227545,35.176674,3.528252,9.447636,2.317971,8.022335,7.839207,11.026693,-0.28172818,-3.0220726,0.22659734,161.4990234375,2596.706404869764,0.10143561484918794,0.22074087,reggae
-153.98785,109.30574,-8.050876,43.792915,9.853215,13.165331,13.134983,10.328331,7.0114365,2.5389228,-1.2319599,-1.0560402,-0.06018123,73.828125,1724.5200425503238,0.056280361803944315,0.11031587,reggae
-157.3434,111.359406,-6.4563675,49.448402,13.862545,12.642427,10.660143,4.891437,5.761854,1.7160643,-1.0478778,0.43818682,-0.92181724,143.5546875,1665.2195787065632,0.05485290385730859,0.11831407,reggae
-144.00262,94.70012,-3.7910056,50.457016,10.304189,19.42761,11.097709,4.6556697,7.673509,2.9811285,-0.7682453,0.040884174,-0.9200983,143.5546875,1943.4437046621047,0.07131625217517401,0.12058055,reggae
-169.83472,74.2516,-7.0156465,54.967373,14.999821,26.690237,6.8601546,9.079969,6.3626013,8.126185,-4.9704733,4.597827,1.8878973,161.4990234375,2392.0874159394143,0.10089975166763342,0.09000972,reggae
-178.50642,75.78083,-0.4183259,53.810966,14.843047,22.768036,4.575162,9.366116,7.9797435,10.961544,-4.2901134,3.722637,3.1580684,161.4990234375,2368.062104877245,0.09842662412993039,0.0945958,reggae
-178.43858,84.11491,-0.29892895,49.76831,17.701494,24.80916,4.3600183,7.531588,5.587243,10.314868,-0.75817543,3.959244,2.0639517,161.4990234375,2192.068199970884,0.08162453777552205,0.0981283,reggae
-161.28645,60.81964,-38.671818,24.435333,-20.79583,13.705595,-3.0310953,1.3142062,9.905829,6.4249907,2.8460202,0.66667604,2.5291889,151.99908088235293,2982.547913662228,0.19309314276392112,0.073630735,reggae
-148.71553,60.288734,-27.787498,40.044273,-6.8081117,30.4237,5.632054,6.6787586,6.3120413,1.3126084,0.05883407,1.3301262,-1.7276616,151.99908088235293,2916.3456128789294,0.1691401718387471,0.09090094,reggae
-157.2766,49.98215,-39.357605,35.440895,-15.020618,31.69218,4.984942,4.745308,9.27817,6.005158,5.595401,5.8088655,7.6697946,151.99908088235293,3111.092300297471,0.19598544446055685,0.07698175,reggae
-110.661995,69.16403,-0.18604676,28.362204,7.0016565,13.451224,14.557338,14.851014,4.25728,16.392353,7.5172706,4.1738133,7.7007403,99.38401442307692,2449.581855257394,0.08780452436194895,0.18947566,reggae
-108.99373,67.78807,8.483526,30.928999,0.69863915,10.452233,15.983657,15.123432,3.804457,15.3127,6.735358,3.7919412,9.54704,99.38401442307692,2489.1617319719203,0.09083277443445475,0.20207815,reggae
-89.80291,64.84275,-1.4738636,26.174786,4.895873,11.7377825,12.170903,12.917938,1.7861971,15.802961,9.836677,5.3945518,8.792207,99.38401442307692,2678.1537369227185,0.10406508301914154,0.19491611,reggae
-119.01514,67.58934,-1.4163405,29.147926,7.828944,13.638583,14.04341,14.958719,3.4996183,17.80647,6.2446556,5.0537753,7.6843624,99.38401442307692,2505.978122921965,0.09396525159512761,0.1778396,reggae
-121.70258,65.627594,7.0892954,31.146336,0.26896995,10.6977005,14.639116,15.758142,3.2719896,15.900703,6.1072793,3.7412994,9.147713,99.38401442307692,2576.3806334964265,0.10085783425174014,0.17788123,reggae
-107.18201,68.06594,0.10746634,27.112713,3.9098363,11.815347,13.351954,14.01631,0.09759429,17.409246,10.334419,6.164892,8.786085,103.359375,2615.912653909833,0.10306019794083526,0.18197915,reggae
-119.01514,67.58934,-1.4163405,29.147926,7.828944,13.638583,14.04341,14.958719,3.4996183,17.80647,6.2446556,5.0537753,7.6843624,99.38401442307692,2505.978122921965,0.09396525159512761,0.1778396,reggae
-121.70258,65.627594,7.0892954,31.146336,0.26896995,10.6977005,14.639116,15.758142,3.2719896,15.900703,6.1072793,3.7412994,9.147713,99.38401442307692,2576.3806334964265,0.10085783425174014,0.17788123,reggae
-107.18201,68.06594,0.10746634,27.112713,3.9098363,11.815347,13.351954,14.01631,0.09759429,17.409246,10.334419,6.164892,8.786085,103.359375,2615.912653909833,0.10306019794083526,0.18197915,reggae
-329.27365,140.99174,18.605612,23.735933,-10.235461,1.1133146,-4.548185,-7.255769,-4.028295,-1.302595,-2.047006,-4.777717,-9.305489,135.99917763157896,1382.468742809499,0.07211494888341068,0.035039704,reggae
-266.74716,135.99626,18.803484,39.710068,-12.179816,13.787098,14.462752,-0.9138911,0.8483758,8.7250595,5.7110734,-2.667268,-1.7258303,129.19921875,1391.9596197369417,0.07072600964327146,0.064123034,reggae
-263.7576,141.56682,20.607897,43.4329,-2.1142318,6.458633,6.203689,-1.5593128,-0.25748977,2.6739655,0.50746894,-4.5828958,-8.305437,129.19921875,1326.312188469591,0.07019807678364269,0.07084631,reggae
-145.13081,104.6282,2.9003968,43.721016,2.28538,15.453537,2.6070616,1.9648186,-3.1846852,4.410499,-0.035155967,-3.4210687,1.363073,198.76802884615384,1931.6373693535036,0.08427326529872389,0.11223952,reggae
-161.75291,117.08135,3.7009637,42.826702,-4.761097,15.196499,3.8491483,-0.7482478,-5.6442943,3.2828093,-1.5755622,-6.797177,0.4996498,198.76802884615384,1667.1958403177248,0.06763998151102088,0.109833695,reggae
-145.66501,113.54207,2.2037106,41.497334,-8.328613,14.734928,3.890301,-0.7186132,-5.30365,3.859699,-1.08943,-5.7875466,0.15250984,198.76802884615384,1769.1865173181707,0.07580254857888631,0.120045245,reggae
-193.27034,118.06899,-55.159943,62.95946,0.7036269,3.0054598,16.077478,-1.7634962,3.2614665,4.9379764,-2.7732828,6.5094633,-0.17478812,86.1328125,1764.9634417932932,0.09749311194895592,0.109802686,reggae
-164.57533,117.59915,-56.55198,63.78461,3.7427716,1.4967378,16.593235,-3.5197868,1.6034539,4.980697,-4.226958,7.1206017,0.11063375,172.265625,1841.678388272061,0.10007499818735499,0.12317301,reggae
-169.26956,116.97634,-55.91796,54.78185,-0.10647817,-0.16797222,10.453498,-3.883479,3.284132,7.4165483,1.295087,10.19609,1.0365924,172.265625,1785.495674735773,0.10006140334976799,0.12505211,reggae
-83.998886,106.95984,-30.313396,12.546442,25.552534,9.054797,13.16839,1.9468378,12.111842,7.6467013,0.07344615,1.1445024,-0.8522074,129.19921875,2479.607135986881,0.1343713747099768,0.22034927,reggae
106.94305,1.670223,3.770428,0.83664584,-0.0063922955,0.60619223,-1.9917678,0.80590963,3.4279308,-0.8281941,-0.6713921,-0.8150543,3.0701935,129.19921875,5430.69342915764,0.32202658243909515,0.41496724,reggae
106.058,2.4518783,3.1664581,1.1668959,0.609348,0.70471257,-1.976454,0.312649,3.0100772,-1.7684988,-1.0961828,-0.6762892,3.5704176,129.19921875,5405.030915665019,0.3224208327291183,0.41604006,reggae
-118.7353,49.983356,29.382532,18.23236,-5.3467016,4.9098883,-1.0214092,-7.0151973,-5.08614,-3.804273,-3.360048,-2.776806,-0.24719153,172.265625,3280.0343747863576,0.12690327726218098,0.18932961,reggae
-102.21691,47.90382,29.66208,19.29122,-1.0899205,1.8554858,-2.4667618,-7.1071014,-0.19383314,2.3170094,-1.3133152,-0.85564154,-0.60110205,161.4990234375,3328.1410054100875,0.1238331097737819,0.21507771,reggae
-109.67497,47.79498,29.923061,17.811531,5.0080223,7.2435346,-3.34516,-5.6679935,-1.1430514,1.1190362,2.6834207,5.3045154,6.5874844,83.35433467741936,3279.537861090847,0.11438016603828306,0.21803032,reggae
-70.219925,44.147312,8.464925,0.67551345,0.3557031,-0.9324376,-0.51385486,-0.4389058,-4.8059754,-0.83533025,-2.6780872,-2.4852872,0.14780314,107.666015625,3905.369626169297,0.20505433403422274,0.11587669,reggae
-76.95434,46.795624,9.83985,-0.5375525,-0.3840496,-9.035283,-1.556546,2.335333,-0.9680653,1.5236152,0.0020856834,-0.9109516,0.88908255,107.666015625,3830.838691158269,0.17777176080336426,0.121709414,reggae
-78.62557,43.704735,11.960005,3.3695662,3.5473468,0.5711829,2.4187515,-1.7434791,-4.5799394,-0.31033567,-3.0671163,-3.5159268,-1.2808565,107.666015625,3906.003629836622,0.18422024543213458,0.122146055,reggae
-201.74062,159.60756,-11.90413,42.6194,4.909095,16.9867,2.876089,5.1724143,2.2501404,0.5243565,0.7151988,-0.4629228,-0.7649495,75.99954044117646,1001.782725114657,0.032872317285382834,0.14826433,reggae
-192.08209,145.81587,-16.353867,47.36731,3.1505253,18.649586,4.148744,6.6561604,2.9863925,1.719181,3.7775276,1.6582861,0.9883331,151.99908088235293,1169.2099885270054,0.045192638848607886,0.14745203,reggae
-189.8091,166.5553,-14.620719,42.619526,1.8053765,17.157436,1.6413146,5.93661,3.6941974,1.1040642,3.2626612,1.1606505,1.7509096,151.99908088235293,986.683565428122,0.03589376993909513,0.15776959,reggae
-145.09697,62.109226,10.568544,30.166996,12.681948,17.004732,-3.7071724,12.079056,3.1307535,7.1924562,6.2770057,-0.48199344,6.9412193,151.99908088235293,2949.121774765074,0.1359234520011601,0.1302025,reggae
-115.473465,73.63745,-4.939689,27.18156,21.398157,14.710396,-10.622497,17.511395,7.1353083,3.059751,4.852324,0.8398847,6.548773,151.99908088235293,2752.2915899611858,0.12590745540893272,0.14716147,reggae
-121.63218,62.400177,7.6014514,32.848255,15.843478,17.884533,-4.9189625,16.245422,3.5521302,5.0502687,5.580801,-2.647815,4.6709714,151.99908088235293,2900.4239771775547,0.12931296222447797,0.15476272,reggae
-170.23851,91.89281,-24.252975,38.84975,2.7040908,11.475361,-1.506448,10.587535,-0.9063316,4.9030576,5.365131,0.75711775,5.256209,143.5546875,2348.302895996143,0.1225744543938515,0.061101772,reggae
-150.34787,88.42559,-26.205873,28.311142,-8.608608,14.640269,1.2527965,14.275939,-0.6464684,1.4935155,1.0188038,1.1184785,9.828168,143.5546875,2379.8440772332,0.12589612637761022,0.07503429,reggae
-159.29109,98.19509,-35.67691,27.20736,-13.888296,11.822934,2.8124287,8.008674,-4.676539,4.617329,4.3363886,-0.90992427,10.5678425,143.5546875,2214.3928722209434,0.12245210085556844,0.06998814,reggae
-149.30754,101.409134,-31.196619,43.734962,-0.7530069,14.079712,-3.1003487,11.436059,-1.30229,4.880969,5.557342,1.2293732,5.1312327,143.5546875,2182.2536585673192,0.11721129096577726,0.081849545,reggae
-128.3317,96.81853,-32.714962,33.228916,-11.431519,16.962255,-0.072196886,15.24926,-0.9232956,1.3918494,1.3627973,0.7913524,10.518275,143.5546875,2233.8847924836873,0.12218586861948956,0.09999222,reggae
-136.80963,106.27383,-42.16494,31.443853,-16.402422,13.331151,2.3845963,7.9731855,-4.1982846,4.0340657,5.638531,-1.5384011,11.329761,143.5546875,2097.8029767461016,0.11988947397041763,0.094178736,reggae
-164.23853,109.35438,2.3390963,9.341158,35.82151,-4.3356805,11.02901,-2.523454,-0.49552748,12.011247,-4.1269426,-0.47471762,1.2145333,89.10290948275862,2179.5216148977483,0.08335221505220418,0.0975781,reggae
-112.1142,118.35127,-19.244938,11.176419,16.100355,-15.197384,17.248093,-4.9605846,-4.2940755,15.734914,-3.1513581,1.5965308,2.9681697,92.28515625,2025.9948652999935,0.09438669156032482,0.12734257,reggae
-166.19157,112.297714,-2.0081422,6.7656894,21.849405,-9.912545,11.208178,1.4954342,-3.393444,9.070666,-5.143677,-4.0588193,1.7111657,89.10290948275862,2120.8578495141683,0.08976218097447795,0.09607663,reggae
-107.209366,112.68697,-25.933783,21.97766,11.333685,7.8794303,-2.7357948,3.3030014,-0.40553698,5.706696,-9.714639,3.795828,2.7865045,123.046875,1965.1733689855635,0.09356080517691415,0.1241345,reggae
-100.73928,109.00227,-23.48476,21.807476,12.394736,8.446451,-4.055796,2.972019,0.4417629,4.1164923,-9.399136,3.416016,1.8606117,123.046875,1993.7089635591706,0.09329910455336426,0.13403073,reggae
-85.47484,104.8618,-25.330091,20.183294,13.938466,6.982864,-3.023933,4.3200274,2.0045626,2.7205575,-9.942254,5.6029077,2.7560322,129.19921875,2107.0292678042447,0.09948022404292343,0.14554988,reggae
-74.59658,80.69289,11.544983,29.437654,0.5722795,5.9915524,0.20056196,1.0627893,2.0532794,0.84385204,-2.7300901,-0.3078198,-3.4476798,123.046875,2555.78428687718,0.09730505002900232,0.1518711,reggae
-69.999146,80.431244,13.189392,29.572325,1.3502325,3.5836875,-1.1285866,-0.36750254,3.5281665,-0.26726905,-2.1440268,-1.0819417,-3.4662344,123.046875,2572.834221927167,0.10063578523781902,0.1651631,reggae
-62.674465,76.30928,14.454494,29.087633,-1.0999305,2.8918798,-0.4432552,-0.16917852,2.8292851,1.2252421,-3.5381598,-0.14622745,-2.5799992,123.046875,2722.285026158049,0.11090781793793504,0.16932529,reggae
-168.74956,114.9475,-43.346867,69.938614,4.1933136,17.489075,12.738002,5.119364,5.705234,5.2430415,8.621729,7.846921,1.30151,89.10290948275862,1617.611245497024,0.07843994707076567,0.16544876,reggae
-159.30576,116.44825,-46.620014,71.02415,1.025958,15.2600355,10.701401,2.2351558,5.0534754,4.332315,6.303808,8.0979595,4.33891,89.10290948275862,1678.0559207095687,0.082040313225058,0.15817323,reggae
-172.96846,118.51075,-42.393528,70.40469,1.6560196,15.284634,14.012954,4.920061,5.184509,3.9852617,6.9921637,6.7896833,3.0844607,89.10290948275862,1595.9476991444994,0.07822242966937355,0.16249849,reggae
-151.22173,104.05985,-16.602718,41.86552,-9.18316,1.4433253,1.124681,-3.9922261,-0.9037945,-7.138723,-8.202576,-3.8490758,-3.3087416,151.99908088235293,1993.169718782076,0.09888431699535963,0.09741332,reggae
-159.05634,101.38073,-18.84293,38.784176,-12.987445,6.5125775,-3.8210015,-2.6897318,-2.8830073,-10.132961,-6.6540976,0.68547803,-6.1314316,161.4990234375,1963.4780534245597,0.08905638232308585,0.10848736,reggae
-118.14677,103.90273,-10.204303,34.06973,-16.760454,0.24978375,-2.33577,-3.662039,-9.600566,-10.622474,-15.516631,-3.1814332,-3.942081,151.99908088235293,2065.1742824364137,0.09354834324245939,0.12590505,reggae
-137.25372,91.74716,9.52241,36.678577,4.6471124,19.85657,7.2999983,9.563055,-0.0010909857,2.1179085,5.799296,12.231162,3.545574,123.046875,2006.8624888107179,0.060503824680974476,0.15014187,reggae
-139.97604,97.707405,9.897833,33.36296,2.6243672,15.0430765,2.9904864,8.158757,-0.668471,2.953158,6.988286,13.939499,4.3191442,123.046875,1937.2944306281263,0.06213180648201856,0.13319725,reggae
-126.51894,91.2256,6.1589413,34.583973,2.6029162,11.668485,4.649022,7.8746305,-3.2301366,3.228003,2.4579444,9.360174,5.3790865,123.046875,2134.6453580122075,0.07155189602668213,0.13357708,reggae
-77.94849,78.00575,-43.969784,57.932007,-12.392315,33.700443,-7.02817,15.519222,-1.5442274,7.066294,-1.26275,5.639348,-5.7962937,117.45383522727273,2501.776743011075,0.14529029509860789,0.16662084,reggae
-63.672535,80.5168,-40.967854,58.811993,-13.110531,32.78936,-9.5623,14.889577,-0.56922626,7.671423,-1.2529129,6.0614552,-6.0536304,117.45383522727273,2487.9970155645015,0.13600388812354988,0.1788572,reggae
-59.985176,83.84867,-46.714172,56.48091,-12.953023,34.37897,-6.714609,12.114274,-1.6773875,7.6396947,-3.733729,6.789708,-8.163847,117.45383522727273,2409.540489240706,0.13708241190545242,0.19418137,reggae
-35.537136,107.35767,-20.548288,46.341843,-12.157554,31.98099,-16.275684,16.446424,-19.383533,15.772399,-13.960317,10.689526,-13.52152,61.5234375,2154.3618369712663,0.09438215994779582,0.20336758,rock
-143.34764,114.9119,-24.609787,38.230015,-16.091278,15.952357,-13.596842,14.959889,-14.306901,12.039552,-10.227205,7.6860375,-11.098275,117.45383522727273,1886.564759537752,0.0855364522911833,0.10076871,rock
-172.12328,107.16372,-25.79122,39.017925,-8.950899,22.976759,-17.7975,15.348601,-8.2276745,11.610211,-9.699876,8.319935,-11.236881,184.5703125,1947.6295321783966,0.09011338094547564,0.0826859,rock
-84.925316,140.76662,-36.683064,48.55351,-8.308497,30.078714,-6.654008,14.354207,-5.9350405,6.7556853,-2.9204404,12.0955305,-3.9422724,143.5546875,1484.1629347394646,0.05908996157192575,0.20908836,rock
-95.53234,148.30191,-21.698065,38.66138,-1.6610181,31.057755,-5.921686,15.732755,-18.991047,11.16468,-5.796303,12.371248,-3.6808624,151.99908088235293,1325.561481624579,0.04461145954176334,0.20981082,rock
-154.40672,115.17869,-17.229212,39.11213,-0.8926946,25.967966,-20.729517,16.26677,-19.698954,10.05994,-6.251689,6.7084575,-7.580557,99.38401442307692,1778.8019258702977,0.06099550464037123,0.12177227,rock
-119.26186,124.21091,-35.46762,38.37683,-10.461198,16.291452,-12.063599,18.808151,-9.527544,12.590614,-4.6005177,12.707208,-3.8121915,107.666015625,1813.5221005243973,0.08120083200406032,0.15437344,rock
-124.845634,111.718094,-22.481289,46.042324,-2.7535522,28.050663,-12.628145,15.943332,-10.433203,11.243563,-8.136655,15.370227,-1.5949097,107.666015625,1926.5764149960437,0.07281508301914154,0.14079766,rock
-117.3642,117.16015,-25.260843,44.404343,-7.449962,20.863354,-12.003567,19.425568,-11.687632,13.283378,-7.2873125,12.708968,-2.0646207,107.666015625,1887.631990814022,0.07547060796113689,0.15001662,rock
-163.32869,133.183,3.9848397,34.812824,2.6737556,31.597813,0.2119244,22.949535,-12.768327,13.684436,-6.566235,8.704043,-3.0090876,95.703125,1397.0508013540061,0.04110512434744779,0.14494215,rock
-132.16365,127.04365,-12.338106,38.83084,-6.300516,34.050255,-0.974834,16.643011,-12.819515,12.730153,-0.84058183,14.872792,-5.3016806,117.45383522727273,1511.728516197121,0.04917139464907193,0.16309519,rock
-174.44965,132.17418,3.7321823,35.266815,4.515358,30.4843,-1.296741,21.003244,-8.635388,15.278039,-4.062372,11.172705,-1.4962941,92.28515625,1355.0627271550466,0.03878833744199536,0.14497745,rock
-158.28285,134.23668,13.396591,55.271748,0.63277,37.84,-6.966456,17.186563,-8.970886,6.7128634,-6.2755365,13.725676,-7.6106796,103.359375,1266.6621826242601,0.036864667923433875,0.18529442,rock
-122.30174,129.50162,-0.6722101,56.317368,-0.78027,38.57456,-14.33693,15.640691,-8.740899,6.5943236,-5.8148017,12.700658,-9.57643,39.15127840909091,1416.0676986234816,0.04075845598897912,0.20828545,rock
-103.953285,140.68828,-10.665715,52.719482,-2.369258,32.09008,-12.310469,17.309355,-13.311408,7.4202003,-8.900787,7.479884,-8.7259245,99.38401442307692,1356.8896404474183,0.045420352378190254,0.23184296,rock
-67.3513,146.20464,-53.354305,29.547867,-10.435096,21.296473,-24.711758,18.076807,-14.858021,3.8152142,-8.3750515,5.1926775,-3.1079333,99.38401442307692,1606.286848324088,0.07876848897911833,0.19182226,rock
-59.788853,148.16145,-54.337208,31.344433,-7.8292465,19.267513,-26.013477,19.408634,-15.480834,6.0492883,-9.184945,6.231587,-4.339421,99.38401442307692,1591.3114173824172,0.07792334324245939,0.20845644,rock
-60.46891,167.31938,-57.875553,23.385685,-2.4727094,12.046638,-17.265024,17.127129,-7.5721717,3.790374,-7.7219334,10.33455,-0.22258346,95.703125,1427.784038523582,0.07395931518271462,0.2103078,rock
-109.46079,138.72263,-43.852962,49.643883,-12.621012,11.414925,-14.4974985,15.345726,-13.9774,1.8966247,-12.306702,2.018852,-12.054471,112.34714673913044,1671.5279228606785,0.07992291727088167,0.16609134,rock
-105.829575,134.33287,-52.298225,51.15017,-13.718104,10.602933,-13.69899,15.255945,-10.3366,3.7749171,-13.1849575,2.0613954,-12.403837,57.421875,1689.900725668824,0.09387348644141531,0.17412375,rock
-80.60492,137.96678,-45.03425,39.632538,-26.22023,10.481062,-16.492151,19.993505,-13.511636,6.256544,-13.222046,5.515508,-13.7135725,112.34714673913044,1664.9974367245773,0.08751223535382831,0.19959114,rock
-177.114,152.59396,-6.6308146,42.361095,1.3412925,19.950035,-12.619739,17.43486,-11.672122,7.4089737,-10.787253,4.9713483,-6.9572473,89.10290948275862,1139.4662290398312,0.03739939820185615,0.121705145,rock
-117.26342,149.52039,-11.998985,38.711876,2.0431075,21.589558,-13.642567,16.913599,-12.667041,10.692408,-9.4570055,3.3783324,-10.282475,89.10290948275862,1298.9653828324942,0.04649774325696056,0.19190603,rock
-128.45787,147.80328,-13.556876,37.135082,-0.7140607,20.68474,-9.507758,16.213436,-17.032738,13.908292,-8.943499,7.0119805,-9.060917,89.10290948275862,1409.602943743284,0.057431391386310905,0.15685411,rock
-0.41605738,139.35399,-44.67345,27.494558,-20.540037,33.256786,-21.571201,18.777693,-20.61516,16.379784,-9.637545,12.617439,-8.416863,172.265625,1753.9302324884782,0.08691746120939675,0.2681464,rock
-18.164398,140.85385,-43.559444,18.36416,-18.332354,31.549744,-22.05001,16.93962,-18.557312,13.870285,-6.949695,11.121446,-6.4504085,172.265625,1685.9908211958111,0.0818386564675174,0.2684726,rock
-27.588697,136.82756,-39.123726,22.018093,-18.854807,32.80138,-19.138556,12.959449,-14.444473,15.925287,-11.622619,14.516934,-4.058429,89.10290948275862,1711.828341227181,0.08564974260440836,0.24492481,rock
-185.30235,152.79585,-4.3625317,20.244133,-2.9479043,23.309776,0.6134758,11.855974,-6.948285,2.9969788,-3.9989133,5.1865654,-2.877767,75.99954044117646,1199.1244089171917,0.042727441632830626,0.11551602,rock
-195.96577,147.71796,2.7087247,27.4024,-1.0946199,22.950205,-2.6219146,11.80421,-4.372081,8.05705,-0.9690961,6.914775,-2.8688498,73.828125,1187.9824868061912,0.03728610788863109,0.110566795,rock
-155.28474,162.28233,-13.82931,18.876734,-2.8457327,25.406086,-2.4233642,11.524249,-7.2266235,4.195319,-4.2225494,4.4243245,-6.8762813,75.99954044117646,1156.3480602766788,0.0473700786687935,0.15819296,rock
-134.62311,121.30063,0.9543533,51.307583,-2.7944777,21.679293,-14.510573,23.528002,-5.335543,13.711368,-18.256433,9.12699,-8.178088,161.4990234375,1728.9259663803662,0.06613208744199536,0.14441718,rock
-105.34706,112.31506,-6.896303,44.803185,-10.108446,21.96797,-18.003248,22.584455,-8.294813,13.883501,-17.591303,8.704729,-13.193547,161.4990234375,1905.911635151003,0.07291251268851508,0.15344366,rock
-87.31867,111.597565,-9.773841,42.594242,-14.566127,18.018932,-18.673275,26.680868,-10.601298,12.892692,-19.391129,8.11028,-12.979287,161.4990234375,1936.9662349734376,0.07571984665023201,0.16198869,rock
-162.85237,118.31033,3.0099359,49.601315,-0.28762746,22.33894,-8.100922,24.806976,-9.383025,14.87096,-14.656232,5.787909,-14.662605,78.30255681818181,1677.6967526515102,0.06386514827436195,0.11790141,rock
-149.43465,115.70067,5.006626,48.17071,-0.06346878,26.875652,-7.4574203,26.328419,-11.968869,16.869308,-15.306713,8.709785,-14.522808,117.45383522727273,1733.014060746522,0.0630709831786543,0.1277717,rock
-197.30608,124.18776,12.649926,63.188023,11.970431,20.91956,-2.348316,24.563433,-7.276957,9.37787,-13.585866,4.0264373,-12.222965,117.45383522727273,1201.019955851059,0.0357362964037123,0.12399743,rock
-198.71458,101.581314,-10.850298,49.192722,-0.42936945,25.715755,-8.618473,22.814594,-6.440075,10.271475,-11.688198,5.683836,-8.251014,112.34714673913044,2050.7046430944965,0.07626930466937355,0.073280744,rock
-231.21027,115.5834,-10.41443,44.240894,8.838403,26.785654,-3.8122182,19.604866,-2.6481984,7.8650265,-6.608676,3.7315116,-5.1914406,112.34714673913044,1569.3149753115188,0.05394771425464037,0.07016371,rock
-186.79353,107.36327,-12.627864,46.45985,-2.3084152,22.511837,-13.023233,20.628796,-9.032099,10.588801,-14.501581,5.9615173,-9.651125,112.34714673913044,1966.7060779870455,0.07397857453596288,0.08384092,rock
-195.26236,93.59471,34.515503,65.44099,2.558793,31.942345,-6.4004664,21.923634,-3.4099739,17.669811,-11.978985,10.80387,-12.087202,123.046875,1741.0527302879366,0.05377664588167053,0.13530855,rock
-191.70863,99.00939,34.56921,65.08583,4.161539,29.500643,-5.8128495,23.034405,-2.114053,19.483793,-13.76128,9.486694,-11.728324,92.28515625,1629.0712134248745,0.04716955481438515,0.1399699,rock
-246.81476,95.09511,52.28499,74.50331,8.937969,31.714218,-3.8506505,23.743109,0.42707926,15.584213,-8.922385,6.1616983,-7.8153524,123.046875,1418.476277659015,0.03711050790313225,0.12542322,rock
-239.04716,99.17821,-5.226482,50.045227,-7.0606318,23.004519,-11.025083,18.116447,-4.258404,7.396701,-11.000299,6.1080575,-7.3761067,117.45383522727273,2171.2807967328254,0.09529414696925755,0.051365867,rock
-214.43266,111.18157,-17.35009,50.40793,-9.191374,17.842173,-6.5663123,15.869126,-8.654548,7.2392874,-14.086541,9.900842,-8.439693,78.30255681818181,1880.8966569383347,0.0757708272911833,0.06390202,rock
-317.6603,100.77754,-4.0960574,46.559536,2.4194937,12.311457,-3.3734558,18.111795,-1.7767462,2.1632977,-5.8079967,9.485963,-3.5216627,117.45383522727273,1756.746430073539,0.07922278313515081,0.045106705,rock
-173.74652,101.125984,-19.921036,39.16232,-8.864967,7.155142,-12.38027,9.366716,-10.699287,4.027733,-12.387833,7.817736,-8.430039,135.99917763157896,2139.173725578261,0.10103456714037123,0.08894207,rock
-174.66531,83.04094,-19.867401,46.162163,-10.860718,10.627302,-12.761525,13.952654,-11.218222,4.3117266,-16.15649,6.207856,-9.145632,135.99917763157896,2520.69986728429,0.13013091828596288,0.07571712,rock
-176.60533,88.789314,-16.591375,39.736088,-7.1458726,9.729766,-12.444073,16.254345,-7.3389916,4.7755027,-12.135255,6.374249,-13.715693,143.5546875,2349.2913369159096,0.1101680321925754,0.082078636,rock
-14.006433,98.00723,-33.982433,47.236614,-17.606949,23.897005,-21.014973,25.50648,-19.51713,22.239487,-15.27762,13.366958,-13.183307,143.5546875,2516.2270504224052,0.1453469402552204,0.18568687,rock
-20.782448,96.75406,-35.695118,51.14492,-19.52189,28.002026,-19.93452,27.404142,-18.21555,21.039646,-13.615173,11.956535,-16.618107,143.5546875,2523.2546162597087,0.15037363145301624,0.17210048,rock
-13.222615,106.66004,-44.239204,40.62102,-26.302332,26.144642,-16.03771,27.751902,-23.804264,21.172173,-13.137761,8.626857,-17.792894,143.5546875,2339.9778792777065,0.1318563297563805,0.19482175,rock
-50.134438,104.716286,-43.223118,48.08715,-17.480797,25.752134,-18.153814,19.432396,-20.95509,18.086288,-15.523428,9.740348,-16.583076,123.046875,2308.3371813743524,0.13387969475058004,0.16052139,rock
-59.520683,108.59367,-41.132748,56.522137,-16.756435,23.993288,-17.438795,19.692904,-15.6592045,15.871741,-14.360691,10.594871,-11.895869,123.046875,2200.9388472105975,0.13378792959686775,0.15059748,rock
-14.769821,102.863976,-47.35668,57.649418,-20.942629,20.776062,-17.206451,22.82127,-18.70572,18.429552,-15.584417,13.578222,-13.941688,123.046875,2427.000415715668,0.153315780887471,0.18626581,rock
-66.73449,103.545876,-29.421227,49.2332,-8.873604,26.841421,-18.39568,21.21812,-17.372736,18.50718,-15.5571995,10.828511,-11.103431,117.45383522727273,2344.0758469733414,0.12624506054234338,0.14171904,rock
-71.66503,108.35817,-30.715147,47.00135,-10.612673,29.750818,-16.939756,24.40679,-13.429047,19.106964,-11.049592,12.852082,-9.590758,117.45383522727273,2203.744025117537,0.11118311339907193,0.13549307,rock
-65.04633,116.211334,-38.663647,41.421547,-16.243656,26.524933,-14.313182,21.233702,-16.163645,21.165075,-8.816347,11.657541,-11.398168,117.45383522727273,2079.8541062047298,0.109365936774942,0.14452372,rock
-103.48851,100.64433,-45.962845,37.076958,-23.395918,26.281313,-24.531408,13.443677,-29.132437,5.6557174,-26.303215,-0.3793112,-18.517021,60.09265988372093,2374.0787937510445,0.13724668285962877,0.08747184,rock
-60.565804,100.79805,-42.035213,52.662495,-17.376163,25.823902,-19.453188,21.494743,-20.8126,11.953341,-17.999195,9.445554,-16.24349,123.046875,2402.6225222111725,0.13914316270301624,0.12401797,rock
-89.60901,106.78667,-37.205246,52.534573,-11.2698345,27.746145,-14.036756,22.558619,-16.23764,16.648666,-14.469275,7.6976523,-16.517672,117.45383522727273,2187.666040163228,0.1073482362964037,0.124766886,rock
-61.778767,113.773476,-30.93082,37.035187,-17.938074,22.179924,-20.153849,16.262878,-21.860136,17.122929,-17.600996,6.7557106,-12.098644,99.38401442307692,2195.9070959230635,0.11836345345127611,0.14921853,rock
-40.521572,114.038956,-35.264217,41.352,-27.265203,19.534506,-19.086863,14.461072,-26.759743,20.104319,-17.830667,7.2019367,-10.440049,99.38401442307692,2237.4973197016093,0.12654981148491878,0.17053337,rock
-69.994286,119.67189,-27.00285,35.015003,-22.59346,25.691795,-21.830008,16.024723,-25.302462,17.794792,-18.019316,7.8519125,-11.216749,198.76802884615384,2132.1483375699563,0.10708766857598608,0.13696593,rock
-62.063614,114.69103,-33.767826,37.61798,-22.830545,19.25908,-14.001502,16.331415,-27.105585,19.20966,-15.376439,6.6905203,-6.3873115,184.5703125,2171.6598174696005,0.12453664261890951,0.14763562,rock
-50.87697,112.35553,-33.628242,42.3984,-22.806364,19.5559,-23.862497,14.371744,-29.895994,18.848583,-14.345571,7.4949994,-8.918045,95.703125,2226.080666636415,0.12878842807424595,0.16770042,rock
-53.991364,117.39329,-35.791435,34.967274,-22.412317,17.781227,-17.6312,11.675172,-27.365297,17.406837,-15.120542,6.4001417,-10.398304,123.046875,2076.266054969841,0.1109157482598608,0.16860679,rock
-39.789143,101.66349,-46.90859,28.85361,-30.723661,19.910448,-19.86077,13.18581,-27.341002,15.947363,-19.484516,5.2190795,-14.675122,198.76802884615384,2380.9386093414723,0.14591905633700697,0.17672168,rock
-28.465878,113.29843,-43.5244,33.623837,-28.18273,21.690292,-21.429321,13.711164,-30.224102,17.870283,-18.376343,7.194803,-13.092317,198.76802884615384,2255.6197231637198,0.13026913246809746,0.17890485,rock
-37.072884,106.40074,-34.520588,40.29853,-24.5015,24.370613,-24.345572,16.815777,-27.415956,15.998378,-20.190985,6.10657,-16.60107,99.38401442307692,2389.704372461423,0.1385665150087007,0.16515458,rock
-61.3763,89.06904,-18.494476,44.778217,-25.915087,31.961094,-20.813946,21.196745,-28.932903,14.32988,-16.398556,10.958124,-11.091425,73.828125,2732.6670069234474,0.14782233359918792,0.14767736,rock
-55.51418,105.13495,-23.499157,39.897694,-22.564154,26.24254,-21.039145,19.735468,-27.284021,18.922823,-18.44441,10.521568,-16.404703,73.828125,2363.7221791304687,0.11735856837296983,0.15665866,rock
-148.41966,122.4195,-31.962551,41.265404,-19.039444,13.411237,-17.936115,4.9179378,-25.523039,8.710662,-11.1712475,5.733685,-11.255905,75.99954044117646,1790.3313986622688,0.08093120105858469,0.102396496,rock
-62.543785,89.39155,-61.38119,38.27628,-27.628252,19.010984,-20.401075,11.377591,-23.2564,11.21269,-19.722658,3.7806067,-15.372751,161.4990234375,2435.1741492382484,0.1686518905887471,0.14197189,rock
-40.46632,103.92912,-41.542694,51.82382,-17.438154,25.447342,-17.259697,16.924929,-23.383442,17.009892,-16.893154,8.0999365,-11.544825,143.5546875,2287.0717743636897,0.13618401972157773,0.17146215,rock
-55.25635,106.73972,-40.12028,51.90493,-18.878588,25.108263,-18.066164,14.233595,-24.584864,13.134645,-20.19252,6.0447736,-12.545855,151.99908088235293,2239.178389057253,0.12466805938225058,0.15548953,rock
-49.096195,97.21556,-43.391766,43.769974,-28.759403,21.506351,-17.665674,17.611343,-23.924889,20.452631,-18.803846,10.911656,-14.417679,103.359375,2496.505600282514,0.1541756543648492,0.1414046,rock
-43.274742,95.87294,-45.825596,54.729065,-20.966978,21.227776,-17.48554,22.476603,-18.964111,22.806108,-20.20419,8.092476,-13.190097,103.359375,2508.5709922041456,0.16006108613689096,0.15698273,rock
-49.209652,94.71302,-42.935577,58.12983,-18.364424,20.239836,-21.31918,18.039223,-21.32336,22.805426,-19.045212,9.748083,-10.519216,103.359375,2525.4010143324786,0.15847728755800464,0.14849627,rock
-58.676746,109.06523,-29.033194,45.725403,-17.16134,31.244976,-16.447977,23.621107,-19.315441,19.867414,-13.867695,11.318484,-11.000338,117.45383522727273,2254.086721754453,0.12023954103828306,0.14737879,rock
-50.44842,100.44337,-38.541767,49.019512,-19.658928,25.184923,-14.635759,23.330975,-22.52298,22.048393,-15.890456,8.692928,-12.854293,112.34714673913044,2385.6974570904736,0.13899588529582366,0.16249262,rock
-68.49334,111.07519,-28.60128,49.818054,-16.313078,27.597942,-11.803742,21.071257,-20.637486,17.543121,-14.776784,11.297405,-9.70468,112.34714673913044,2150.913043033309,0.10883120649651973,0.14777702,rock
-96.80338,73.91521,-11.765876,36.998734,4.910275,17.716236,-5.9656677,12.533283,-7.7893047,12.276544,-0.60911214,0.29082713,3.4338803,151.99908088235293,2771.716134220063,0.14667130401682135,0.083566,rock
-95.97289,69.87227,-15.372217,33.020973,3.6770804,19.312866,-8.825786,6.347023,-8.795004,12.557672,-0.018594462,2.8887234,1.1834456,151.99908088235293,2820.6830916998188,0.1447170461136891,0.085310616,rock
-177.42575,80.9714,-23.940203,24.854086,-0.8711232,14.975261,3.375574,10.280092,-5.1458917,8.939171,1.7966648,7.2156124,0.35762933,151.99908088235293,2413.9072692183686,0.10823756525522042,0.068342425,rock
-91.20727,105.6092,-34.562954,47.52681,11.625966,20.05006,10.007862,9.882382,0.9821442,3.786461,-8.51705,-3.29566,-4.1462126,135.99917763157896,1996.9525356466888,0.10369122498549883,0.13418171,rock
-67.62221,89.51871,-29.326532,45.163773,10.712988,22.427538,9.63874,8.831866,0.85043454,8.26868,-7.6584873,-3.0364013,-3.0829868,135.99917763157896,2269.891828223575,0.11664370649651973,0.14708091,rock
-119.04044,110.40516,-36.532078,53.38729,14.853137,19.921602,6.4668307,9.117597,6.4701004,3.6759188,-11.804744,-4.081767,-5.835081,135.99917763157896,1873.2642117474074,0.08509122136020882,0.13469331,rock
-44.90276,82.93295,-6.825739,39.531956,-2.2859027,18.061749,-2.968782,6.960745,-4.456323,6.3328876,-0.8615833,2.5163088,1.2635107,123.046875,2532.6208194626925,0.11498853502030162,0.16322817,rock
-31.875689,84.008064,-17.236689,41.1823,0.72598386,15.291836,-5.7451496,5.9130177,-6.5916286,3.9240224,-3.130208,-1.5124247,-3.5845468,129.19921875,2483.9045724297102,0.12920533642691415,0.17809516,rock
-50.747463,88.31962,1.8609716,41.47944,-1.4723641,23.46067,-1.8867927,4.755474,-4.0071325,2.4807882,-5.508394,-2.6970284,0.77508456,123.046875,2316.0170307117564,0.08968174485208817,0.19818515,rock
-134.6104,61.38816,33.72394,35.725094,-0.9537547,24.658096,-1.1536413,12.773882,-6.331593,4.447781,-3.418943,-3.2482033,-6.4102154,117.45383522727273,3021.1847544895377,0.10952680901972157,0.10066363,rock
-122.50071,68.707726,27.335783,36.48089,-4.6993847,17.57083,-7.6063423,8.390003,-8.525522,3.1608732,-4.169012,-3.492102,-6.4791684,117.45383522727273,2918.543782713001,0.12040267908932714,0.09525324,rock
-137.3788,73.170204,37.707504,31.5927,-4.1786313,23.405354,-8.689868,9.559663,-6.296471,-0.6993894,-5.4998393,-3.1910636,-5.882663,117.45383522727273,2893.9498337692085,0.11404935832366589,0.093182206,rock
-122.21787,79.29313,-4.3802285,25.756924,-8.865417,-5.8051333,0.730121,-1.9388572,-9.390539,0.7910303,-3.3091667,-4.592061,-8.55832,117.45383522727273,2697.6796585219595,0.12989074282192575,0.10190097,rock
-94.841934,69.28756,-14.187698,20.946087,-5.4059305,-0.67935544,-1.385015,-4.982458,-8.937659,-3.0262387,-5.354577,-1.9691014,-5.9651184,117.45383522727273,2888.2714162854018,0.14945597991589327,0.11186672,rock
-50.44185,95.67392,-19.136112,21.680346,-6.8759847,5.0442457,8.979856,-3.3856716,-4.8231196,-0.32499796,-6.008656,-1.4953728,-1.3666953,117.45383522727273,2330.0722710050345,0.11719089870939675,0.16430059,rock
-27.011787,87.399055,-17.816772,35.053295,8.92702,10.48696,2.9409132,6.3218236,0.8259488,2.9500842,2.6190412,6.073872,0.037150834,92.28515625,2310.614737784042,0.11234320620649652,0.22353446,rock
-21.333042,84.14303,-18.556118,33.632996,6.173995,11.126418,0.08279348,2.870483,-1.3774766,1.3628436,0.5768899,3.4290044,-1.9305623,92.28515625,2383.6645973315785,0.11733364450406032,0.21987504,rock
-30.948063,85.91002,-14.4705,37.081467,14.884597,10.359602,1.3169178,4.9360943,0.4134387,1.9154608,-1.930086,6.7753587,-0.9445346,92.28515625,2342.7050074691124,0.11624492459396751,0.22227213,rock
-137.8777,131.993,-28.321676,24.066887,2.6134295,7.620142,-14.845424,-1.1877074,-5.279833,-8.721718,-10.992433,-2.5290704,-2.7080426,117.45383522727273,1651.1446624413506,0.08550473100348027,0.107939504,rock
-109.15493,137.73381,-21.553822,32.685867,2.2891502,9.799648,-8.369508,8.655145,3.7535033,-4.420653,-7.992062,-1.480548,-4.9857354,117.45383522727273,1586.506014658627,0.07868238834106729,0.12715444,rock
-110.40115,117.07909,-3.6552327,30.774298,3.2439766,6.585003,2.0804248,4.148408,-2.9697924,1.206464,-2.1028323,-4.5755486,-4.8667493,117.45383522727273,1783.5199441798798,0.06008011890951276,0.14795846,rock
-36.745277,67.56065,-8.724582,31.84128,12.408039,16.334242,4.6130977,9.646489,-1.0489888,8.573545,-2.3159344,4.1478205,-1.748801,143.5546875,2736.2331229424067,0.13002102668213458,0.17766167,rock
-27.877298,64.50623,-5.4109306,34.783802,9.99439,14.230263,0.5544555,9.073192,0.674179,12.637657,-1.2526406,2.500071,-3.896276,135.99917763157896,2795.2981124519793,0.13428300826566125,0.19844119,rock
-19.599062,65.003746,-7.864095,34.112827,10.806874,13.671863,1.427761,11.46547,-0.6043095,9.14921,-4.749056,2.8460612,0.5693553,135.99917763157896,2837.044639553482,0.14009593423723898,0.19652726,rock
-118.52424,114.88126,4.8630157,30.960846,7.413775,14.328597,14.8603945,13.760422,1.0084481,3.668363,9.024799,2.3391366,1.8624616,129.19921875,1777.533522939327,0.05770102233178654,0.1310819,rock
-129.31847,107.476166,6.94524,33.588375,13.024343,10.445249,12.047978,12.409543,1.8161541,5.7178154,10.973778,4.3843927,4.6812067,129.19921875,1892.3612075955407,0.05401795424883991,0.11769343,rock
-124.40471,106.12627,5.872211,34.11212,12.552702,10.316234,11.129845,12.727328,2.113277,4.113005,9.002165,2.4488223,4.05793,129.19921875,1932.0796214713487,0.059015189965197216,0.12317103,rock
-7.672498,75.050026,-11.029329,23.091316,12.56831,8.674005,-4.011514,13.784244,-0.38083014,10.609763,1.1197006,5.7826643,-5.1691284,135.99917763157896,2817.3518724302494,0.13979118329466358,0.21213797,rock
-2.1113517,72.581406,-14.235829,24.205477,10.039399,9.866869,-4.3638983,14.052504,-1.6029812,9.530236,0.7316837,4.261296,-2.6442268,135.99917763157896,2796.530741631721,0.14254187209976799,0.21387632,rock
8.32957,70.31073,-14.29003,24.499353,8.507613,12.405117,-6.4277244,15.25688,-0.012010721,9.621558,0.24525239,5.624916,-4.347467,135.99917763157896,2912.069488232335,0.15521339363399073,0.22316861,rock
-82.66239,80.24677,-18.9533,38.572514,7.426604,2.1731071,7.738468,9.009844,-7.194828,3.4020364,1.9497855,-0.033030003,-0.45256546,129.19921875,2593.189754564375,0.14465926805394433,0.11341138,rock
-66.41044,80.28076,-21.663061,31.204845,6.0675545,4.2981915,1.6146156,6.6321673,-4.71366,2.3746154,-0.6780568,-1.0260113,-2.4015012,129.19921875,2589.757550084388,0.14537073122099767,0.11522517,rock
-64.592,77.89995,-21.75972,22.1473,3.099811,4.596491,4.726852,6.154701,-4.524959,1.7609186,1.2884896,-0.6731516,-2.812969,129.19921875,2696.600231537885,0.1481146226073086,0.11103208,rock
-12.831568,64.51308,-16.686098,14.285601,4.0396743,11.589422,6.846501,12.2248335,-0.20373265,6.1966696,1.0679221,1.4196159,-3.1364872,135.99917763157896,2880.755084322644,0.1453865918648492,0.22940747,rock
-17.619362,73.140114,-14.168622,18.906834,6.669719,14.387327,6.0360284,10.5083475,1.5804021,8.273196,2.321661,1.902726,-0.6954456,135.99917763157896,2624.1003459486874,0.11614636202146171,0.23419398,rock
-71.46397,75.74032,-15.897154,15.525003,27.334024,4.814267,1.7634159,1.9481201,3.8861432,-2.85498,-1.840739,-0.098837376,-5.9902406,143.5546875,2755.860643923339,0.13508283787703015,0.12851639,rock
-55.684677,86.619255,-9.135934,16.305204,24.560366,8.551196,3.5790324,3.4948344,4.278328,-1.5497186,-0.5083125,-0.633798,-4.7033505,143.5546875,2541.060425560459,0.11481293503480279,0.14060295,rock
-25.568266,96.84362,-18.20619,6.6868873,13.167292,-0.6862638,-0.14297825,5.6935916,5.9249897,-1.1924872,-1.218072,0.7142254,-1.6526033,151.99908088235293,2380.992012403776,0.11771883156902552,0.16324773,rock
-62.32202,61.757187,-2.4499989,36.819237,9.951537,10.36629,1.6954153,5.7219186,5.8962216,2.5442698,3.7368696,-0.2629487,-5.675349,151.99908088235293,2963.459880769014,0.1397515316850348,0.1479491,rock
-63.42226,61.636646,-1.0491122,38.547203,10.878449,7.5343347,4.02837,4.233511,6.913529,4.2144003,2.015816,-0.22841398,-6.773398,112.34714673913044,2930.087408551458,0.12717064240139211,0.1520842,rock
-72.25603,60.49465,-2.322676,30.525936,7.0803256,4.875989,4.560228,-1.0373052,0.97921234,1.9679544,-0.39281207,-0.65600914,-4.8159266,112.34714673913044,3136.116759938321,0.16654355785962877,0.12785129,rock
-29.552105,75.19679,-20.521465,10.787217,16.896786,9.262104,7.03385,2.1354086,4.49812,0.029323056,0.3626521,-1.628053,-2.3852108,117.45383522727273,2822.831872069255,0.14705762398491878,0.16991065,rock
-39.817104,73.78145,-17.58185,15.471932,14.84518,10.138489,10.356404,3.7013621,3.2989838,2.4650762,0.85682726,-1.8608958,-2.4710014,117.45383522727273,2787.0695894807623,0.14126395736658934,0.15303624,rock
-36.983818,72.04672,-22.583443,25.224628,13.094414,11.28154,5.4520884,-1.0231713,4.726289,-0.2979948,-2.367815,-0.4330363,-1.2595345,117.45383522727273,2810.6432961548157,0.15583649035672853,0.15844563,rock
-72.40884,80.15326,-5.0885396,32.564697,11.1304865,4.6763697,1.0533642,-0.63014513,1.6638608,-1.0386225,-5.4342847,-0.010362665,0.61808914,161.4990234375,2704.86256822661,0.12636061666183296,0.12288298,rock
-63.574596,76.830765,-9.662246,19.725252,5.608886,7.418839,8.510181,0.98575366,4.493215,0.75641143,1.7877697,-0.21520953,-4.170399,161.4990234375,2845.3645116716434,0.1472774071925754,0.12367032,rock
-86.56121,73.31809,3.3507016,31.736862,7.641173,5.9548798,3.3487635,1.1867572,2.4020607,-2.519964,-3.4093819,-0.61182815,-0.7906776,161.4990234375,2832.1604573636732,0.13831501051334108,0.10962553,rock
-70.50984,70.734085,-21.167297,23.207722,4.4228044,5.7441063,9.0755005,-1.7266686,10.437548,4.6415806,1.5240334,1.7828461,-2.0820477,89.10290948275862,2911.427948587812,0.15539125942575405,0.12900916,rock
-49.256516,73.61426,-33.82032,15.446974,3.0750334,3.8552432,13.517869,-0.37224394,9.004511,6.2986546,-1.5065925,3.3590147,0.24250408,89.10290948275862,2746.4242813055134,0.14931210121809746,0.16494651,rock
-66.83546,83.24376,-25.178064,16.188745,-0.12512535,7.8765497,12.11305,2.145622,6.6538424,5.5875564,-0.75927806,2.0902023,-3.3612025,89.10290948275862,2561.741584218953,0.126442185687355,0.12523645,rock
-138.23775,124.09587,6.767633,26.238005,6.4000506,9.72373,9.973276,3.81551,-0.7032828,-4.9267793,-2.0656886,3.2196674,-3.6689503,92.28515625,1717.8948970451397,0.06614568227958237,0.1201784,rock
-96.1407,123.5964,-8.331474,12.95754,-1.7046404,13.51006,6.266479,2.9467912,1.6769183,-0.4370144,-3.271486,-3.6039512,-0.59593856,92.28515625,1757.6150720019543,0.0784206877175174,0.14627086,rock
-120.68528,143.07184,-7.6867456,7.929114,7.069044,8.72994,4.260915,3.4722574,1.3707933,-2.204124,-4.0050716,-8.214248,-0.5997582,95.703125,1480.098326017747,0.06175908135150812,0.16607127,rock
-197.71742,141.08997,-46.00246,79.802605,-0.005292357,2.031936,2.1186452,-9.890151,0.23775488,-6.805803,-6.6068735,-9.632937,-6.459744,151.99908088235293,1479.6693057558161,0.07287172817575406,0.08843076,rock
-156.72374,143.54752,-60.719875,79.326744,-3.5467532,5.821229,-0.61282283,-12.654138,-1.0466862,-10.786538,-8.098361,-12.305404,-5.7295604,151.99908088235293,1608.768941813806,0.08133338167053364,0.10301492,rock
-163.2787,143.47336,-60.410355,78.59071,-1.9270276,6.5013137,-0.7305238,-11.975946,-0.030933106,-10.455976,-8.336944,-11.781544,-4.89085,151.99908088235293,1596.908158192443,0.08204371193445475,0.09926294,rock
-58.076286,87.70298,-11.852079,16.091522,5.9067674,9.777548,-4.477915,-4.827818,-4.919268,3.7759209,2.5566053,-1.0300545,-4.7457247,99.38401442307692,2558.999778017177,0.13187332330336426,0.14449434,rock
-118.25245,93.565506,-14.033332,14.940948,14.247307,0.6157137,-15.191803,-10.715419,-4.8607492,5.7487516,3.6520424,2.1032538,-2.6893277,103.359375,2363.839695227177,0.10592984157482599,0.09384222,rock
-73.069145,93.250275,-15.1550045,17.315487,10.809524,6.1100025,-8.673899,-4.3004956,0.7114586,5.3045187,1.7363425,2.1039977,-3.5884757,103.359375,2364.0099003107844,0.11613616589327146,0.12311423,rock
-61.97724,62.843708,-15.059811,33.97284,8.381654,-0.45517144,4.4111185,3.6248362,-3.22675,0.24461396,-0.04250759,-3.4053988,1.3442413,107.666015625,2933.435910129209,0.14399085520591648,0.13704322,rock
-62.767834,56.627403,-11.392074,29.724451,8.44296,4.091572,2.2462878,-1.6318021,-4.470166,0.5821388,-0.65273976,-0.8639205,0.7617917,112.34714673913044,3200.2168385172718,0.18041708961716937,0.13121347,rock
-50.287968,67.968376,-11.531734,32.072563,7.4861603,3.1015432,5.0304875,2.3456714,-0.43771294,2.4945374,-0.6776374,-2.8781035,1.6146187,112.34714673913044,2862.0115897874057,0.14329298687645012,0.14797361,rock
-91.65413,136.99963,-45.13179,39.312828,-9.280665,11.44074,-8.845481,6.225972,-4.177148,-3.049726,-3.9447715,-9.450286,-0.82897913,129.19921875,1654.3235392779454,0.08719388957366589,0.14673755,rock
-93.604195,137.0861,-41.616085,38.425606,-10.4524975,13.236425,-4.9124904,4.414469,-6.2769337,-2.2953804,-0.6555467,-10.869422,-5.1448827,129.19921875,1645.2701098214698,0.08302480604698376,0.1472038,rock
-95.0337,138.36316,-48.447044,35.65855,-8.395096,13.083044,-8.678769,5.984179,-0.7469137,-0.6504312,-2.745444,-8.354842,-3.4885855,129.19921875,1639.2228611754053,0.08500738652842227,0.1422924,rock
-246.81929,160.27586,-6.494245,39.697258,0.23289232,-5.0223002,0.1638447,10.133336,0.01877702,-9.2057905,1.5506272,2.1860573,-2.7589552,112.34714673913044,1079.1954438852215,0.049990483613689095,0.054877643,rock
-142.31798,106.04047,13.350616,30.766474,12.347125,2.4246628,1.6405623,11.017866,7.0506053,-0.5954102,5.4686956,1.308655,2.8169072,112.34714673913044,2355.2154368653273,0.09134258084396751,0.097546235,rock
-38.220154,82.18915,-0.13212058,22.743223,5.8931417,3.018973,-0.90490454,2.283218,2.61696,0.8264312,-1.9391137,-1.2520149,0.324394,112.34714673913044,2800.8437247387515,0.1320239994199536,0.15028428,rock
-103.10812,108.390785,18.46336,25.957426,3.6872694,10.745622,11.261449,2.4312642,3.5024035,3.2922468,2.1349335,3.7196054,1.6354145,123.046875,1987.506205124706,0.06535038428074245,0.16665295,rock
-169.1976,125.44314,21.714314,28.787518,0.7622657,9.628028,12.919947,6.9779224,-1.7663249,3.5257132,4.4322333,5.11152,7.5627685,123.046875,1564.254407173229,0.046142011673433875,0.12588227,rock
-162.7089,121.5573,21.41133,30.9787,2.54593,9.899874,11.514333,5.0843887,-1.9291617,3.0613725,3.6689312,2.1310322,6.948113,123.046875,1611.184584068075,0.048182370214617166,0.13049673,rock
-62.463703,63.845146,25.226116,24.955194,1.7816491,11.3630295,4.4217153,1.3097843,-2.3130379,0.96198374,1.9574051,5.8517976,0.3546561,172.265625,3160.5205091952093,0.1333030470562645,0.15356937,rock
-78.168175,67.28177,28.777365,30.494156,8.103552,10.496238,1.2312064,0.70597106,-0.35633945,0.063225694,2.1818686,5.1888537,-2.5248115,172.265625,2948.6069183015393,0.10808122462296983,0.15977019,rock
-58.50786,69.40764,21.547169,23.418848,5.9723287,9.528417,1.7490829,0.201622,1.5064955,4.1487575,5.4784966,4.0038886,-3.6488652,172.265625,2979.1078673921043,0.12065531648781902,0.1711663,rock
-100.05026,114.15549,-7.170647,12.768788,10.952042,-13.321783,4.6169033,-11.242979,-10.997549,-0.19004634,-8.46642,-8.179151,-5.7590938,129.19921875,1980.0040457052314,0.07100470381380511,0.17163272,rock
-264.61752,107.81863,18.719568,24.447304,17.790348,7.1955376,-0.8569366,-5.142079,-4.3106422,-1.9134042,-3.9760213,-7.8363285,-6.0013814,129.19921875,2122.0977549343074,0.0845712188225058,0.06458178,rock
-179.71432,89.35039,15.797563,20.560293,12.271455,4.772638,9.321487,-6.4903007,-8.922273,1.5881836,-3.01175,-2.8738022,-4.6023116,129.19921875,2464.8714532921963,0.10991539479408352,0.10327886,rock
-1.428074,49.18681,-11.211138,20.215849,15.353625,9.4387455,6.54413,6.032399,1.0686154,4.6907864,2.7608283,1.2504349,0.20390204,117.45383522727273,3429.478141167871,0.18897277407192575,0.18203916,rock
1.1848476,51.21416,-9.155262,21.329765,11.795512,6.7733765,3.1882715,2.9187217,0.38610613,5.697982,3.290627,1.4791348,-0.42366323,123.046875,3398.888272921068,0.19222533896461716,0.18404014,rock
12.247391,57.51025,-12.779159,17.58483,6.7281055,4.965118,5.4429436,4.7116365,-1.381927,5.0637197,4.1609025,0.76995355,1.9681255,117.45383522727273,3254.8870580675407,0.1805077218677494,0.20379767,rock
-146.66896,70.31123,-22.84989,4.302578,3.1268733,1.308358,-6.614834,-10.762967,-10.338256,-11.542883,-5.6721926,-4.669151,-8.268165,107.666015625,2846.9754361702053,0.14337682170823665,0.06471377,rock
-150.85336,83.42639,-12.112958,21.382545,6.730915,6.562568,-1.8144953,-3.3150842,-5.667769,-5.7674537,-4.7456145,-3.3232014,-6.0545855,73.828125,2445.650541230237,0.11243610426334107,0.074638724,rock
-171.22684,73.203384,-14.50208,23.34957,7.636637,10.254914,-3.919954,2.814241,-2.479406,-9.468509,-1.9122287,1.3265655,0.362387,107.666015625,2604.589446002319,0.14072016386310904,0.05682408,rock
-102.43891,128.2286,3.9025798,11.678203,4.6231017,-2.6620946,-2.3320324,-1.3351266,-5.296944,-3.7816317,-1.818597,-0.30249944,-0.839456,129.19921875,1750.5153037987427,0.06838203306264501,0.13583314,rock
-83.011,129.22966,0.21486485,11.463403,2.60596,-1.1915793,-1.7655358,-1.4337002,-4.590814,-3.659649,-1.7477574,-1.475173,0.59653187,172.265625,1720.8591732387313,0.06817471178944315,0.15324986,rock
-90.403534,132.53683,1.3318784,11.72594,2.5138922,-1.9796714,-2.5848548,0.22768442,-3.1459944,-3.111918,-1.0728532,0.14910132,1.4616512,129.19921875,1664.0115181205354,0.06280361803944315,0.1519008,rock
-14.976396,58.729904,5.978396,30.647089,5.9640365,11.110309,1.5191698,7.673045,-1.5671272,0.9650891,3.8727744,-0.24544644,1.4953847,135.99917763157896,3309.5636937094923,0.17418612238979117,0.16856994,rock
0.90167534,55.13028,0.8815714,28.042948,7.9545436,10.214427,-2.5663443,5.301818,-1.9245062,2.625508,5.3287272,-0.52394986,-0.31878003,135.99917763157896,3429.31814791503,0.19122611840197215,0.18184619,rock
-9.817305,64.77967,4.115834,28.332119,-1.4740018,9.506286,8.698477,9.793507,-0.67885786,5.3047757,2.94573,-1.4793986,2.0173984,135.99917763157896,3168.052099644788,0.1665197668938515,0.17609663,rock
-59.97917,68.06357,14.122041,5.328697,10.273558,9.004051,1.7087128,3.3725011,-1.5700746,-1.856919,-0.35981137,-1.6064581,-0.7345301,123.046875,3373.4713536089935,0.1638653748549884,0.12584868,rock
-64.42832,64.357925,18.888178,8.9086,8.495775,10.553716,2.0430725,3.8998945,-0.012160512,-2.344812,1.366719,-1.2876328,-0.094494954,123.046875,3488.3443139186265,0.16740229843387472,0.11976218,rock
-51.501476,62.3102,14.780274,2.0683396,3.8111572,10.096678,1.0286856,8.75774,-2.1460292,-1.9108578,6.34314,0.72412306,-0.13127877,123.046875,3602.992847241564,0.19314072469547564,0.12176357,rock
-138.24635,86.89093,24.016949,6.7428923,5.025044,5.999766,1.4331927,4.0411325,-5.4307733,0.3193862,-7.0571804,-1.8594338,-8.956024,117.45383522727273,2734.5531848538444,0.11441755184164733,0.0908727,rock
-156.27539,103.98074,25.974628,15.90748,6.0155883,3.837045,1.3819072,0.9033719,-8.235153,1.8160454,-3.6803656,-3.2609198,-4.4540496,135.99917763157896,2229.074505122421,0.08468904074825986,0.08066325,rock
-131.54054,100.15413,19.708445,8.641035,7.805083,5.0423694,0.4257865,-1.6484734,-0.87479717,0.47543907,0.35461053,-0.9307114,-4.2989764,117.45383522727273,2348.932490204036,0.09699350166763342,0.090528436,rock
-212.2302,102.32185,37.748535,14.157785,8.818195,9.50899,6.4019675,3.5859761,-1.6153374,-3.3667898,-2.0679872,1.4198496,-0.8722622,117.45383522727273,2262.9015958321156,0.08246175319025523,0.0557588,rock
-234.61307,91.033966,45.73297,22.508642,12.727302,13.004378,8.184093,2.087038,0.86407125,-0.39517513,-2.4484468,4.5075207,-0.116375916,117.45383522727273,2371.973594882281,0.07898374057424594,0.04674354,rock
-210.59454,89.771324,44.88623,11.553619,6.933656,16.212658,8.622614,1.5295027,-2.3304188,-2.0660663,-1.4187672,3.5219603,-1.6270305,117.45383522727273,2640.40924367889,0.0975667506525522,0.050936855,rock
-84.07718,85.44422,1.0486202,7.4700646,9.536765,9.140985,5.41211,0.20632206,0.28512332,-0.65102196,1.3998687,-2.8275294,-2.8861659,86.1328125,2794.298296225038,0.12905919192285384,0.10671145,rock
-94.42151,86.15418,0.33058292,12.867789,8.633028,6.515536,5.4387712,0.79984504,-0.92543477,-1.5156063,-0.8520274,-1.6902524,-3.166553,89.10290948275862,2694.6108083846016,0.1266438424448956,0.09449764,rock
-69.613,78.90243,-3.1603098,11.101263,13.095349,5.5750866,4.4085236,-0.7578672,0.019141672,-0.63250655,-0.8511473,-0.57432157,3.008619,89.10290948275862,2901.5955761787386,0.14765692974187936,0.108301215,rock
-172.66629,94.454796,37.430397,22.141773,8.994767,8.096927,3.0869143,0.27910408,-10.661476,-8.805577,-3.4935865,-2.7618954,-1.0129732,80.74951171875,2209.4954716187026,0.07626250725058005,0.09186784,rock
-216.94078,102.6721,50.999935,25.938942,16.932896,8.360863,1.6824173,-2.152139,-5.0088434,-8.477447,-4.387393,-6.56669,-3.9315205,80.74951171875,1905.0671799307834,0.05554510767111369,0.08392222,rock
-191.15034,98.224594,43.780525,23.284481,11.751668,8.90032,1.7022823,0.8053659,-8.927939,-10.05256,-7.8025312,-5.1721444,0.8571586,80.74951171875,2102.0585771590895,0.07518058475928074,0.088837035,rock
-202.56854,62.637856,41.719936,19.85624,10.072951,7.821527,3.898478,5.485456,-0.12827742,-2.0148885,-2.5432706,-5.1090055,-4.9519606,123.046875,3027.4976666639877,0.11878149470707657,0.06423036,rock
-217.3436,65.506065,44.669125,22.252047,13.7952795,9.107837,4.599156,3.1154919,-2.004612,0.22961865,0.20696558,-4.417763,-4.2132244,123.046875,2902.3610988439964,0.10384303400522042,0.06000325,rock
-216.90193,69.49026,49.158405,16.984148,11.538066,7.202039,4.6721845,3.9112198,-4.9603868,-4.828349,-2.5450165,-4.442908,-2.0184214,123.046875,2907.6133137371794,0.1025390625,0.056937173,rock
-337.7207,121.58329,55.421204,31.277462,24.752312,6.9076567,5.0831122,4.9808655,-0.5526283,-3.2809854,-5.8882117,3.1877446,2.8178747,129.19921875,1541.3396682726238,0.04250652552204176,0.047046043,rock
-278.50287,113.896164,36.034126,23.6497,14.167214,5.6705165,9.6194315,4.988748,-7.406509,1.8029703,2.718232,0.7455695,0.71986306,75.99954044117646,1774.2535855387491,0.06467064240139211,0.057620835,rock
-293.02408,114.266045,42.17637,23.35405,16.783108,10.307839,7.199548,2.163808,-4.4389763,4.095916,5.994716,4.521477,0.6572096,73.828125,1818.897248981514,0.06014129567865429,0.054423,rock
-150.05507,94.27466,-20.124542,41.39121,-5.1107616,37.9513,-23.444323,22.435993,-18.982134,10.079959,-15.804918,7.945933,-11.139975,103.359375,2303.7567899010987,0.10428599912993039,0.08763905,rock
-98.829155,108.6223,-36.730953,43.918095,-16.422937,23.788721,-21.48368,21.848415,-27.760069,10.595213,-16.270657,4.05023,-12.006745,151.99908088235293,2132.058993306953,0.1076167343387471,0.12260393,rock
-108.74963,112.02012,-32.296013,42.59624,-19.937471,27.005016,-19.254332,22.06835,-27.703777,12.945645,-14.64657,7.1811533,-13.520693,151.99908088235293,2110.0456839386607,0.10656313442575406,0.11048984,rock
-105.88473,101.042885,-34.335377,52.326927,-23.469309,29.100456,-17.814333,24.44312,-14.417417,18.001896,-8.5541315,9.792434,-9.364258,123.046875,2371.9935035316644,0.13011732344837587,0.10400375,rock
-97.43194,107.33829,-39.745243,53.998665,-18.412401,26.514143,-18.04258,25.67573,-10.901265,17.159355,-11.584621,11.463814,-9.859019,123.046875,2214.136563307003,0.1260773908787703,0.11524092,rock
-83.99866,105.01082,-38.899216,53.627193,-22.200176,28.90246,-18.515154,26.019518,-10.268372,16.3858,-9.157172,10.796065,-8.539076,129.19921875,2296.5010707978254,0.13033144214037123,0.12424607,rock
-328.6055,87.7476,-5.754271,57.743553,-2.4039288,13.939777,-24.835638,22.963675,-16.886091,13.71005,-11.836135,2.9218726,-15.810454,78.30255681818181,2273.8787523327996,0.09298189167633411,0.019356932,rock
-218.67902,106.36161,-34.322796,41.22934,-7.65093,13.066836,-21.807446,20.453236,-27.661787,4.6753473,-6.369487,-0.6266595,-12.636025,75.99954044117646,2085.9810905725126,0.11427027443445475,0.05233947,rock
-191.51001,95.73933,-28.014746,42.250004,-4.903917,22.017784,-19.42315,19.025364,-24.317451,7.171208,-13.0227,3.3631654,-13.611791,151.99908088235293,2268.008927998983,0.11356787449245939,0.057122782,rock
-125.721634,90.02975,-18.909592,56.063633,-13.875387,14.881265,-22.898026,26.115183,-17.527376,18.816801,-16.147482,8.680685,-13.880775,103.359375,2565.4338111689144,0.14097846577726217,0.086036325,rock
-126.412285,95.329185,-7.9708257,51.247517,-17.155989,19.285902,-18.02686,24.70739,-20.45086,13.610684,-11.702853,11.309913,-10.680355,107.666015625,2405.153384857703,0.11612257105568445,0.10156373,rock
-120.39164,100.63966,-3.6072304,54.246338,-11.957033,20.750208,-18.340609,26.733147,-19.687235,15.293938,-11.202572,9.600225,-11.644916,103.359375,2271.420421649182,0.1019454212587007,0.1124829,rock
-119.93686,90.52024,-17.094198,51.81933,-12.529268,29.487333,-18.365004,25.41618,-25.773066,16.292347,-17.116535,9.518812,-8.307713,129.19921875,2505.0089417442014,0.11850506634280743,0.08881604,rock
-129.3996,90.82292,-11.524944,54.513405,-11.027434,32.962875,-17.418573,24.531954,-26.376713,17.40965,-16.914137,10.874719,-7.9922724,123.046875,2519.731680055431,0.12329158207656613,0.087980546,rock
-114.42465,94.60611,-16.147285,53.219566,-11.309577,31.153582,-17.317326,23.245674,-22.786499,18.275253,-14.217781,11.366032,-10.181465,123.046875,2375.9624273864415,0.11226163718097448,0.096535206,rock
-212.58002,93.101265,-13.919974,55.815292,-11.793728,20.840189,-25.875515,18.691154,-33.71668,12.951045,-12.3120985,4.7084775,-4.09167,172.265625,2421.5030685784177,0.12464540131960557,0.041875187,rock
-211.51935,88.55614,-8.937127,54.975483,-11.49208,22.006971,-26.090021,22.222784,-34.03572,10.545461,-11.168625,4.354036,-4.3158627,172.265625,2513.371943547183,0.12805204103828308,0.046057824,rock
-187.82516,76.941025,-14.214017,55.848534,-13.873684,21.171774,-33.530148,17.971956,-29.359592,10.780737,-14.334117,5.2973146,-5.50306,172.265625,2771.779969787979,0.1595648745649652,0.052982803,rock
-190.08063,79.38955,-25.140615,69.83202,-11.069951,27.692942,-23.264067,18.638742,-22.117718,3.761652,-19.046576,1.1228055,-6.4190335,112.34714673913044,2522.114084355156,0.14634049630220416,0.057344664,rock
-214.66383,73.03786,-10.4157505,70.63204,-11.185571,26.545383,-15.425914,20.61205,-23.619734,7.829916,-23.12721,3.1014078,-5.6798,172.265625,2585.977228367452,0.1421997353538283,0.051897474,rock
-205.63284,78.868965,-12.467968,63.684555,-7.847594,23.998985,-15.027478,16.978205,-22.83288,4.8832455,-21.408072,1.4655951,-5.3749976,172.265625,2425.9720097061095,0.12812114812935035,0.0528545,rock
-96.1823,102.27634,-13.33385,51.0623,-12.32423,35.976364,-9.255912,24.106401,-12.299691,18.89999,-5.773128,12.329877,-10.580337,112.34714673913044,2133.860053145798,0.09860109121229699,0.14609115,rock
-88.33627,114.126305,-16.043777,47.804615,-10.171537,33.534355,-11.203814,22.789494,-13.047172,17.454592,-6.2161,11.862542,-11.307049,112.34714673913044,1901.56146868103,0.07967821019431555,0.15725672,rock
-55.361805,113.71293,-22.339622,42.986916,-13.610072,30.787287,-14.961944,24.270002,-15.911487,19.314318,-9.112173,15.195362,-13.13886,112.34714673913044,2040.5610634060793,0.09357553291763342,0.17893086,rock
-111.824684,111.274216,3.6386971,46.442547,-7.1656513,31.920502,-14.66982,20.035545,-12.418588,17.8117,-7.7177105,11.007159,-10.76195,103.359375,1909.2583891825866,0.07220671403712298,0.15184915,rock
-102.49303,117.1008,0.91373974,48.181328,-8.542741,27.531235,-16.199842,19.547451,-13.263409,13.042197,-7.687925,13.786859,-10.220678,103.359375,1835.4445102288137,0.07389700551044083,0.16080128,rock
-72.17961,109.51499,-11.306761,47.037804,-15.91266,30.379263,-15.025205,21.417856,-12.842599,19.123486,-8.687848,11.30435,-13.070247,103.359375,2057.863258306298,0.09872571055684455,0.18313296,rock
-57.62047,106.314835,-16.458282,46.723255,-16.011251,33.237495,-17.447424,24.667767,-15.462153,16.999428,-11.567286,12.335702,-11.870863,95.703125,2192.630373062952,0.10713751631380511,0.17518789,rock
-66.507484,102.954315,-18.956993,53.538,-16.022825,31.928429,-16.997572,26.736042,-14.034061,17.415192,-12.184439,12.462627,-8.594512,95.703125,2241.5271842544644,0.11538278531032482,0.15804835,rock
-61.477585,102.079735,-15.961493,48.15649,-13.072289,30.537504,-17.874542,23.060234,-14.584968,20.186682,-11.860738,10.21643,-9.514203,95.703125,2238.888619291629,0.10681577182424594,0.17398514,rock
-89.97828,107.59502,-13.127021,55.622734,-17.922794,34.031616,-14.698449,18.824808,-6.0284133,14.447256,-9.426626,11.454573,-9.134232,112.34714673913044,2106.88538863553,0.08875049847737819,0.15305178,rock
-95.63276,96.62397,-12.386363,60.42559,-13.975162,34.348038,-14.136202,20.722765,-11.9349985,12.98396,-14.517519,8.013487,-11.10472,112.34714673913044,2253.514148067738,0.09329910455336426,0.1356029,rock
-65.91591,109.35201,-18.125849,56.449608,-13.215011,30.002674,-15.305984,19.72047,-11.779438,13.765643,-12.826047,7.3895974,-9.522,112.34714673913044,2060.66598642567,0.09107181699535963,0.17201541,rock
-126.85798,93.82069,-1.9062517,52.095726,-12.641187,36.53976,-16.61588,21.56188,-10.461339,17.697609,-7.416778,10.007553,-12.664998,161.4990234375,2262.4790311700294,0.1073142492024362,0.11997411,rock
-106.82613,96.52193,-6.724809,50.27924,-11.366716,32.159313,-16.954538,23.765676,-13.511738,17.244614,-9.664638,8.525956,-15.572535,123.046875,2282.187562741994,0.11224124492459396,0.13170503,rock
-107.37897,94.343315,-3.5239987,52.75435,-17.172672,34.099636,-19.018108,22.073427,-13.040098,16.490597,-10.408829,11.220719,-12.035447,117.45383522727273,2359.778880848345,0.11451951312354988,0.12831771,rock
-129.25253,117.0979,-7.057496,48.994343,-3.2517385,31.075645,-13.587617,19.294657,-11.138148,10.389617,-6.8088994,10.207906,-9.762514,95.703125,1834.2893057011229,0.08563841357308585,0.1454416,rock
-130.71564,126.56259,-10.667448,44.015198,-11.118765,32.57114,-11.196908,22.057833,-11.51175,6.753357,-4.758287,7.4387755,-7.0180125,95.703125,1620.497389668839,0.0653515171838747,0.1499114,rock
-137.76869,131.01283,-11.897805,46.93992,-5.048598,28.551147,-9.173416,20.409775,-11.491008,11.468676,-6.3904986,6.2712,-9.83921,95.703125,1523.427194013624,0.062313070983178655,0.1419784,rock
-124.61975,100.86135,-1.4350946,44.35103,-8.63937,28.528515,-9.359735,25.28097,-14.223735,19.722162,-9.546471,14.713767,-11.26986,107.666015625,2163.8589127602463,0.09869738797853829,0.11964158,rock
-105.465195,101.298195,-10.783814,45.29907,-9.843459,25.41348,-11.950504,24.734045,-13.733265,18.91917,-11.527573,13.461796,-12.728014,107.666015625,2199.70974070257,0.10813560397331787,0.12369974,rock
-82.2824,104.09762,-19.313452,41.850357,-16.559116,27.290712,-9.127162,25.5022,-15.11563,20.947145,-10.983006,10.281496,-14.522278,107.666015625,2200.142378639895,0.11117178436774942,0.1422386,rock
-159.9464,113.02552,6.9172134,38.439266,-8.474758,40.07766,-13.814264,17.680233,-6.2564297,13.962648,-5.122584,10.533482,-8.290349,99.38401442307692,1839.9069253510975,0.07187703922563805,0.1232027,rock
-118.393616,112.47437,-5.6153603,44.917965,-1.947608,30.883087,-17.85587,23.703096,-11.796879,16.476648,-9.514864,9.001409,-6.3107553,99.38401442307692,1830.6322931219659,0.0658239377900232,0.15878162,rock
-116.048805,109.42345,-9.59025,43.791275,-0.90001476,34.69431,-22.83517,19.83727,-10.963729,15.730324,-7.3707256,9.445979,-7.6498833,198.76802884615384,1962.869682091841,0.07708046331206496,0.15084237,rock
-98.41022,115.7998,-23.133343,48.579876,-19.264471,27.03604,-20.946363,18.533344,-10.891197,14.239867,-14.233573,12.046409,-13.287768,123.046875,2091.9068545757964,0.10321200696055685,0.11145804,rock
-94.692505,112.48492,-26.12242,45.8297,-19.158878,30.09554,-18.315098,16.615274,-18.069588,15.868374,-17.694609,10.109288,-14.352603,123.046875,2161.745000736416,0.10561149579466357,0.1142539,rock
-81.97081,109.00573,-33.724255,50.468216,-21.337677,26.975636,-17.343895,18.110977,-11.459404,14.060926,-14.660633,13.249649,-10.951054,123.046875,2192.8381562694244,0.11795674122679814,0.12392806,rock
-104.2158,96.19265,-29.383755,48.03422,-23.09375,26.697834,-21.580727,19.019861,-15.751373,17.00973,-22.824913,10.37457,-9.600403,117.45383522727273,2517.2103746166927,0.1419289715052204,0.094372,rock
-85.30001,93.65199,-25.61501,50.367477,-22.290417,31.200787,-21.653868,19.317455,-17.427694,15.67182,-23.432758,13.922321,-13.269196,117.45383522727273,2662.7087306995872,0.15892818300464037,0.103911005,rock
-76.46809,93.35663,-17.242582,48.51683,-21.494627,27.921282,-20.22953,20.351988,-14.884782,18.03522,-20.291609,10.537039,-15.400572,117.45383522727273,2637.8485763885424,0.14698738399071926,0.114391685,rock
-138.33173,79.702255,-31.024538,45.803528,-24.49019,21.704489,-24.197878,13.641377,-17.00471,18.355803,-17.02877,8.858177,-11.269316,117.45383522727273,2828.722010087862,0.1614998731148492,0.07953502,rock
-117.03938,92.269646,-35.67716,37.2573,-29.665968,20.781227,-21.790176,12.732537,-17.575916,16.25118,-16.678728,8.820059,-9.368533,117.45383522727273,2496.8836758542507,0.12818119199535963,0.09617401,rock
-109.70777,97.70997,-34.71325,43.852512,-24.613907,27.538292,-15.761126,17.641787,-15.328891,17.462973,-18.002901,10.559977,-10.555053,117.45383522727273,2334.906429250853,0.11794314638921113,0.10474588,rock
-113.52883,79.63286,-26.451752,46.620617,-22.726358,31.435896,-20.156908,24.401064,-18.069237,21.231709,-18.691786,17.119148,-8.532252,99.38401442307692,2901.7969793901225,0.17187160129060325,0.084667854,rock
-98.041336,78.75379,-25.02357,42.848293,-20.608522,28.952282,-20.061293,23.84206,-16.362797,21.801937,-19.47266,13.5961485,-13.684387,99.38401442307692,2962.3262648299647,0.18164402370939675,0.091326036,rock
-75.48871,77.169266,-27.725222,43.856255,-24.594345,29.421732,-25.042297,24.167053,-15.890503,18.882006,-21.290607,11.485643,-16.168472,99.38401442307692,3063.6850313844943,0.19665045859918792,0.10351988,rock
-126.19902,105.04836,-4.986965,59.45279,-12.240162,26.365778,-19.286009,21.40279,-15.193167,14.272258,-17.663366,12.186891,-14.313375,123.046875,2146.088604148344,0.08871424557714618,0.100847535,rock
-119.27092,107.45949,-13.853279,57.13922,-15.096465,26.738503,-15.224072,17.805346,-15.632915,12.684907,-15.45395,11.201117,-11.336914,123.046875,2123.2755697264847,0.09679297781322506,0.097044975,rock
-112.41091,110.212135,-14.240091,59.267773,-11.72267,27.590649,-18.658098,19.119474,-16.268894,14.008255,-17.117533,12.450292,-11.179221,123.046875,2076.689962150709,0.09250833816705337,0.10696512,rock
-103.64264,93.27545,-12.519732,47.022575,-9.37127,33.046795,-21.644217,20.768507,-15.401289,16.772644,-17.269218,17.075308,-11.751085,129.19921875,2544.81278378574,0.1324850909947796,0.102016084,rock
-101.73751,98.12475,-16.706074,43.62565,-15.732363,33.213245,-16.78748,20.648682,-16.954971,17.4449,-17.381157,12.577261,-15.45124,129.19921875,2467.5580173823632,0.12671408243909513,0.102182746,rock
-77.93576,84.773674,-24.055517,46.404934,-22.484945,32.101967,-16.110552,23.795595,-15.318154,16.653252,-20.692127,10.802999,-19.613503,129.19921875,2733.0421250657655,0.15764007214327147,0.115875565,rock
-227.1767,93.610344,-43.71256,35.042706,-25.708868,11.921674,-25.148932,7.2781377,-23.083565,2.623009,-23.567362,-4.123393,-14.169671,184.5703125,2328.3042046248365,0.13293938515081208,0.041444432,rock
-167.1494,106.89886,-31.477648,53.00408,-11.1875925,25.485014,-19.903816,16.823336,-11.616806,12.988118,-12.464871,8.232127,-9.472321,184.5703125,2138.2108738843444,0.10746719112529002,0.07145426,rock
-163.73209,98.73166,-36.521225,47.5589,-18.705942,28.780998,-17.996017,19.349665,-13.817528,19.457787,-16.122625,4.605415,-15.834431,184.5703125,2303.6904062845283,0.12190037703016242,0.07588993,rock
-82.96826,92.46007,-48.833664,53.905773,-13.075365,24.039267,-20.316896,15.652951,-16.38372,15.505576,-11.479257,11.722805,-11.551034,89.10290948275862,2535.5941975452183,0.1593654836136891,0.11261103,rock
-179.61157,92.842354,-36.75261,50.03258,-13.692203,17.966623,-17.215027,12.785976,-17.922827,11.562683,-11.054239,7.2351003,-10.888545,129.19921875,2412.8393833869086,0.143075469475058,0.071981,rock
-220.19664,84.49266,-24.174948,41.99863,-14.353631,13.203583,-23.010948,18.39387,-29.73687,9.105905,-13.570573,6.781544,-9.556833,129.19921875,2614.215702171807,0.1357671113689095,0.04392106,rock
-60.064354,103.04272,-31.233444,46.984715,-5.782799,24.684536,-21.728199,30.640593,-19.317984,22.620155,-13.364072,10.073331,-10.46918,129.19921875,2283.418804390286,0.12081618873259861,0.16065323,rock
-36.930557,104.1805,-39.419754,42.8884,-14.337818,23.516253,-23.563911,26.596666,-19.801613,21.182728,-16.271797,12.19248,-11.938105,135.99917763157896,2337.9054308191453,0.1301717027987239,0.16758628,rock
-31.427135,102.13965,-40.306694,44.067158,-16.217182,28.883947,-23.107403,28.142202,-19.0627,21.018642,-16.481884,13.319977,-12.673215,129.19921875,2382.6451759810957,0.13409041473317865,0.1682905,rock
-119.42911,90.04956,-59.193413,45.919075,-19.822365,21.815832,-20.991812,19.42702,-12.443414,13.045137,-12.563351,10.733536,-10.807267,92.28515625,2541.6433050861656,0.1619303763051044,0.07930007,rock
-128.75258,82.140114,-45.944138,50.870857,-18.02506,21.040047,-25.11672,17.537592,-13.722874,13.685717,-13.318359,12.979741,-15.21942,92.28515625,2625.211142396424,0.159636247462297,0.08129389,rock
-107.89285,82.44748,-48.117268,43.8446,-17.693226,22.110971,-21.17327,15.415234,-14.940196,13.901211,-15.5633745,12.199663,-13.741229,92.28515625,2607.4996356704087,0.16265656721287702,0.10767968,rock
-170.98749,129.92035,-23.19922,46.36244,-11.257216,26.208984,-4.5807247,17.91211,-7.2828608,8.201046,-7.483211,5.6841736,-5.8877034,107.666015625,1550.904521588292,0.06744059055974477,0.09679116,rock
-151.14465,132.96553,-26.385296,45.632683,-11.29351,25.468279,-9.230297,16.224937,-10.128308,8.696715,-9.586883,6.9092116,-5.9166183,112.34714673913044,1576.5258027389227,0.06804442792923433,0.11189093,rock
-147.1392,130.03247,-26.693726,39.020023,-14.474605,25.139917,-10.611694,19.30787,-9.002208,12.322467,-8.469403,5.1914415,-9.714097,107.666015625,1703.2739057958324,0.08398550790313225,0.10662173,rock
-134.74246,69.69701,-14.991873,50.814426,-32.632576,33.448387,-17.336533,24.142033,-19.747513,8.817731,-15.729421,7.0739717,-13.343784,123.046875,2748.135581784388,0.13525957076566125,0.110244274,rock
-71.97786,92.00976,-33.988125,40.540897,-37.26811,28.457752,-18.137156,25.069542,-15.286699,7.3554144,-14.65417,1.3109862,-19.02739,123.046875,2405.277302496153,0.11857077472447795,0.17591101,rock
-61.724842,98.83261,-25.962633,51.708668,-32.81089,28.14663,-25.555656,17.275482,-16.904497,5.060921,-11.273077,15.636302,-7.6075115,123.046875,2332.563861611804,0.10736409694025523,0.17720664,rock
-74.543396,100.325615,-45.615383,48.403984,-18.235668,24.948643,-18.26358,22.722008,-23.38404,23.476463,-18.367601,14.750046,-11.649638,143.5546875,2493.0042141919303,0.1513332004060325,0.10713143,rock
-74.62196,101.831154,-48.32676,48.987953,-18.861477,25.44604,-13.255411,24.721205,-22.712734,22.69907,-16.817085,14.772804,-11.77527,143.5546875,2437.62436909508,0.1473578433149652,0.108856015,rock
-74.38025,98.96473,-48.817547,52.057354,-18.823679,24.085451,-16.81717,24.878088,-23.039255,24.416292,-16.266954,15.870806,-11.655639,143.5546875,2491.1787391622925,0.15111455010150812,0.108484544,rock
-75.40539,95.73003,-52.445087,48.075924,-15.61228,19.763443,-23.069103,16.32541,-21.430752,13.821715,-19.596064,10.449944,-14.197186,129.19921875,2428.2824732497756,0.1476172781322506,0.10295755,rock
-74.1313,96.09952,-51.145454,47.057243,-18.661028,21.520124,-24.242035,17.861591,-23.741262,14.850634,-20.294123,13.709196,-15.8591385,129.19921875,2463.656368574696,0.15005981728538284,0.105455846,rock
-61.959038,92.175,-48.80796,47.20059,-15.499381,20.12405,-25.99207,16.217194,-22.770014,15.975501,-21.711605,13.633636,-15.517741,89.10290948275862,2521.7882786945524,0.1542628879060325,0.11181814,rock
-121.04337,122.69383,-54.80983,41.49081,-8.839875,17.61716,-15.951287,19.58746,-15.759894,15.89804,-9.276898,6.380339,-15.692678,103.359375,1892.6161983862323,0.09744553001740139,0.102618046,rock
-118.63596,122.2393,-50.680992,45.12761,-2.8098893,18.93928,-15.242194,19.591278,-18.169317,15.327702,-12.624868,6.530484,-15.038596,103.359375,1856.8019961359719,0.09077726218097448,0.11034266,rock
-104.91514,113.301506,-46.917778,41.56219,-8.749867,22.884653,-19.72385,19.296436,-18.57887,21.000704,-10.935687,7.41184,-16.796522,103.359375,2070.028085315789,0.10640226218097448,0.1039491,rock
-75.33849,79.82292,-52.992794,55.480984,-10.011044,25.878641,-17.982353,22.620214,-21.513674,15.759404,-19.813875,5.789362,-21.38844,112.34714673913044,2644.164551267205,0.1601721106438515,0.114657134,rock
-94.50765,78.20957,-47.738598,55.26024,-9.505988,28.699133,-16.41558,23.58902,-18.207611,17.76381,-17.929771,7.5358534,-19.20226,112.34714673913044,2686.104382881603,0.1524932932134571,0.09352886,rock
-101.137985,82.322235,-38.546776,57.52349,-4.9906826,28.001808,-17.77245,22.864141,-13.226561,21.863045,-14.733437,9.804984,-17.452875,107.666015625,2557.4570665932833,0.12654754567865428,0.097297244,rock
-176.17952,107.251175,-21.60284,58.99507,-6.291401,18.516098,-16.366375,16.39941,-21.672148,15.852493,-13.592986,11.735134,-11.957608,103.359375,2020.6915564478645,0.08684382250580046,0.06679518,rock
-163.29579,114.95244,-23.62126,57.06231,-8.742849,22.030212,-12.659901,19.31275,-21.518723,16.430733,-9.293268,12.281905,-13.578991,103.359375,1883.298601660157,0.07976770954176333,0.078227006,rock
-121.94185,108.174446,-24.665735,61.53897,-8.138256,19.16172,-20.984629,19.102343,-23.988302,14.451274,-14.787043,13.527713,-11.900738,103.359375,2120.2611691868688,0.10073661361658932,0.09301687,rock
-195.65096,115.896065,-24.55741,47.653088,-6.7970443,22.636173,-15.72028,19.288307,-20.061893,9.805738,-9.204418,13.595026,-14.99173,112.34714673913044,1935.858469704014,0.08202558548433875,0.051581834,rock
-117.167,115.57682,-36.5036,49.050644,-9.225673,23.454857,-19.718441,20.629139,-23.99302,12.923703,-14.233729,15.855081,-17.650736,117.45383522727273,2058.568293140951,0.10837011492169374,0.086712606,rock
-115.02063,117.82312,-36.041943,51.135124,-9.705029,23.031258,-20.022148,20.911022,-22.734785,10.152994,-16.00111,13.189335,-16.940477,117.45383522727273,2023.239952913325,0.1020394522186775,0.09077622,rock
-156.23328,123.50299,-38.977608,54.690166,-10.579122,22.849571,-11.146525,19.01747,-17.06451,6.292725,-12.886786,11.592014,-16.738241,129.19921875,1850.4800986268806,0.09473902443445475,0.07256965,rock
-126.31745,110.47047,-45.03936,51.4977,-16.166145,26.372913,-11.282246,19.834658,-18.7477,9.233342,-18.28412,12.132016,-17.041222,129.19921875,2161.0778959946488,0.12418770845417633,0.077174135,rock
-92.94659,112.0269,-60.273937,52.68664,-14.05389,16.399664,-15.190446,21.87146,-19.605232,15.189829,-17.231922,8.068912,-20.376514,129.19921875,2219.940219414233,0.14587827182424595,0.094738394,rock
-200.98119,126.20764,-13.188262,64.05088,13.0198145,26.628727,-13.656492,17.066723,-8.017843,15.943052,-13.359341,6.8680906,-11.501518,215.33203125,1364.3449278175626,0.04558009171983759,0.09481383,rock
-162.91974,124.22266,-25.009153,57.073257,8.397992,23.18949,-12.395995,18.842106,-11.949843,16.557098,-8.264727,12.291297,-11.9371195,73.828125,1607.3865239257436,0.06426619598317865,0.100532584,rock
-313.73584,124.00946,6.22097,50.837673,8.229892,13.157208,-5.9682865,12.057624,-6.1184506,7.272885,-6.608526,5.0047417,-7.580196,107.666015625,1224.8158835732859,0.035971940255220415,0.055900123,rock
-257.21103,122.03897,-23.428373,51.285255,4.3481297,29.75482,-5.7322445,18.556282,-7.0538015,16.458862,-0.38758796,8.356086,-13.581723,123.046875,1549.0686617472852,0.07797205807714618,0.054100152,rock
-221.25838,128.92293,-20.93692,48.742226,-5.7075443,22.878458,-5.3380876,13.804947,-16.782114,19.740477,-5.0735564,10.506949,-17.272617,123.046875,1596.3299285062496,0.06798664986948956,0.053426668,rock
-227.33447,121.047646,-23.533022,58.957386,-3.2227616,21.657387,-10.391109,12.557463,-14.752223,14.185766,-3.6274223,11.637217,-14.432535,123.046875,1682.7350017411889,0.0824345635150812,0.055624552,rock
